Task_ID,Snapshot_Date,Status,Progress_Percentage,Blocked_Flag,Delay_Days,Forecast_End_Date,Delay_Reason,Risk_Level,Open_Issues,Actual_End_Date,Actual_Cost
ENG-001,2026-12-07,Not Started,0.0,False,0.0,2027-01-09,,Low,0,,0.0
ENG-001,2026-12-14,Not Started,0.0,False,0.0,2027-01-09,,Low,0,,0.0
ENG-001,2026-12-21,Not Started,0.0,False,0.0,2027-01-09,,Low,1,,0.0
ENG-001,2026-12-28,In Progress,21.8,False,0.0,2027-01-08,,Low,0,,6493.0
ENG-001,2027-01-04,In Progress,81.4,False,0.0,2027-01-08,,Low,0,,24243.0
ENG-001,2027-01-11,Completed,100.0,False,0.0,2027-01-06,,Low,0,2027-01-06,29783.0
ENG-001,2027-01-18,Completed,100.0,False,0.0,2027-01-06,,Low,0,2027-01-06,29783.0
ENG-001,2027-01-25,Completed,100.0,False,0.0,2027-01-06,,Low,2,2027-01-06,29783.0
ENG-001,2027-02-01,Completed,100.0,False,0.0,2027-01-06,,Low,0,2027-01-06,29783.0
ENG-001,2027-02-08,Completed,100.0,False,0.0,2027-01-06,,Low,1,2027-01-06,29783.0
ENG-001,2027-02-15,Completed,100.0,False,0.0,2027-01-06,,Low,1,2027-01-06,29783.0
ENG-001,2027-02-22,Completed,100.0,False,0.0,2027-01-06,,Low,0,2027-01-06,29783.0
ENG-002,2026-12-07,Not Started,0.0,False,0.0,2026-12-30,,Low,1,,0.0
ENG-002,2026-12-14,Not Started,0.0,False,0.0,2026-12-30,,Low,0,,0.0
ENG-002,2026-12-21,Not Started,0.0,False,0.0,2026-12-30,,Low,0,,0.0
ENG-002,2026-12-28,In Progress,63.6,False,0.0,2026-12-30,,Low,2,,82355.0
ENG-002,2027-01-04,Completed,100.0,False,1.0,2026-12-31,Vendor Delay,Medium,0,2026-12-31,129488.0
ENG-002,2027-01-11,Completed,100.0,False,1.0,2026-12-31,Vendor Delay,Medium,2,2026-12-31,129488.0
ENG-002,2027-01-18,Completed,100.0,False,1.0,2026-12-31,Vendor Delay,Medium,1,2026-12-31,129488.0
ENG-002,2027-01-25,Completed,100.0,False,1.0,2026-12-31,Vendor Delay,Medium,0,2026-12-31,129488.0
ENG-002,2027-02-01,Completed,100.0,False,1.0,2026-12-31,Vendor Delay,Medium,0,2026-12-31,129488.0
ENG-002,2027-02-08,Completed,100.0,False,1.0,2026-12-31,Vendor Delay,Medium,0,2026-12-31,129488.0
ENG-002,2027-02-15,Completed,100.0,False,1.0,2026-12-31,Vendor Delay,Medium,0,2026-12-31,129488.0
ENG-002,2027-02-22,Completed,100.0,False,1.0,2026-12-31,Vendor Delay,Medium,0,2026-12-31,129488.0
ENG-003,2026-12-07,In Progress,0.0,False,2.0,2026-12-28,Design/Technical Issue,High,3,,0.0
ENG-003,2026-12-14,In Progress,24.4,False,2.0,2026-12-28,Design/Technical Issue,High,1,,14892.0
ENG-003,2026-12-21,In Progress,70.9,False,2.0,2026-12-28,Design/Technical Issue,High,0,,43271.0
ENG-003,2026-12-28,In Progress,99.6,False,2.0,2026-12-28,Design/Technical Issue,High,1,,60787.0
ENG-003,2027-01-04,Completed,100.0,False,5.0,2026-12-31,Design/Technical Issue,High,3,2026-12-31,61031.0
ENG-003,2027-01-11,Completed,100.0,False,5.0,2026-12-31,Design/Technical Issue,High,0,2026-12-31,61031.0
ENG-003,2027-01-18,Completed,100.0,False,5.0,2026-12-31,Design/Technical Issue,High,1,2026-12-31,61031.0
ENG-003,2027-01-25,Completed,100.0,False,5.0,2026-12-31,Design/Technical Issue,High,3,2026-12-31,61031.0
ENG-003,2027-02-01,Completed,100.0,False,5.0,2026-12-31,Design/Technical Issue,High,1,2026-12-31,61031.0
ENG-003,2027-02-08,Completed,100.0,False,5.0,2026-12-31,Design/Technical Issue,High,4,2026-12-31,61031.0
ENG-003,2027-02-15,Completed,100.0,False,5.0,2026-12-31,Design/Technical Issue,High,1,2026-12-31,61031.0
ENG-003,2027-02-22,Completed,100.0,False,5.0,2026-12-31,Design/Technical Issue,High,2,2026-12-31,61031.0
ENG-004,2026-12-07,Not Started,0.0,False,0.0,2026-12-30,,Low,0,,0.0
ENG-004,2026-12-14,In Progress,0.4,False,0.0,2026-12-29,,Low,0,,412.0
ENG-004,2026-12-21,In Progress,24.3,False,0.0,2026-12-29,,Low,0,,25040.0
ENG-004,2026-12-28,In Progress,92.9,False,0.0,2026-12-29,,Low,0,,95729.0
ENG-004,2027-01-04,Completed,100.0,False,3.0,2027-01-02,Design/Technical Issue,High,2,2027-01-02,103045.0
ENG-004,2027-01-11,Completed,100.0,False,3.0,2027-01-02,Design/Technical Issue,High,1,2027-01-02,103045.0
ENG-004,2027-01-18,Completed,100.0,False,3.0,2027-01-02,Design/Technical Issue,High,4,2027-01-02,103045.0
ENG-004,2027-01-25,Completed,100.0,False,3.0,2027-01-02,Design/Technical Issue,High,0,2027-01-02,103045.0
ENG-004,2027-02-01,Completed,100.0,False,3.0,2027-01-02,Design/Technical Issue,High,4,2027-01-02,103045.0
ENG-004,2027-02-08,Completed,100.0,False,3.0,2027-01-02,Design/Technical Issue,High,1,2027-01-02,103045.0
ENG-004,2027-02-15,Completed,100.0,False,3.0,2027-01-02,Design/Technical Issue,High,1,2027-01-02,103045.0
ENG-004,2027-02-22,Completed,100.0,False,3.0,2027-01-02,Design/Technical Issue,High,1,2027-01-02,103045.0
ENG-005,2026-12-07,Not Started,0.0,False,0.0,2026-12-17,,Low,0,,0.0
ENG-005,2026-12-14,In Progress,54.7,False,1.0,2026-12-18,Vendor Delay,High,3,,16988.0
ENG-005,2026-12-21,Completed,100.0,False,3.0,2026-12-20,Vendor Delay,High,3,2026-12-20,31056.0
ENG-005,2026-12-28,Completed,100.0,False,3.0,2026-12-20,Vendor Delay,High,3,2026-12-20,31056.0
ENG-005,2027-01-04,Completed,100.0,False,3.0,2026-12-20,Vendor Delay,High,1,2026-12-20,31056.0
ENG-005,2027-01-11,Completed,100.0,False,3.0,2026-12-20,Vendor Delay,High,1,2026-12-20,31056.0
ENG-005,2027-01-18,Completed,100.0,False,3.0,2026-12-20,Vendor Delay,High,2,2026-12-20,31056.0
ENG-005,2027-01-25,Completed,100.0,False,3.0,2026-12-20,Vendor Delay,High,4,2026-12-20,31056.0
ENG-005,2027-02-01,Completed,100.0,False,3.0,2026-12-20,Vendor Delay,High,1,2026-12-20,31056.0
ENG-005,2027-02-08,Completed,100.0,False,3.0,2026-12-20,Vendor Delay,High,1,2026-12-20,31056.0
ENG-005,2027-02-15,Completed,100.0,False,3.0,2026-12-20,Vendor Delay,High,1,2026-12-20,31056.0
ENG-005,2027-02-22,Completed,100.0,False,3.0,2026-12-20,Vendor Delay,High,1,2026-12-20,31056.0
ENG-006,2026-12-07,Not Started,0.0,False,0.0,2026-12-15,,Low,0,,0.0
ENG-006,2026-12-14,In Progress,45.0,False,5.0,2026-12-20,Vendor Delay,Medium,2,,204408.0
ENG-006,2026-12-21,Completed,100.0,False,5.0,2026-12-20,Vendor Delay,Medium,0,2026-12-20,454239.0
ENG-006,2026-12-28,Completed,100.0,False,5.0,2026-12-20,Vendor Delay,Medium,4,2026-12-20,454239.0
ENG-006,2027-01-04,Completed,100.0,False,5.0,2026-12-20,Vendor Delay,Medium,3,2026-12-20,454239.0
ENG-006,2027-01-11,Completed,100.0,False,5.0,2026-12-20,Vendor Delay,Medium,0,2026-12-20,454239.0
ENG-006,2027-01-18,Completed,100.0,False,5.0,2026-12-20,Vendor Delay,Medium,0,2026-12-20,454239.0
ENG-006,2027-01-25,Completed,100.0,False,5.0,2026-12-20,Vendor Delay,Medium,1,2026-12-20,454239.0
ENG-006,2027-02-01,Completed,100.0,False,5.0,2026-12-20,Vendor Delay,Medium,2,2026-12-20,454239.0
ENG-006,2027-02-08,Completed,100.0,False,5.0,2026-12-20,Vendor Delay,Medium,1,2026-12-20,454239.0
ENG-006,2027-02-15,Completed,100.0,False,5.0,2026-12-20,Vendor Delay,Medium,0,2026-12-20,454239.0
ENG-006,2027-02-22,Completed,100.0,False,5.0,2026-12-20,Vendor Delay,Medium,0,2026-12-20,454239.0
ENG-007,2026-12-07,Not Started,0.0,False,0.0,2026-12-31,,Low,1,,0.0
ENG-007,2026-12-14,Not Started,0.0,False,0.0,2026-12-31,,Low,1,,0.0
ENG-007,2026-12-21,In Progress,30.7,False,0.0,2026-12-31,,Low,0,,16549.0
ENG-007,2026-12-28,In Progress,89.4,False,0.0,2026-12-31,,Low,0,,48192.0
ENG-007,2027-01-04,Completed,100.0,False,4.0,2027-01-04,Vendor Delay,Medium,1,2027-01-04,53906.0
ENG-007,2027-01-11,Completed,100.0,False,4.0,2027-01-04,Vendor Delay,Medium,1,2027-01-04,53906.0
ENG-007,2027-01-18,Completed,100.0,False,4.0,2027-01-04,Vendor Delay,Medium,1,2027-01-04,53906.0
ENG-007,2027-01-25,Completed,100.0,False,4.0,2027-01-04,Vendor Delay,Medium,1,2027-01-04,53906.0
ENG-007,2027-02-01,Completed,100.0,False,4.0,2027-01-04,Vendor Delay,Medium,1,2027-01-04,53906.0
ENG-007,2027-02-08,Completed,100.0,False,4.0,2027-01-04,Vendor Delay,Medium,4,2027-01-04,53906.0
ENG-007,2027-02-15,Completed,100.0,False,4.0,2027-01-04,Vendor Delay,Medium,1,2027-01-04,53906.0
ENG-007,2027-02-22,Completed,100.0,False,4.0,2027-01-04,Vendor Delay,Medium,2,2027-01-04,53906.0
ENG-008,2026-12-07,Not Started,0.0,False,0.0,2026-12-22,,Low,0,,0.0
ENG-008,2026-12-14,Not Started,0.0,False,0.0,2026-12-22,,Low,0,,0.0
ENG-008,2026-12-21,In Progress,61.8,False,2.0,2026-12-24,Vendor Delay,Medium,2,,54604.0
ENG-008,2026-12-28,Completed,100.0,False,4.0,2026-12-26,Vendor Delay,Medium,0,2026-12-26,88357.0
ENG-008,2027-01-04,Completed,100.0,False,4.0,2026-12-26,Vendor Delay,Medium,1,2026-12-26,88357.0
ENG-008,2027-01-11,Completed,100.0,False,4.0,2026-12-26,Vendor Delay,Medium,1,2026-12-26,88357.0
ENG-008,2027-01-18,Completed,100.0,False,4.0,2026-12-26,Vendor Delay,Medium,2,2026-12-26,88357.0
ENG-008,2027-01-25,Completed,100.0,False,4.0,2026-12-26,Vendor Delay,Medium,2,2026-12-26,88357.0
ENG-008,2027-02-01,Completed,100.0,False,4.0,2026-12-26,Vendor Delay,Medium,0,2026-12-26,88357.0
ENG-008,2027-02-08,Completed,100.0,False,4.0,2026-12-26,Vendor Delay,Medium,4,2026-12-26,88357.0
ENG-008,2027-02-15,Completed,100.0,False,4.0,2026-12-26,Vendor Delay,Medium,0,2026-12-26,88357.0
ENG-008,2027-02-22,Completed,100.0,False,4.0,2026-12-26,Vendor Delay,Medium,4,2026-12-26,88357.0
ENG-009,2026-12-07,Not Started,0.0,False,0.0,2026-12-28,,Low,1,,0.0
ENG-009,2026-12-14,Not Started,0.0,False,0.0,2026-12-28,,Low,0,,0.0
ENG-009,2026-12-21,In Progress,0.0,False,0.0,2026-12-28,,Low,0,,0.0
ENG-009,2026-12-28,In Progress,99.7,False,0.0,2026-12-28,,Low,0,,30367.0
ENG-009,2027-01-04,Completed,100.0,False,6.0,2027-01-03,Resource Shortage,Medium,1,2027-01-03,30458.0
ENG-009,2027-01-11,Completed,100.0,False,6.0,2027-01-03,Resource Shortage,Medium,1,2027-01-03,30458.0
ENG-009,2027-01-18,Completed,100.0,False,6.0,2027-01-03,Resource Shortage,Medium,3,2027-01-03,30458.0
ENG-009,2027-01-25,Completed,100.0,False,6.0,2027-01-03,Resource Shortage,Medium,1,2027-01-03,30458.0
ENG-009,2027-02-01,Completed,100.0,False,6.0,2027-01-03,Resource Shortage,Medium,1,2027-01-03,30458.0
ENG-009,2027-02-08,Completed,100.0,False,6.0,2027-01-03,Resource Shortage,Medium,0,2027-01-03,30458.0
ENG-009,2027-02-15,Completed,100.0,False,6.0,2027-01-03,Resource Shortage,Medium,1,2027-01-03,30458.0
ENG-009,2027-02-22,Completed,100.0,False,6.0,2027-01-03,Resource Shortage,Medium,2,2027-01-03,30458.0
ENG-010,2026-12-07,Not Started,0.0,False,0.0,2027-01-13,,Low,1,,0.0
ENG-010,2026-12-14,Not Started,0.0,False,0.0,2027-01-13,,Low,0,,0.0
ENG-010,2026-12-21,Not Started,0.0,False,0.0,2027-01-13,,Low,0,,0.0
ENG-010,2026-12-28,In Progress,11.2,False,0.0,2027-01-12,,Low,0,,4230.0
ENG-010,2027-01-04,In Progress,60.8,False,0.0,2027-01-12,,Low,0,,22965.0
ENG-010,2027-01-11,In Progress,98.8,False,0.0,2027-01-12,,Low,0,,37318.0
ENG-010,2027-01-18,Completed,100.0,False,0.0,2027-01-12,,Low,1,2027-01-12,37771.0
ENG-010,2027-01-25,Completed,100.0,False,0.0,2027-01-12,,Low,0,2027-01-12,37771.0
ENG-010,2027-02-01,Completed,100.0,False,0.0,2027-01-12,,Low,0,2027-01-12,37771.0
ENG-010,2027-02-08,Completed,100.0,False,0.0,2027-01-12,,Low,1,2027-01-12,37771.0
ENG-010,2027-02-15,Completed,100.0,False,0.0,2027-01-12,,Low,0,2027-01-12,37771.0
ENG-010,2027-02-22,Completed,100.0,False,0.0,2027-01-12,,Low,1,2027-01-12,37771.0
ENG-011,2026-12-07,Not Started,0.0,False,0.0,2027-01-06,,Low,1,,0.0
ENG-011,2026-12-14,Not Started,0.0,False,0.0,2027-01-06,,Low,0,,0.0
ENG-011,2026-12-21,In Progress,0.0,False,0.0,2027-01-05,,Low,0,,0.0
ENG-011,2026-12-28,In Progress,10.3,False,0.0,2027-01-05,,Low,0,,21220.0
ENG-011,2027-01-04,In Progress,92.3,False,0.0,2027-01-05,,Low,1,,190155.0
ENG-011,2027-01-11,Completed,100.0,False,0.0,2027-01-06,,Low,0,2027-01-06,206018.0
ENG-011,2027-01-18,Completed,100.0,False,0.0,2027-01-06,,Low,0,2027-01-06,206018.0
ENG-011,2027-01-25,Completed,100.0,False,0.0,2027-01-06,,Low,0,2027-01-06,206018.0
ENG-011,2027-02-01,Completed,100.0,False,0.0,2027-01-06,,Low,0,2027-01-06,206018.0
ENG-011,2027-02-08,Completed,100.0,False,0.0,2027-01-06,,Low,0,2027-01-06,206018.0
ENG-011,2027-02-15,Completed,100.0,False,0.0,2027-01-06,,Low,0,2027-01-06,206018.0
ENG-011,2027-02-22,Completed,100.0,False,0.0,2027-01-06,,Low,2,2027-01-06,206018.0
ENG-012,2026-12-07,Not Started,0.0,False,0.0,2027-01-25,,Low,0,,0.0
ENG-012,2026-12-14,Not Started,0.0,False,0.0,2027-01-25,,Low,0,,0.0
ENG-012,2026-12-21,Not Started,0.0,False,0.0,2027-01-25,,Low,0,,0.0
ENG-012,2026-12-28,Not Started,0.0,False,0.0,2027-01-25,,Low,0,,0.0
ENG-012,2027-01-04,Not Started,0.0,False,0.0,2027-01-25,,Low,0,,0.0
ENG-012,2027-01-11,In Progress,6.1,False,3.0,2027-01-28,Vendor Delay,Medium,2,,10311.0
ENG-012,2027-01-18,In Progress,50.0,False,3.0,2027-01-28,Vendor Delay,Medium,1,,84518.0
ENG-012,2027-01-25,In Progress,93.9,False,3.0,2027-01-28,Vendor Delay,Medium,3,,158724.0
ENG-012,2027-02-01,Completed,100.0,False,4.0,2027-01-29,Vendor Delay,Medium,1,2027-01-29,169035.0
ENG-012,2027-02-08,Completed,100.0,False,4.0,2027-01-29,Vendor Delay,Medium,0,2027-01-29,169035.0
ENG-012,2027-02-15,Completed,100.0,False,4.0,2027-01-29,Vendor Delay,Medium,1,2027-01-29,169035.0
ENG-012,2027-02-22,Completed,100.0,False,4.0,2027-01-29,Vendor Delay,Medium,0,2027-01-29,169035.0
ENG-013,2026-12-07,Not Started,0.0,False,0.0,2026-12-23,,Low,1,,0.0
ENG-013,2026-12-14,In Progress,0.0,False,0.0,2026-12-23,,Low,0,,0.0
ENG-013,2026-12-21,In Progress,81.4,False,0.0,2026-12-23,,Low,0,,26710.0
ENG-013,2026-12-28,Completed,100.0,False,5.0,2026-12-28,Resource Shortage,High,4,2026-12-28,32813.0
ENG-013,2027-01-04,Completed,100.0,False,5.0,2026-12-28,Resource Shortage,High,2,2026-12-28,32813.0
ENG-013,2027-01-11,Completed,100.0,False,5.0,2026-12-28,Resource Shortage,High,2,2026-12-28,32813.0
ENG-013,2027-01-18,Completed,100.0,False,5.0,2026-12-28,Resource Shortage,High,0,2026-12-28,32813.0
ENG-013,2027-01-25,Completed,100.0,False,5.0,2026-12-28,Resource Shortage,High,5,2026-12-28,32813.0
ENG-013,2027-02-01,Completed,100.0,False,5.0,2026-12-28,Resource Shortage,High,4,2026-12-28,32813.0
ENG-013,2027-02-08,Completed,100.0,False,5.0,2026-12-28,Resource Shortage,High,2,2026-12-28,32813.0
ENG-013,2027-02-15,Completed,100.0,False,5.0,2026-12-28,Resource Shortage,High,3,2026-12-28,32813.0
ENG-013,2027-02-22,Completed,100.0,False,5.0,2026-12-28,Resource Shortage,High,2,2026-12-28,32813.0
ENG-014,2026-12-07,Not Started,0.0,False,0.0,2027-01-14,,Low,0,,0.0
ENG-014,2026-12-14,Not Started,0.0,False,0.0,2027-01-14,,Low,0,,0.0
ENG-014,2026-12-21,Not Started,0.0,False,0.0,2027-01-14,,Low,1,,0.0
ENG-014,2026-12-28,Not Started,0.0,False,0.0,2027-01-14,,Low,1,,0.0
ENG-014,2027-01-04,In Progress,23.8,False,0.0,2027-01-14,,Low,1,,33170.0
ENG-014,2027-01-11,In Progress,85.6,False,0.0,2027-01-14,,Low,0,,119302.0
ENG-014,2027-01-18,Completed,100.0,False,1.0,2027-01-15,Scope Change,Medium,1,2027-01-15,139372.0
ENG-014,2027-01-25,Completed,100.0,False,1.0,2027-01-15,Scope Change,Medium,2,2027-01-15,139372.0
ENG-014,2027-02-01,Completed,100.0,False,1.0,2027-01-15,Scope Change,Medium,3,2027-01-15,139372.0
ENG-014,2027-02-08,Completed,100.0,False,1.0,2027-01-15,Scope Change,Medium,1,2027-01-15,139372.0
ENG-014,2027-02-15,Completed,100.0,False,1.0,2027-01-15,Scope Change,Medium,2,2027-01-15,139372.0
ENG-014,2027-02-22,Completed,100.0,False,1.0,2027-01-15,Scope Change,Medium,2,2027-01-15,139372.0
ENG-015,2026-12-07,Not Started,0.0,False,0.0,2026-12-30,,Low,0,,0.0
ENG-015,2026-12-14,Not Started,0.0,False,0.0,2026-12-30,,Low,0,,0.0
ENG-015,2026-12-21,Not Started,0.0,False,0.0,2026-12-30,,Low,1,,0.0
ENG-015,2026-12-28,In Progress,86.2,False,0.0,2026-12-29,,Low,0,,32458.0
ENG-015,2027-01-04,Completed,100.0,False,0.0,2026-12-30,,Low,1,2026-12-30,37655.0
ENG-015,2027-01-11,Completed,100.0,False,0.0,2026-12-30,,Low,0,2026-12-30,37655.0
ENG-015,2027-01-18,Completed,100.0,False,0.0,2026-12-30,,Low,0,2026-12-30,37655.0
ENG-015,2027-01-25,Completed,100.0,False,0.0,2026-12-30,,Low,0,2026-12-30,37655.0
ENG-015,2027-02-01,Completed,100.0,False,0.0,2026-12-30,,Low,1,2026-12-30,37655.0
ENG-015,2027-02-08,Completed,100.0,False,0.0,2026-12-30,,Low,0,2026-12-30,37655.0
ENG-015,2027-02-15,Completed,100.0,False,0.0,2026-12-30,,Low,0,2026-12-30,37655.0
ENG-015,2027-02-22,Completed,100.0,False,0.0,2026-12-30,,Low,1,2026-12-30,37655.0
ENG-016,2026-12-07,Not Started,0.0,False,0.0,2026-12-30,,Low,0,,0.0
ENG-016,2026-12-14,In Progress,0.0,False,10.0,2027-01-09,Design/Technical Issue,High,0,,0.0
ENG-016,2026-12-21,In Progress,17.8,False,10.0,2027-01-09,Design/Technical Issue,High,2,,68545.0
ENG-016,2026-12-28,In Progress,55.6,False,10.0,2027-01-09,Design/Technical Issue,High,0,,214107.0
ENG-016,2027-01-04,In Progress,90.2,False,10.0,2027-01-09,Design/Technical Issue,High,3,,347347.0
ENG-016,2027-01-11,Completed,100.0,False,11.0,2027-01-10,Design/Technical Issue,High,3,2027-01-10,385085.0
ENG-016,2027-01-18,Completed,100.0,False,11.0,2027-01-10,Design/Technical Issue,High,1,2027-01-10,385085.0
ENG-016,2027-01-25,Completed,100.0,False,11.0,2027-01-10,Design/Technical Issue,High,2,2027-01-10,385085.0
ENG-016,2027-02-01,Completed,100.0,False,11.0,2027-01-10,Design/Technical Issue,High,3,2027-01-10,385085.0
ENG-016,2027-02-08,Completed,100.0,False,11.0,2027-01-10,Design/Technical Issue,High,1,2027-01-10,385085.0
ENG-016,2027-02-15,Completed,100.0,False,11.0,2027-01-10,Design/Technical Issue,High,1,2027-01-10,385085.0
ENG-016,2027-02-22,Completed,100.0,False,11.0,2027-01-10,Design/Technical Issue,High,2,2027-01-10,385085.0
ENG-017,2026-12-07,Not Started,0.0,False,0.0,2027-01-04,,Low,1,,0.0
ENG-017,2026-12-14,Not Started,0.0,False,0.0,2027-01-04,,Low,0,,0.0
ENG-017,2026-12-21,In Progress,11.5,False,0.0,2027-01-04,,Low,0,,19756.0
ENG-017,2026-12-28,In Progress,62.1,False,0.0,2027-01-04,,Low,0,,106682.0
ENG-017,2027-01-04,In Progress,99.3,False,0.0,2027-01-04,,Low,0,,170589.0
ENG-017,2027-01-11,Completed,100.0,False,4.0,2027-01-08,Vendor Delay,Medium,3,2027-01-08,171791.0
ENG-017,2027-01-18,Completed,100.0,False,4.0,2027-01-08,Vendor Delay,Medium,1,2027-01-08,171791.0
ENG-017,2027-01-25,Completed,100.0,False,4.0,2027-01-08,Vendor Delay,Medium,0,2027-01-08,171791.0
ENG-017,2027-02-01,Completed,100.0,False,4.0,2027-01-08,Vendor Delay,Medium,2,2027-01-08,171791.0
ENG-017,2027-02-08,Completed,100.0,False,4.0,2027-01-08,Vendor Delay,Medium,0,2027-01-08,171791.0
ENG-017,2027-02-15,Completed,100.0,False,4.0,2027-01-08,Vendor Delay,Medium,2,2027-01-08,171791.0
ENG-017,2027-02-22,Completed,100.0,False,4.0,2027-01-08,Vendor Delay,Medium,0,2027-01-08,171791.0
ENG-018,2026-12-07,Not Started,0.0,False,0.0,2026-12-27,,Low,0,,0.0
ENG-018,2026-12-14,Not Started,0.0,False,0.0,2026-12-27,,Low,0,,0.0
ENG-018,2026-12-21,In Progress,36.6,False,0.0,2026-12-26,,Low,0,,19980.0
ENG-018,2026-12-28,Completed,100.0,False,0.0,2026-12-27,,Low,0,2026-12-27,54589.0
ENG-018,2027-01-04,Completed,100.0,False,0.0,2026-12-27,,Low,0,2026-12-27,54589.0
ENG-018,2027-01-11,Completed,100.0,False,0.0,2026-12-27,,Low,1,2026-12-27,54589.0
ENG-018,2027-01-18,Completed,100.0,False,0.0,2026-12-27,,Low,0,2026-12-27,54589.0
ENG-018,2027-01-25,Completed,100.0,False,0.0,2026-12-27,,Low,0,2026-12-27,54589.0
ENG-018,2027-02-01,Completed,100.0,False,0.0,2026-12-27,,Low,0,2026-12-27,54589.0
ENG-018,2027-02-08,Completed,100.0,False,0.0,2026-12-27,,Low,0,2026-12-27,54589.0
ENG-018,2027-02-15,Completed,100.0,False,0.0,2026-12-27,,Low,0,2026-12-27,54589.0
ENG-018,2027-02-22,Completed,100.0,False,0.0,2026-12-27,,Low,0,2026-12-27,54589.0
ENG-019,2026-12-07,Not Started,0.0,False,0.0,2027-01-02,,Low,0,,0.0
ENG-019,2026-12-14,Not Started,0.0,False,0.0,2027-01-02,,Low,0,,0.0
ENG-019,2026-12-21,Not Started,0.0,False,0.0,2027-01-02,,Low,0,,0.0
ENG-019,2026-12-28,On Hold,40.9,True,20.0,2027-01-22,Vendor Delay,Critical,4,,13136.0
ENG-019,2027-01-04,On Hold,40.9,True,20.0,2027-01-22,Vendor Delay,Critical,2,,13136.0
ENG-019,2027-01-11,On Hold,40.9,True,20.0,2027-01-22,Vendor Delay,Critical,2,,13136.0
ENG-019,2027-01-18,In Progress,57.3,False,20.0,2027-01-22,Vendor Delay,Critical,3,,18403.0
ENG-019,2027-01-25,Completed,100.0,False,18.0,2027-01-20,Vendor Delay,Critical,1,2027-01-20,32116.0
ENG-019,2027-02-01,Completed,100.0,False,18.0,2027-01-20,Vendor Delay,Critical,1,2027-01-20,32116.0
ENG-019,2027-02-08,Completed,100.0,False,18.0,2027-01-20,Vendor Delay,Critical,4,2027-01-20,32116.0
ENG-019,2027-02-15,Completed,100.0,False,18.0,2027-01-20,Vendor Delay,Critical,4,2027-01-20,32116.0
ENG-019,2027-02-22,Completed,100.0,False,18.0,2027-01-20,Vendor Delay,Critical,3,2027-01-20,32116.0
ENG-020,2026-12-07,Not Started,0.0,False,0.0,2027-01-09,,Low,0,,0.0
ENG-020,2026-12-14,Not Started,0.0,False,0.0,2027-01-09,,Low,0,,0.0
ENG-020,2026-12-21,Not Started,0.0,False,0.0,2027-01-09,,Low,0,,0.0
ENG-020,2026-12-28,Not Started,0.0,False,0.0,2027-01-09,,Low,1,,0.0
ENG-020,2027-01-04,In Progress,0.0,False,0.0,2027-01-09,,Low,1,,0.0
ENG-020,2027-01-11,Completed,100.0,False,0.0,2027-01-05,,Low,0,2027-01-05,277211.0
ENG-020,2027-01-18,Completed,100.0,False,0.0,2027-01-05,,Low,0,2027-01-05,277211.0
ENG-020,2027-01-25,Completed,100.0,False,0.0,2027-01-05,,Low,0,2027-01-05,277211.0
ENG-020,2027-02-01,Completed,100.0,False,0.0,2027-01-05,,Low,1,2027-01-05,277211.0
ENG-020,2027-02-08,Completed,100.0,False,0.0,2027-01-05,,Low,0,2027-01-05,277211.0
ENG-020,2027-02-15,Completed,100.0,False,0.0,2027-01-05,,Low,0,2027-01-05,277211.0
ENG-020,2027-02-22,Completed,100.0,False,0.0,2027-01-05,,Low,1,2027-01-05,277211.0
ENG-021,2026-12-07,Not Started,0.0,False,0.0,2027-01-31,,Low,2,,0.0
ENG-021,2026-12-14,Not Started,0.0,False,0.0,2027-01-31,,Low,1,,0.0
ENG-021,2026-12-21,Not Started,0.0,False,0.0,2027-01-31,,Low,0,,0.0
ENG-021,2026-12-28,Not Started,0.0,False,0.0,2027-01-31,,Low,0,,0.0
ENG-021,2027-01-04,Not Started,0.0,False,0.0,2027-01-31,,Low,0,,0.0
ENG-021,2027-01-11,In Progress,4.5,False,0.0,2027-01-31,,Low,0,,7576.0
ENG-021,2027-01-18,In Progress,39.2,False,0.0,2027-01-31,,Low,0,,65994.0
ENG-021,2027-01-25,In Progress,81.6,False,0.0,2027-01-31,,Low,1,,137376.0
ENG-021,2027-02-01,Completed,100.0,False,0.0,2027-01-29,,Low,2,2027-01-29,168353.0
ENG-021,2027-02-08,Completed,100.0,False,0.0,2027-01-29,,Low,1,2027-01-29,168353.0
ENG-021,2027-02-15,Completed,100.0,False,0.0,2027-01-29,,Low,1,2027-01-29,168353.0
ENG-021,2027-02-22,Completed,100.0,False,0.0,2027-01-29,,Low,1,2027-01-29,168353.0
ENG-022,2026-12-07,Not Started,0.0,False,0.0,2027-01-08,,Low,0,,0.0
ENG-022,2026-12-14,Not Started,0.0,False,0.0,2027-01-08,,Low,0,,0.0
ENG-022,2026-12-21,Not Started,0.0,False,0.0,2027-01-08,,Low,0,,0.0
ENG-022,2026-12-28,Not Started,0.0,False,0.0,2027-01-08,,Low,0,,0.0
ENG-022,2027-01-04,In Progress,60.9,False,0.0,2027-01-07,,Low,0,,87022.0
ENG-022,2027-01-11,Completed,100.0,False,0.0,2027-01-06,,Low,1,2027-01-06,142894.0
ENG-022,2027-01-18,Completed,100.0,False,0.0,2027-01-06,,Low,0,2027-01-06,142894.0
ENG-022,2027-01-25,Completed,100.0,False,0.0,2027-01-06,,Low,0,2027-01-06,142894.0
ENG-022,2027-02-01,Completed,100.0,False,0.0,2027-01-06,,Low,1,2027-01-06,142894.0
ENG-022,2027-02-08,Completed,100.0,False,0.0,2027-01-06,,Low,1,2027-01-06,142894.0
ENG-022,2027-02-15,Completed,100.0,False,0.0,2027-01-06,,Low,0,2027-01-06,142894.0
ENG-022,2027-02-22,Completed,100.0,False,0.0,2027-01-06,,Low,1,2027-01-06,142894.0
ENG-023,2026-12-07,Not Started,0.0,False,0.0,2027-02-22,,Low,0,,0.0
ENG-023,2026-12-14,Not Started,0.0,False,0.0,2027-02-22,,Low,0,,0.0
ENG-023,2026-12-21,Not Started,0.0,False,0.0,2027-02-22,,Low,0,,0.0
ENG-023,2026-12-28,Not Started,0.0,False,0.0,2027-02-22,,Low,0,,0.0
ENG-023,2027-01-04,Not Started,0.0,False,0.0,2027-02-22,,Low,1,,0.0
ENG-023,2027-01-11,Not Started,0.0,False,0.0,2027-02-22,,Low,0,,0.0
ENG-023,2027-01-18,Not Started,0.0,False,0.0,2027-02-22,,Low,0,,0.0
ENG-023,2027-01-25,Not Started,0.0,False,0.0,2027-02-22,,Low,1,,0.0
ENG-023,2027-02-01,Not Started,0.0,False,0.0,2027-02-22,,Low,0,,0.0
ENG-023,2027-02-08,Not Started,0.0,False,0.0,2027-02-22,,Low,0,,0.0
ENG-023,2027-02-15,In Progress,35.4,False,0.0,2027-02-22,,Low,1,,78964.0
ENG-023,2027-02-22,In Progress,99.6,False,0.0,2027-02-22,,Low,0,,222171.0
ENG-024,2026-12-07,Not Started,0.0,False,0.0,2027-02-19,,Low,0,,0.0
ENG-024,2026-12-14,Not Started,0.0,False,0.0,2027-02-19,,Low,0,,0.0
ENG-024,2026-12-21,Not Started,0.0,False,0.0,2027-02-19,,Low,0,,0.0
ENG-024,2026-12-28,Not Started,0.0,False,0.0,2027-02-19,,Low,1,,0.0
ENG-024,2027-01-04,Not Started,0.0,False,0.0,2027-02-19,,Low,0,,0.0
ENG-024,2027-01-11,Not Started,0.0,False,0.0,2027-02-19,,Low,1,,0.0
ENG-024,2027-01-18,Not Started,0.0,False,0.0,2027-02-19,,Low,0,,0.0
ENG-024,2027-01-25,Not Started,0.0,False,0.0,2027-02-19,,Low,0,,0.0
ENG-024,2027-02-01,Not Started,0.0,False,0.0,2027-02-19,,Low,1,,0.0
ENG-024,2027-02-08,Not Started,0.0,False,0.0,2027-02-19,,Low,0,,0.0
ENG-024,2027-02-15,In Progress,30.1,False,1.0,2027-02-20,Design/Technical Issue,Medium,1,,28949.0
ENG-024,2027-02-22,Completed,100.0,False,3.0,2027-02-22,Design/Technical Issue,Medium,2,2027-02-22,96178.0
ENG-025,2026-12-07,Not Started,0.0,False,0.0,2027-02-03,,Low,0,,0.0
ENG-025,2026-12-14,Not Started,0.0,False,0.0,2027-02-03,,Low,1,,0.0
ENG-025,2026-12-21,Not Started,0.0,False,0.0,2027-02-03,,Low,0,,0.0
ENG-025,2026-12-28,Not Started,0.0,False,0.0,2027-02-03,,Low,0,,0.0
ENG-025,2027-01-04,Not Started,0.0,False,0.0,2027-02-03,,Low,0,,0.0
ENG-025,2027-01-11,Not Started,0.0,False,0.0,2027-02-03,,Low,0,,0.0
ENG-025,2027-01-18,Not Started,0.0,False,0.0,2027-02-03,,Low,0,,0.0
ENG-025,2027-01-25,In Progress,15.4,False,26.0,2027-03-01,Resource Shortage,High,3,,40139.0
ENG-025,2027-02-01,On Hold,25.6,True,26.0,2027-03-01,Resource Shortage,Critical,5,,66725.0
ENG-025,2027-02-08,On Hold,25.6,True,26.0,2027-03-01,Resource Shortage,Critical,4,,66725.0
ENG-025,2027-02-15,On Hold,25.6,True,26.0,2027-03-01,Resource Shortage,Critical,8,,66725.0
ENG-025,2027-02-22,In Progress,37.2,False,26.0,2027-03-01,Resource Shortage,High,4,,96960.0
ENG-026,2026-12-07,Not Started,0.0,False,0.0,2027-02-21,,Low,0,,0.0
ENG-026,2026-12-14,Not Started,0.0,False,0.0,2027-02-21,,Low,0,,0.0
ENG-026,2026-12-21,Not Started,0.0,False,0.0,2027-02-21,,Low,0,,0.0
ENG-026,2026-12-28,Not Started,0.0,False,0.0,2027-02-21,,Low,1,,0.0
ENG-026,2027-01-04,Not Started,0.0,False,0.0,2027-02-21,,Low,2,,0.0
ENG-026,2027-01-11,Not Started,0.0,False,0.0,2027-02-21,,Low,0,,0.0
ENG-026,2027-01-18,Not Started,0.0,False,0.0,2027-02-21,,Low,0,,0.0
ENG-026,2027-01-25,Not Started,0.0,False,0.0,2027-02-21,,Low,0,,0.0
ENG-026,2027-02-01,Not Started,0.0,False,0.0,2027-02-21,,Low,0,,0.0
ENG-026,2027-02-08,Not Started,0.0,False,0.0,2027-02-21,,Low,1,,0.0
ENG-026,2027-02-15,On Hold,16.4,True,27.0,2027-03-20,Resource Shortage,Critical,7,,32350.0
ENG-026,2027-02-22,On Hold,16.4,True,27.0,2027-03-20,Resource Shortage,Critical,7,,32350.0
ENG-027,2026-12-07,Not Started,0.0,False,0.0,2027-01-26,,Low,0,,0.0
ENG-027,2026-12-14,Not Started,0.0,False,0.0,2027-01-26,,Low,0,,0.0
ENG-027,2026-12-21,Not Started,0.0,False,0.0,2027-01-26,,Low,1,,0.0
ENG-027,2026-12-28,Not Started,0.0,False,0.0,2027-01-26,,Low,1,,0.0
ENG-027,2027-01-04,Not Started,0.0,False,0.0,2027-01-26,,Low,0,,0.0
ENG-027,2027-01-11,Not Started,0.0,False,0.0,2027-01-26,,Low,0,,0.0
ENG-027,2027-01-18,Not Started,0.0,False,0.0,2027-01-26,,Low,0,,0.0
ENG-027,2027-01-25,In Progress,42.3,False,5.0,2027-01-31,Resource Shortage,Medium,4,,62977.0
ENG-027,2027-02-01,Completed,100.0,False,4.0,2027-01-30,Resource Shortage,Medium,0,2027-01-30,148881.0
ENG-027,2027-02-08,Completed,100.0,False,4.0,2027-01-30,Resource Shortage,Medium,2,2027-01-30,148881.0
ENG-027,2027-02-15,Completed,100.0,False,4.0,2027-01-30,Resource Shortage,Medium,1,2027-01-30,148881.0
ENG-027,2027-02-22,Completed,100.0,False,4.0,2027-01-30,Resource Shortage,Medium,2,2027-01-30,148881.0
ENG-028,2026-12-07,Not Started,0.0,False,0.0,2027-01-31,,Low,0,,0.0
ENG-028,2026-12-14,Not Started,0.0,False,0.0,2027-01-31,,Low,0,,0.0
ENG-028,2026-12-21,Not Started,0.0,False,0.0,2027-01-31,,Low,1,,0.0
ENG-028,2026-12-28,Not Started,0.0,False,0.0,2027-01-31,,Low,0,,0.0
ENG-028,2027-01-04,Not Started,0.0,False,0.0,2027-01-31,,Low,0,,0.0
ENG-028,2027-01-11,Not Started,0.0,False,0.0,2027-01-31,,Low,1,,0.0
ENG-028,2027-01-18,Not Started,0.0,False,0.0,2027-01-31,,Low,0,,0.0
ENG-028,2027-01-25,Not Started,0.0,False,0.0,2027-01-31,,Low,0,,0.0
ENG-028,2027-02-01,Completed,100.0,False,0.0,2027-01-28,,Low,0,2027-01-28,84958.0
ENG-028,2027-02-08,Completed,100.0,False,0.0,2027-01-28,,Low,0,2027-01-28,84958.0
ENG-028,2027-02-15,Completed,100.0,False,0.0,2027-01-28,,Low,1,2027-01-28,84958.0
ENG-028,2027-02-22,Completed,100.0,False,0.0,2027-01-28,,Low,2,2027-01-28,84958.0
ENG-029,2026-12-07,Not Started,0.0,False,0.0,2027-02-20,,Low,0,,0.0
ENG-029,2026-12-14,Not Started,0.0,False,0.0,2027-02-20,,Low,1,,0.0
ENG-029,2026-12-21,Not Started,0.0,False,0.0,2027-02-20,,Low,0,,0.0
ENG-029,2026-12-28,Not Started,0.0,False,0.0,2027-02-20,,Low,0,,0.0
ENG-029,2027-01-04,Not Started,0.0,False,0.0,2027-02-20,,Low,1,,0.0
ENG-029,2027-01-11,Not Started,0.0,False,0.0,2027-02-20,,Low,1,,0.0
ENG-029,2027-01-18,Not Started,0.0,False,0.0,2027-02-20,,Low,0,,0.0
ENG-029,2027-01-25,Not Started,0.0,False,0.0,2027-02-20,,Low,1,,0.0
ENG-029,2027-02-01,In Progress,5.1,False,12.0,2027-03-04,Design/Technical Issue,High,2,,3254.0
ENG-029,2027-02-08,In Progress,25.2,False,12.0,2027-03-04,Design/Technical Issue,High,0,,16077.0
ENG-029,2027-02-15,In Progress,52.8,False,12.0,2027-03-04,Design/Technical Issue,High,2,,33686.0
ENG-029,2027-02-22,In Progress,79.7,False,12.0,2027-03-04,Design/Technical Issue,High,1,,50848.0
ENG-030,2026-12-07,Not Started,0.0,False,0.0,2027-02-15,,Low,0,,0.0
ENG-030,2026-12-14,Not Started,0.0,False,0.0,2027-02-15,,Low,1,,0.0
ENG-030,2026-12-21,Not Started,0.0,False,0.0,2027-02-15,,Low,0,,0.0
ENG-030,2026-12-28,Not Started,0.0,False,0.0,2027-02-15,,Low,0,,0.0
ENG-030,2027-01-04,Not Started,0.0,False,0.0,2027-02-15,,Low,0,,0.0
ENG-030,2027-01-11,Not Started,0.0,False,0.0,2027-02-15,,Low,0,,0.0
ENG-030,2027-01-18,Not Started,0.0,False,0.0,2027-02-15,,Low,1,,0.0
ENG-030,2027-01-25,Not Started,0.0,False,0.0,2027-02-15,,Low,1,,0.0
ENG-030,2027-02-01,Not Started,0.0,False,0.0,2027-02-15,,Low,0,,0.0
ENG-030,2027-02-08,In Progress,0.0,False,0.0,2027-02-15,,Low,1,,0.0
ENG-030,2027-02-15,In Progress,99.9,False,0.0,2027-02-15,,Low,0,,28767.0
ENG-030,2027-02-22,Completed,100.0,False,1.0,2027-02-16,Design/Technical Issue,Medium,0,2027-02-16,28796.0
ENG-031,2026-12-07,Not Started,0.0,False,0.0,2027-02-17,,Low,0,,0.0
ENG-031,2026-12-14,Not Started,0.0,False,0.0,2027-02-17,,Low,0,,0.0
ENG-031,2026-12-21,Not Started,0.0,False,0.0,2027-02-17,,Low,1,,0.0
ENG-031,2026-12-28,Not Started,0.0,False,0.0,2027-02-17,,Low,0,,0.0
ENG-031,2027-01-04,Not Started,0.0,False,0.0,2027-02-17,,Low,0,,0.0
ENG-031,2027-01-11,Not Started,0.0,False,0.0,2027-02-17,,Low,0,,0.0
ENG-031,2027-01-18,Not Started,0.0,False,0.0,2027-02-17,,Low,1,,0.0
ENG-031,2027-01-25,Not Started,0.0,False,0.0,2027-02-17,,Low,1,,0.0
ENG-031,2027-02-01,Not Started,0.0,False,0.0,2027-02-17,,Low,0,,0.0
ENG-031,2027-02-08,In Progress,27.6,False,0.0,2027-02-17,,Low,0,,37469.0
ENG-031,2027-02-15,In Progress,92.3,False,0.0,2027-02-17,,Low,0,,125304.0
ENG-031,2027-02-22,Completed,100.0,False,4.0,2027-02-21,Design/Technical Issue,Medium,0,2027-02-21,135757.0
ENG-032,2026-12-07,Not Started,0.0,False,0.0,2027-01-31,,Low,0,,0.0
ENG-032,2026-12-14,Not Started,0.0,False,0.0,2027-01-31,,Low,0,,0.0
ENG-032,2026-12-21,Not Started,0.0,False,0.0,2027-01-31,,Low,0,,0.0
ENG-032,2026-12-28,Not Started,0.0,False,0.0,2027-01-31,,Low,0,,0.0
ENG-032,2027-01-04,Not Started,0.0,False,0.0,2027-01-31,,Low,0,,0.0
ENG-032,2027-01-11,Not Started,0.0,False,0.0,2027-01-31,,Low,1,,0.0
ENG-032,2027-01-18,Not Started,0.0,False,0.0,2027-01-31,,Low,0,,0.0
ENG-032,2027-01-25,Not Started,0.0,False,0.0,2027-01-31,,Low,0,,0.0
ENG-032,2027-02-01,Completed,100.0,False,0.0,2027-01-30,,Low,1,2027-01-30,279630.0
ENG-032,2027-02-08,Completed,100.0,False,0.0,2027-01-30,,Low,0,2027-01-30,279630.0
ENG-032,2027-02-15,Completed,100.0,False,0.0,2027-01-30,,Low,1,2027-01-30,279630.0
ENG-032,2027-02-22,Completed,100.0,False,0.0,2027-01-30,,Low,0,2027-01-30,279630.0
ENG-033,2026-12-07,Not Started,0.0,False,0.0,2027-02-26,,Low,1,,0.0
ENG-033,2026-12-14,Not Started,0.0,False,0.0,2027-02-26,,Low,0,,0.0
ENG-033,2026-12-21,Not Started,0.0,False,0.0,2027-02-26,,Low,0,,0.0
ENG-033,2026-12-28,Not Started,0.0,False,0.0,2027-02-26,,Low,1,,0.0
ENG-033,2027-01-04,Not Started,0.0,False,0.0,2027-02-26,,Low,1,,0.0
ENG-033,2027-01-11,Not Started,0.0,False,0.0,2027-02-26,,Low,1,,0.0
ENG-033,2027-01-18,Not Started,0.0,False,0.0,2027-02-26,,Low,1,,0.0
ENG-033,2027-01-25,Not Started,0.0,False,0.0,2027-02-26,,Low,0,,0.0
ENG-033,2027-02-01,Not Started,0.0,False,0.0,2027-02-26,,Low,0,,0.0
ENG-033,2027-02-08,Not Started,0.0,False,0.0,2027-02-26,,Low,0,,0.0
ENG-033,2027-02-15,Not Started,0.0,False,0.0,2027-02-26,,Low,0,,0.0
ENG-033,2027-02-22,In Progress,26.3,False,0.0,2027-02-26,,Low,1,,35463.0
FB-001,2026-12-07,Not Started,0.0,False,0.0,2027-01-15,,Low,1,,0.0
FB-001,2026-12-14,Not Started,0.0,False,0.0,2027-01-15,,Low,0,,0.0
FB-001,2026-12-21,Not Started,0.0,False,0.0,2027-01-15,,Low,0,,0.0
FB-001,2026-12-28,In Progress,6.3,False,0.0,2027-01-13,,Low,2,,1531.0
FB-001,2027-01-04,In Progress,51.6,False,0.0,2027-01-13,,Low,0,,12543.0
FB-001,2027-01-11,In Progress,95.3,False,0.0,2027-01-13,,Low,1,,23165.0
FB-001,2027-01-18,Completed,100.0,False,0.0,2027-01-14,,Low,0,2027-01-14,24308.0
FB-001,2027-01-25,Completed,100.0,False,0.0,2027-01-14,,Low,0,2027-01-14,24308.0
FB-001,2027-02-01,Completed,100.0,False,0.0,2027-01-14,,Low,0,2027-01-14,24308.0
FB-001,2027-02-08,Completed,100.0,False,0.0,2027-01-14,,Low,1,2027-01-14,24308.0
FB-001,2027-02-15,Completed,100.0,False,0.0,2027-01-14,,Low,1,2027-01-14,24308.0
FB-001,2027-02-22,Completed,100.0,False,0.0,2027-01-14,,Low,0,2027-01-14,24308.0
FB-002,2026-12-07,Not Started,0.0,False,0.0,2026-12-22,,Low,0,,0.0
FB-002,2026-12-14,Not Started,0.0,False,0.0,2026-12-22,,Low,0,,0.0
FB-002,2026-12-21,In Progress,60.7,False,0.0,2026-12-22,,Low,1,,32726.0
FB-002,2026-12-28,Completed,100.0,False,4.0,2026-12-26,Resource Shortage,Medium,0,2026-12-26,53915.0
FB-002,2027-01-04,Completed,100.0,False,4.0,2026-12-26,Resource Shortage,Medium,0,2026-12-26,53915.0
FB-002,2027-01-11,Completed,100.0,False,4.0,2026-12-26,Resource Shortage,Medium,0,2026-12-26,53915.0
FB-002,2027-01-18,Completed,100.0,False,4.0,2026-12-26,Resource Shortage,Medium,1,2026-12-26,53915.0
FB-002,2027-01-25,Completed,100.0,False,4.0,2026-12-26,Resource Shortage,Medium,0,2026-12-26,53915.0
FB-002,2027-02-01,Completed,100.0,False,4.0,2026-12-26,Resource Shortage,Medium,2,2026-12-26,53915.0
FB-002,2027-02-08,Completed,100.0,False,4.0,2026-12-26,Resource Shortage,Medium,0,2026-12-26,53915.0
FB-002,2027-02-15,Completed,100.0,False,4.0,2026-12-26,Resource Shortage,Medium,3,2026-12-26,53915.0
FB-002,2027-02-22,Completed,100.0,False,4.0,2026-12-26,Resource Shortage,Medium,1,2026-12-26,53915.0
FB-003,2026-12-07,Not Started,0.0,False,0.0,2026-12-29,,Low,0,,0.0
FB-003,2026-12-14,Not Started,0.0,False,0.0,2026-12-29,,Low,0,,0.0
FB-003,2026-12-21,In Progress,0.0,False,0.0,2026-12-29,,Low,1,,0.0
FB-003,2026-12-28,In Progress,94.2,False,0.0,2026-12-29,,Low,0,,49207.0
FB-003,2027-01-04,Completed,100.0,False,1.0,2026-12-30,Vendor Delay,Medium,0,2026-12-30,52237.0
FB-003,2027-01-11,Completed,100.0,False,1.0,2026-12-30,Vendor Delay,Medium,1,2026-12-30,52237.0
FB-003,2027-01-18,Completed,100.0,False,1.0,2026-12-30,Vendor Delay,Medium,1,2026-12-30,52237.0
FB-003,2027-01-25,Completed,100.0,False,1.0,2026-12-30,Vendor Delay,Medium,0,2026-12-30,52237.0
FB-003,2027-02-01,Completed,100.0,False,1.0,2026-12-30,Vendor Delay,Medium,2,2026-12-30,52237.0
FB-003,2027-02-08,Completed,100.0,False,1.0,2026-12-30,Vendor Delay,Medium,0,2026-12-30,52237.0
FB-003,2027-02-15,Completed,100.0,False,1.0,2026-12-30,Vendor Delay,Medium,1,2026-12-30,52237.0
FB-003,2027-02-22,Completed,100.0,False,1.0,2026-12-30,Vendor Delay,Medium,1,2026-12-30,52237.0
FB-004,2026-12-07,Not Started,0.0,False,0.0,2027-01-06,,Low,0,,0.0
FB-004,2026-12-14,In Progress,0.0,False,0.0,2027-01-04,,Low,0,,0.0
FB-004,2026-12-21,In Progress,23.9,False,0.0,2027-01-04,,Low,0,,19485.0
FB-004,2026-12-28,In Progress,70.0,False,0.0,2027-01-04,,Low,0,,57070.0
FB-004,2027-01-04,In Progress,99.4,False,0.0,2027-01-04,,Low,0,,81039.0
FB-004,2027-01-11,Completed,100.0,False,3.0,2027-01-09,Scope Change,Medium,2,2027-01-09,81529.0
FB-004,2027-01-18,Completed,100.0,False,3.0,2027-01-09,Scope Change,Medium,1,2027-01-09,81529.0
FB-004,2027-01-25,Completed,100.0,False,3.0,2027-01-09,Scope Change,Medium,1,2027-01-09,81529.0
FB-004,2027-02-01,Completed,100.0,False,3.0,2027-01-09,Scope Change,Medium,2,2027-01-09,81529.0
FB-004,2027-02-08,Completed,100.0,False,3.0,2027-01-09,Scope Change,Medium,1,2027-01-09,81529.0
FB-004,2027-02-15,Completed,100.0,False,3.0,2027-01-09,Scope Change,Medium,0,2027-01-09,81529.0
FB-004,2027-02-22,Completed,100.0,False,3.0,2027-01-09,Scope Change,Medium,0,2027-01-09,81529.0
FB-005,2026-12-07,Not Started,0.0,False,0.0,2027-01-07,,Low,1,,0.0
FB-005,2026-12-14,Not Started,0.0,False,0.0,2027-01-07,,Low,0,,0.0
FB-005,2026-12-21,In Progress,13.8,False,0.0,2027-01-06,,Low,1,,7922.0
FB-005,2026-12-28,In Progress,59.1,False,0.0,2027-01-06,,Low,0,,33926.0
FB-005,2027-01-04,In Progress,96.5,False,0.0,2027-01-06,,Low,0,,55396.0
FB-005,2027-01-11,Completed,100.0,False,2.0,2027-01-09,Permit/Regulatory Delay,Medium,2,2027-01-09,57405.0
FB-005,2027-01-18,Completed,100.0,False,2.0,2027-01-09,Permit/Regulatory Delay,Medium,5,2027-01-09,57405.0
FB-005,2027-01-25,Completed,100.0,False,2.0,2027-01-09,Permit/Regulatory Delay,Medium,1,2027-01-09,57405.0
FB-005,2027-02-01,Completed,100.0,False,2.0,2027-01-09,Permit/Regulatory Delay,Medium,2,2027-01-09,57405.0
FB-005,2027-02-08,Completed,100.0,False,2.0,2027-01-09,Permit/Regulatory Delay,Medium,1,2027-01-09,57405.0
FB-005,2027-02-15,Completed,100.0,False,2.0,2027-01-09,Permit/Regulatory Delay,Medium,0,2027-01-09,57405.0
FB-005,2027-02-22,Completed,100.0,False,2.0,2027-01-09,Permit/Regulatory Delay,Medium,0,2027-01-09,57405.0
FB-006,2026-12-07,Not Started,0.0,False,0.0,2027-01-01,,Low,0,,0.0
FB-006,2026-12-14,Not Started,0.0,False,0.0,2027-01-01,,Low,0,,0.0
FB-006,2026-12-21,Not Started,0.0,False,0.0,2027-01-01,,Low,0,,0.0
FB-006,2026-12-28,In Progress,67.0,False,0.0,2026-12-31,,Low,0,,20702.0
FB-006,2027-01-04,Completed,100.0,False,0.0,2026-12-31,,Low,2,2026-12-31,30898.0
FB-006,2027-01-11,Completed,100.0,False,0.0,2026-12-31,,Low,0,2026-12-31,30898.0
FB-006,2027-01-18,Completed,100.0,False,0.0,2026-12-31,,Low,0,2026-12-31,30898.0
FB-006,2027-01-25,Completed,100.0,False,0.0,2026-12-31,,Low,1,2026-12-31,30898.0
FB-006,2027-02-01,Completed,100.0,False,0.0,2026-12-31,,Low,1,2026-12-31,30898.0
FB-006,2027-02-08,Completed,100.0,False,0.0,2026-12-31,,Low,0,2026-12-31,30898.0
FB-006,2027-02-15,Completed,100.0,False,0.0,2026-12-31,,Low,0,2026-12-31,30898.0
FB-006,2027-02-22,Completed,100.0,False,0.0,2026-12-31,,Low,1,2026-12-31,30898.0
FB-007,2026-12-07,Not Started,0.0,False,0.0,2027-01-01,,Low,0,,0.0
FB-007,2026-12-14,Not Started,0.0,False,0.0,2027-01-01,,Low,0,,0.0
FB-007,2026-12-21,Not Started,0.0,False,0.0,2027-01-01,,Low,3,,0.0
FB-007,2026-12-28,In Progress,37.4,False,0.0,2027-01-01,,Low,0,,33545.0
FB-007,2027-01-04,Completed,100.0,False,0.0,2026-12-29,,Low,0,2026-12-29,89692.0
FB-007,2027-01-11,Completed,100.0,False,0.0,2026-12-29,,Low,1,2026-12-29,89692.0
FB-007,2027-01-18,Completed,100.0,False,0.0,2026-12-29,,Low,0,2026-12-29,89692.0
FB-007,2027-01-25,Completed,100.0,False,0.0,2026-12-29,,Low,1,2026-12-29,89692.0
FB-007,2027-02-01,Completed,100.0,False,0.0,2026-12-29,,Low,0,2026-12-29,89692.0
FB-007,2027-02-08,Completed,100.0,False,0.0,2026-12-29,,Low,0,2026-12-29,89692.0
FB-007,2027-02-15,Completed,100.0,False,0.0,2026-12-29,,Low,0,2026-12-29,89692.0
FB-007,2027-02-22,Completed,100.0,False,0.0,2026-12-29,,Low,1,2026-12-29,89692.0
FB-008,2026-12-07,Not Started,0.0,False,0.0,2027-01-11,,Low,0,,0.0
FB-008,2026-12-14,Not Started,0.0,False,0.0,2027-01-11,,Low,0,,0.0
FB-008,2026-12-21,Not Started,0.0,False,0.0,2027-01-11,,Low,0,,0.0
FB-008,2026-12-28,Not Started,0.0,False,0.0,2027-01-11,,Low,1,,0.0
FB-008,2027-01-04,In Progress,0.0,False,0.0,2027-01-11,,Low,0,,0.0
FB-008,2027-01-11,In Progress,99.7,False,0.0,2027-01-11,,Low,1,,47753.0
FB-008,2027-01-18,Completed,100.0,False,4.0,2027-01-15,Vendor Delay,Medium,1,2027-01-15,47896.0
FB-008,2027-01-25,Completed,100.0,False,4.0,2027-01-15,Vendor Delay,Medium,0,2027-01-15,47896.0
FB-008,2027-02-01,Completed,100.0,False,4.0,2027-01-15,Vendor Delay,Medium,1,2027-01-15,47896.0
FB-008,2027-02-08,Completed,100.0,False,4.0,2027-01-15,Vendor Delay,Medium,0,2027-01-15,47896.0
FB-008,2027-02-15,Completed,100.0,False,4.0,2027-01-15,Vendor Delay,Medium,1,2027-01-15,47896.0
FB-008,2027-02-22,Completed,100.0,False,4.0,2027-01-15,Vendor Delay,Medium,1,2027-01-15,47896.0
FB-009,2026-12-07,Not Started,0.0,False,0.0,2027-01-03,,Low,0,,0.0
FB-009,2026-12-14,Not Started,0.0,False,0.0,2027-01-03,,Low,0,,0.0
FB-009,2026-12-21,In Progress,0.0,False,0.0,2027-01-02,,Low,0,,0.0
FB-009,2026-12-28,In Progress,60.8,False,0.0,2027-01-02,,Low,0,,10024.0
FB-009,2027-01-04,Completed,100.0,False,0.0,2027-01-01,,Low,1,2027-01-01,16487.0
FB-009,2027-01-11,Completed,100.0,False,0.0,2027-01-01,,Low,0,2027-01-01,16487.0
FB-009,2027-01-18,Completed,100.0,False,0.0,2027-01-01,,Low,1,2027-01-01,16487.0
FB-009,2027-01-25,Completed,100.0,False,0.0,2027-01-01,,Low,0,2027-01-01,16487.0
FB-009,2027-02-01,Completed,100.0,False,0.0,2027-01-01,,Low,0,2027-01-01,16487.0
FB-009,2027-02-08,Completed,100.0,False,0.0,2027-01-01,,Low,1,2027-01-01,16487.0
FB-009,2027-02-15,Completed,100.0,False,0.0,2027-01-01,,Low,0,2027-01-01,16487.0
FB-009,2027-02-22,Completed,100.0,False,0.0,2027-01-01,,Low,0,2027-01-01,16487.0
FB-010,2026-12-07,Not Started,0.0,False,0.0,2026-12-28,,Low,0,,0.0
FB-010,2026-12-14,In Progress,0.0,False,10.0,2027-01-07,Resource Shortage,High,1,,0.0
FB-010,2026-12-21,In Progress,19.3,False,10.0,2027-01-07,Resource Shortage,High,2,,11785.0
FB-010,2026-12-28,In Progress,59.5,False,10.0,2027-01-07,Resource Shortage,High,0,,36332.0
FB-010,2027-01-04,In Progress,93.6,False,10.0,2027-01-07,Resource Shortage,High,3,,57155.0
FB-010,2027-01-11,Completed,100.0,False,9.0,2027-01-06,Resource Shortage,High,0,2027-01-06,61063.0
FB-010,2027-01-18,Completed,100.0,False,9.0,2027-01-06,Resource Shortage,High,0,2027-01-06,61063.0
FB-010,2027-01-25,Completed,100.0,False,9.0,2027-01-06,Resource Shortage,High,2,2027-01-06,61063.0
FB-010,2027-02-01,Completed,100.0,False,9.0,2027-01-06,Resource Shortage,High,2,2027-01-06,61063.0
FB-010,2027-02-08,Completed,100.0,False,9.0,2027-01-06,Resource Shortage,High,6,2027-01-06,61063.0
FB-010,2027-02-15,Completed,100.0,False,9.0,2027-01-06,Resource Shortage,High,1,2027-01-06,61063.0
FB-010,2027-02-22,Completed,100.0,False,9.0,2027-01-06,Resource Shortage,High,2,2027-01-06,61063.0
FB-011,2026-12-07,Not Started,0.0,False,0.0,2027-01-27,,Low,1,,0.0
FB-011,2026-12-14,Not Started,0.0,False,0.0,2027-01-27,,Low,0,,0.0
FB-011,2026-12-21,Not Started,0.0,False,0.0,2027-01-27,,Low,2,,0.0
FB-011,2026-12-28,Not Started,0.0,False,0.0,2027-01-27,,Low,1,,0.0
FB-011,2027-01-04,Not Started,0.0,False,0.0,2027-01-27,,Low,0,,0.0
FB-011,2027-01-11,In Progress,8.4,False,2.0,2027-01-29,Vendor Delay,Medium,1,,4134.0
FB-011,2027-01-18,In Progress,48.4,False,2.0,2027-01-29,Vendor Delay,Medium,1,,23822.0
FB-011,2027-01-25,In Progress,89.7,False,2.0,2027-01-29,Vendor Delay,Medium,0,,44149.0
FB-011,2027-02-01,Completed,100.0,False,3.0,2027-01-30,Vendor Delay,Medium,2,2027-01-30,49218.0
FB-011,2027-02-08,Completed,100.0,False,3.0,2027-01-30,Vendor Delay,Medium,0,2027-01-30,49218.0
FB-011,2027-02-15,Completed,100.0,False,3.0,2027-01-30,Vendor Delay,Medium,1,2027-01-30,49218.0
FB-011,2027-02-22,Completed,100.0,False,3.0,2027-01-30,Vendor Delay,Medium,2,2027-01-30,49218.0
FB-012,2026-12-07,Not Started,0.0,False,0.0,2027-01-19,,Low,1,,0.0
FB-012,2026-12-14,Not Started,0.0,False,0.0,2027-01-19,,Low,0,,0.0
FB-012,2026-12-21,Not Started,0.0,False,0.0,2027-01-19,,Low,1,,0.0
FB-012,2026-12-28,Not Started,0.0,False,0.0,2027-01-19,,Low,0,,0.0
FB-012,2027-01-04,Not Started,0.0,False,0.0,2027-01-19,,Low,0,,0.0
FB-012,2027-01-11,In Progress,20.0,False,0.0,2027-01-18,,Low,1,,9434.0
FB-012,2027-01-18,In Progress,99.4,False,0.0,2027-01-18,,Low,0,,46885.0
FB-012,2027-01-25,Completed,100.0,False,0.0,2027-01-19,,Low,0,2027-01-19,47168.0
FB-012,2027-02-01,Completed,100.0,False,0.0,2027-01-19,,Low,0,2027-01-19,47168.0
FB-012,2027-02-08,Completed,100.0,False,0.0,2027-01-19,,Low,0,2027-01-19,47168.0
FB-012,2027-02-15,Completed,100.0,False,0.0,2027-01-19,,Low,0,2027-01-19,47168.0
FB-012,2027-02-22,Completed,100.0,False,0.0,2027-01-19,,Low,1,2027-01-19,47168.0
FB-013,2026-12-07,Not Started,0.0,False,0.0,2027-01-20,,Low,0,,0.0
FB-013,2026-12-14,Not Started,0.0,False,0.0,2027-01-20,,Low,0,,0.0
FB-013,2026-12-21,Not Started,0.0,False,0.0,2027-01-20,,Low,0,,0.0
FB-013,2026-12-28,Not Started,0.0,False,0.0,2027-01-20,,Low,0,,0.0
FB-013,2027-01-04,In Progress,15.1,False,0.0,2027-01-19,,Low,1,,1861.0
FB-013,2027-01-11,In Progress,63.3,False,0.0,2027-01-19,,Low,0,,7800.0
FB-013,2027-01-18,In Progress,98.7,False,0.0,2027-01-19,,Low,0,,12162.0
FB-013,2027-01-25,Completed,100.0,False,0.0,2027-01-20,,Low,1,2027-01-20,12322.0
FB-013,2027-02-01,Completed,100.0,False,0.0,2027-01-20,,Low,2,2027-01-20,12322.0
FB-013,2027-02-08,Completed,100.0,False,0.0,2027-01-20,,Low,0,2027-01-20,12322.0
FB-013,2027-02-15,Completed,100.0,False,0.0,2027-01-20,,Low,0,2027-01-20,12322.0
FB-013,2027-02-22,Completed,100.0,False,0.0,2027-01-20,,Low,0,2027-01-20,12322.0
FB-014,2026-12-07,Not Started,0.0,False,0.0,2027-01-18,,Low,0,,0.0
FB-014,2026-12-14,Not Started,0.0,False,0.0,2027-01-18,,Low,1,,0.0
FB-014,2026-12-21,Not Started,0.0,False,0.0,2027-01-18,,Low,0,,0.0
FB-014,2026-12-28,Not Started,0.0,False,0.0,2027-01-18,,Low,0,,0.0
FB-014,2027-01-04,Not Started,0.0,False,0.0,2027-01-18,,Low,1,,0.0
FB-014,2027-01-11,In Progress,41.2,False,0.0,2027-01-17,,Low,0,,53382.0
FB-014,2027-01-18,Completed,100.0,False,0.0,2027-01-17,,Low,0,2027-01-17,129569.0
FB-014,2027-01-25,Completed,100.0,False,0.0,2027-01-17,,Low,0,2027-01-17,129569.0
FB-014,2027-02-01,Completed,100.0,False,0.0,2027-01-17,,Low,0,2027-01-17,129569.0
FB-014,2027-02-08,Completed,100.0,False,0.0,2027-01-17,,Low,0,2027-01-17,129569.0
FB-014,2027-02-15,Completed,100.0,False,0.0,2027-01-17,,Low,1,2027-01-17,129569.0
FB-014,2027-02-22,Completed,100.0,False,0.0,2027-01-17,,Low,0,2027-01-17,129569.0
FB-015,2026-12-07,Not Started,0.0,False,0.0,2027-01-05,,Low,0,,0.0
FB-015,2026-12-14,Not Started,0.0,False,0.0,2027-01-05,,Low,0,,0.0
FB-015,2026-12-21,Not Started,0.0,False,0.0,2027-01-05,,Low,1,,0.0
FB-015,2026-12-28,Not Started,0.0,False,0.0,2027-01-05,,Low,2,,0.0
FB-015,2027-01-04,In Progress,93.6,False,0.0,2027-01-05,,Low,0,,76125.0
FB-015,2027-01-11,Completed,100.0,False,0.0,2027-01-05,,Low,0,2027-01-05,81330.0
FB-015,2027-01-18,Completed,100.0,False,0.0,2027-01-05,,Low,0,2027-01-05,81330.0
FB-015,2027-01-25,Completed,100.0,False,0.0,2027-01-05,,Low,0,2027-01-05,81330.0
FB-015,2027-02-01,Completed,100.0,False,0.0,2027-01-05,,Low,1,2027-01-05,81330.0
FB-015,2027-02-08,Completed,100.0,False,0.0,2027-01-05,,Low,0,2027-01-05,81330.0
FB-015,2027-02-15,Completed,100.0,False,0.0,2027-01-05,,Low,0,2027-01-05,81330.0
FB-015,2027-02-22,Completed,100.0,False,0.0,2027-01-05,,Low,1,2027-01-05,81330.0
FB-016,2026-12-07,Not Started,0.0,False,0.0,2027-01-24,,Low,0,,0.0
FB-016,2026-12-14,Not Started,0.0,False,0.0,2027-01-24,,Low,2,,0.0
FB-016,2026-12-21,Not Started,0.0,False,0.0,2027-01-24,,Low,0,,0.0
FB-016,2026-12-28,Not Started,0.0,False,0.0,2027-01-24,,Low,0,,0.0
FB-016,2027-01-04,Not Started,0.0,False,0.0,2027-01-24,,Low,1,,0.0
FB-016,2027-01-11,Not Started,0.0,False,0.0,2027-01-24,,Low,0,,0.0
FB-016,2027-01-18,In Progress,13.6,False,7.0,2027-01-31,Scope Change,Medium,2,,3037.0
FB-016,2027-01-25,In Progress,70.1,False,7.0,2027-01-31,Scope Change,Medium,0,,15657.0
FB-016,2027-02-01,Completed,100.0,False,2.0,2027-01-26,Scope Change,Medium,1,2027-01-26,22335.0
FB-016,2027-02-08,Completed,100.0,False,2.0,2027-01-26,Scope Change,Medium,0,2027-01-26,22335.0
FB-016,2027-02-15,Completed,100.0,False,2.0,2027-01-26,Scope Change,Medium,0,2027-01-26,22335.0
FB-016,2027-02-22,Completed,100.0,False,2.0,2027-01-26,Scope Change,Medium,1,2027-01-26,22335.0
FB-017,2026-12-07,Not Started,0.0,False,0.0,2027-01-25,,Low,2,,0.0
FB-017,2026-12-14,Not Started,0.0,False,0.0,2027-01-25,,Low,0,,0.0
FB-017,2026-12-21,Not Started,0.0,False,0.0,2027-01-25,,Low,0,,0.0
FB-017,2026-12-28,Not Started,0.0,False,0.0,2027-01-25,,Low,1,,0.0
FB-017,2027-01-04,Not Started,0.0,False,0.0,2027-01-25,,Low,0,,0.0
FB-017,2027-01-11,Not Started,0.0,False,0.0,2027-01-25,,Low,0,,0.0
FB-017,2027-01-18,In Progress,8.7,False,11.0,2027-02-05,Vendor Delay,High,1,,5204.0
FB-017,2027-01-25,In Progress,49.8,False,11.0,2027-02-05,Vendor Delay,High,1,,29787.0
FB-017,2027-02-01,In Progress,91.1,False,11.0,2027-02-05,Vendor Delay,High,3,,54489.0
FB-017,2027-02-08,Completed,100.0,False,12.0,2027-02-06,Vendor Delay,High,2,2027-02-06,59813.0
FB-017,2027-02-15,Completed,100.0,False,12.0,2027-02-06,Vendor Delay,High,1,2027-02-06,59813.0
FB-017,2027-02-22,Completed,100.0,False,12.0,2027-02-06,Vendor Delay,High,2,2027-02-06,59813.0
FB-018,2026-12-07,Not Started,0.0,False,0.0,2027-01-27,,Low,1,,0.0
FB-018,2026-12-14,Not Started,0.0,False,0.0,2027-01-27,,Low,1,,0.0
FB-018,2026-12-21,Not Started,0.0,False,0.0,2027-01-27,,Low,0,,0.0
FB-018,2026-12-28,Not Started,0.0,False,0.0,2027-01-27,,Low,1,,0.0
FB-018,2027-01-04,Not Started,0.0,False,0.0,2027-01-27,,Low,0,,0.0
FB-018,2027-01-11,Not Started,0.0,False,0.0,2027-01-27,,Low,0,,0.0
FB-018,2027-01-18,In Progress,18.3,False,0.0,2027-01-26,,Low,0,,19428.0
FB-018,2027-01-25,In Progress,97.7,False,0.0,2027-01-26,,Low,0,,103725.0
FB-018,2027-02-01,Completed,100.0,False,0.0,2027-01-27,,Low,1,2027-01-27,106166.0
FB-018,2027-02-08,Completed,100.0,False,0.0,2027-01-27,,Low,0,2027-01-27,106166.0
FB-018,2027-02-15,Completed,100.0,False,0.0,2027-01-27,,Low,0,2027-01-27,106166.0
FB-018,2027-02-22,Completed,100.0,False,0.0,2027-01-27,,Low,0,2027-01-27,106166.0
FB-019,2026-12-07,Not Started,0.0,False,0.0,2027-01-18,,Low,0,,0.0
FB-019,2026-12-14,Not Started,0.0,False,0.0,2027-01-18,,Low,0,,0.0
FB-019,2026-12-21,Not Started,0.0,False,0.0,2027-01-18,,Low,0,,0.0
FB-019,2026-12-28,Not Started,0.0,False,0.0,2027-01-18,,Low,0,,0.0
FB-019,2027-01-04,In Progress,25.1,False,0.0,2027-01-16,,Low,0,,9720.0
FB-019,2027-01-11,In Progress,79.5,False,0.0,2027-01-16,,Low,0,,30788.0
FB-019,2027-01-18,Completed,100.0,False,0.0,2027-01-15,,Low,0,2027-01-15,38727.0
FB-019,2027-01-25,Completed,100.0,False,0.0,2027-01-15,,Low,0,2027-01-15,38727.0
FB-019,2027-02-01,Completed,100.0,False,0.0,2027-01-15,,Low,0,2027-01-15,38727.0
FB-019,2027-02-08,Completed,100.0,False,0.0,2027-01-15,,Low,0,2027-01-15,38727.0
FB-019,2027-02-15,Completed,100.0,False,0.0,2027-01-15,,Low,0,2027-01-15,38727.0
FB-019,2027-02-22,Completed,100.0,False,0.0,2027-01-15,,Low,0,2027-01-15,38727.0
FB-020,2026-12-07,Not Started,0.0,False,0.0,2027-01-12,,Low,0,,0.0
FB-020,2026-12-14,Not Started,0.0,False,0.0,2027-01-12,,Low,1,,0.0
FB-020,2026-12-21,Not Started,0.0,False,0.0,2027-01-12,,Low,1,,0.0
FB-020,2026-12-28,Not Started,0.0,False,0.0,2027-01-12,,Low,1,,0.0
FB-020,2027-01-04,In Progress,0.0,False,0.0,2027-01-12,,Low,0,,0.0
FB-020,2027-01-11,In Progress,90.6,False,0.0,2027-01-12,,Low,0,,34622.0
FB-020,2027-01-18,Completed,100.0,False,3.0,2027-01-15,Scope Change,Medium,1,2027-01-15,38214.0
FB-020,2027-01-25,Completed,100.0,False,3.0,2027-01-15,Scope Change,Medium,1,2027-01-15,38214.0
FB-020,2027-02-01,Completed,100.0,False,3.0,2027-01-15,Scope Change,Medium,0,2027-01-15,38214.0
FB-020,2027-02-08,Completed,100.0,False,3.0,2027-01-15,Scope Change,Medium,1,2027-01-15,38214.0
FB-020,2027-02-15,Completed,100.0,False,3.0,2027-01-15,Scope Change,Medium,1,2027-01-15,38214.0
FB-020,2027-02-22,Completed,100.0,False,3.0,2027-01-15,Scope Change,Medium,1,2027-01-15,38214.0
FB-021,2026-12-07,Not Started,0.0,False,0.0,2027-01-05,,Low,0,,0.0
FB-021,2026-12-14,Not Started,0.0,False,0.0,2027-01-05,,Low,0,,0.0
FB-021,2026-12-21,Not Started,0.0,False,0.0,2027-01-05,,Low,0,,0.0
FB-021,2026-12-28,In Progress,0.0,False,0.0,2027-01-04,,Low,0,,0.0
FB-021,2027-01-04,In Progress,99.8,False,0.0,2027-01-04,,Low,1,,29009.0
FB-021,2027-01-11,Completed,100.0,False,6.0,2027-01-11,Scope Change,Medium,0,2027-01-11,29068.0
FB-021,2027-01-18,Completed,100.0,False,6.0,2027-01-11,Scope Change,Medium,3,2027-01-11,29068.0
FB-021,2027-01-25,Completed,100.0,False,6.0,2027-01-11,Scope Change,Medium,2,2027-01-11,29068.0
FB-021,2027-02-01,Completed,100.0,False,6.0,2027-01-11,Scope Change,Medium,0,2027-01-11,29068.0
FB-021,2027-02-08,Completed,100.0,False,6.0,2027-01-11,Scope Change,Medium,1,2027-01-11,29068.0
FB-021,2027-02-15,Completed,100.0,False,6.0,2027-01-11,Scope Change,Medium,0,2027-01-11,29068.0
FB-021,2027-02-22,Completed,100.0,False,6.0,2027-01-11,Scope Change,Medium,2,2027-01-11,29068.0
FB-022,2026-12-07,Not Started,0.0,False,0.0,2027-01-22,,Low,0,,0.0
FB-022,2026-12-14,Not Started,0.0,False,0.0,2027-01-22,,Low,0,,0.0
FB-022,2026-12-21,Not Started,0.0,False,0.0,2027-01-22,,Low,1,,0.0
FB-022,2026-12-28,Not Started,0.0,False,0.0,2027-01-22,,Low,0,,0.0
FB-022,2027-01-04,Not Started,0.0,False,0.0,2027-01-22,,Low,0,,0.0
FB-022,2027-01-11,Not Started,0.0,False,0.0,2027-01-22,,Low,3,,0.0
FB-022,2027-01-18,In Progress,37.8,False,0.0,2027-01-22,,Low,0,,8097.0
FB-022,2027-01-25,Completed,100.0,False,0.0,2027-01-20,,Low,0,2027-01-20,21421.0
FB-022,2027-02-01,Completed,100.0,False,0.0,2027-01-20,,Low,0,2027-01-20,21421.0
FB-022,2027-02-08,Completed,100.0,False,0.0,2027-01-20,,Low,0,2027-01-20,21421.0
FB-022,2027-02-15,Completed,100.0,False,0.0,2027-01-20,,Low,1,2027-01-20,21421.0
FB-022,2027-02-22,Completed,100.0,False,0.0,2027-01-20,,Low,0,2027-01-20,21421.0
FB-023,2026-12-07,Not Started,0.0,False,0.0,2027-02-01,,Low,0,,0.0
FB-023,2026-12-14,Not Started,0.0,False,0.0,2027-02-01,,Low,0,,0.0
FB-023,2026-12-21,Not Started,0.0,False,0.0,2027-02-01,,Low,0,,0.0
FB-023,2026-12-28,Not Started,0.0,False,0.0,2027-02-01,,Low,0,,0.0
FB-023,2027-01-04,Not Started,0.0,False,0.0,2027-02-01,,Low,0,,0.0
FB-023,2027-01-11,Not Started,0.0,False,0.0,2027-02-01,,Low,0,,0.0
FB-023,2027-01-18,Not Started,0.0,False,0.0,2027-02-01,,Low,1,,0.0
FB-023,2027-01-25,In Progress,0.0,False,0.0,2027-02-01,,Low,0,,0.0
FB-023,2027-02-01,Completed,100.0,False,0.0,2027-01-27,,Low,0,2027-01-27,17126.0
FB-023,2027-02-08,Completed,100.0,False,0.0,2027-01-27,,Low,0,2027-01-27,17126.0
FB-023,2027-02-15,Completed,100.0,False,0.0,2027-01-27,,Low,0,2027-01-27,17126.0
FB-023,2027-02-22,Completed,100.0,False,0.0,2027-01-27,,Low,0,2027-01-27,17126.0
FB-024,2026-12-07,Not Started,0.0,False,0.0,2027-02-12,,Low,1,,0.0
FB-024,2026-12-14,Not Started,0.0,False,0.0,2027-02-12,,Low,0,,0.0
FB-024,2026-12-21,Not Started,0.0,False,0.0,2027-02-12,,Low,1,,0.0
FB-024,2026-12-28,Not Started,0.0,False,0.0,2027-02-12,,Low,0,,0.0
FB-024,2027-01-04,Not Started,0.0,False,0.0,2027-02-12,,Low,0,,0.0
FB-024,2027-01-11,Not Started,0.0,False,0.0,2027-02-12,,Low,1,,0.0
FB-024,2027-01-18,Not Started,0.0,False,0.0,2027-02-12,,Low,0,,0.0
FB-024,2027-01-25,Not Started,0.0,False,0.0,2027-02-12,,Low,0,,0.0
FB-024,2027-02-01,Not Started,0.0,False,0.0,2027-02-12,,Low,0,,0.0
FB-024,2027-02-08,On Hold,3.7,True,19.0,2027-03-03,Design/Technical Issue,Critical,4,,4430.0
FB-024,2027-02-15,On Hold,3.7,True,19.0,2027-03-03,Design/Technical Issue,Critical,7,,4430.0
FB-024,2027-02-22,On Hold,3.7,True,19.0,2027-03-03,Design/Technical Issue,Critical,3,,4430.0
FB-025,2026-12-07,Not Started,0.0,False,0.0,2027-01-31,,Low,0,,0.0
FB-025,2026-12-14,Not Started,0.0,False,0.0,2027-01-31,,Low,2,,0.0
FB-025,2026-12-21,Not Started,0.0,False,0.0,2027-01-31,,Low,1,,0.0
FB-025,2026-12-28,Not Started,0.0,False,0.0,2027-01-31,,Low,1,,0.0
FB-025,2027-01-04,Not Started,0.0,False,0.0,2027-01-31,,Low,0,,0.0
FB-025,2027-01-11,Not Started,0.0,False,0.0,2027-01-31,,Low,1,,0.0
FB-025,2027-01-18,Not Started,0.0,False,0.0,2027-01-31,,Low,0,,0.0
FB-025,2027-01-25,In Progress,20.6,False,1.0,2027-02-01,Resource Shortage,Medium,0,,16530.0
FB-025,2027-02-01,In Progress,99.8,False,1.0,2027-02-01,Resource Shortage,Medium,2,,80084.0
FB-025,2027-02-08,Completed,100.0,False,5.0,2027-02-05,Resource Shortage,Medium,2,2027-02-05,80245.0
FB-025,2027-02-15,Completed,100.0,False,5.0,2027-02-05,Resource Shortage,Medium,0,2027-02-05,80245.0
FB-025,2027-02-22,Completed,100.0,False,5.0,2027-02-05,Resource Shortage,Medium,1,2027-02-05,80245.0
FB-026,2026-12-07,Not Started,0.0,False,0.0,2027-02-02,,Low,0,,0.0
FB-026,2026-12-14,Not Started,0.0,False,0.0,2027-02-02,,Low,1,,0.0
FB-026,2026-12-21,Not Started,0.0,False,0.0,2027-02-02,,Low,0,,0.0
FB-026,2026-12-28,Not Started,0.0,False,0.0,2027-02-02,,Low,1,,0.0
FB-026,2027-01-04,Not Started,0.0,False,0.0,2027-02-02,,Low,1,,0.0
FB-026,2027-01-11,Not Started,0.0,False,0.0,2027-02-02,,Low,1,,0.0
FB-026,2027-01-18,Not Started,0.0,False,0.0,2027-02-02,,Low,0,,0.0
FB-026,2027-01-25,Not Started,0.0,False,0.0,2027-02-02,,Low,0,,0.0
FB-026,2027-02-01,In Progress,83.4,False,0.0,2027-02-02,,Low,1,,26055.0
FB-026,2027-02-08,Completed,100.0,False,3.0,2027-02-05,Design/Technical Issue,Medium,1,2027-02-05,31241.0
FB-026,2027-02-15,Completed,100.0,False,3.0,2027-02-05,Design/Technical Issue,Medium,1,2027-02-05,31241.0
FB-026,2027-02-22,Completed,100.0,False,3.0,2027-02-05,Design/Technical Issue,Medium,0,2027-02-05,31241.0
FB-027,2026-12-07,Not Started,0.0,False,0.0,2027-02-08,,Low,0,,0.0
FB-027,2026-12-14,Not Started,0.0,False,0.0,2027-02-08,,Low,1,,0.0
FB-027,2026-12-21,Not Started,0.0,False,0.0,2027-02-08,,Low,0,,0.0
FB-027,2026-12-28,Not Started,0.0,False,0.0,2027-02-08,,Low,0,,0.0
FB-027,2027-01-04,Not Started,0.0,False,0.0,2027-02-08,,Low,0,,0.0
FB-027,2027-01-11,Not Started,0.0,False,0.0,2027-02-08,,Low,0,,0.0
FB-027,2027-01-18,Not Started,0.0,False,0.0,2027-02-08,,Low,0,,0.0
FB-027,2027-01-25,In Progress,0.0,False,0.0,2027-02-07,,Low,1,,0.0
FB-027,2027-02-01,In Progress,19.7,False,0.0,2027-02-07,,Low,0,,30299.0
FB-027,2027-02-08,Completed,100.0,False,0.0,2027-02-02,,Low,0,2027-02-02,153800.0
FB-027,2027-02-15,Completed,100.0,False,0.0,2027-02-02,,Low,1,2027-02-02,153800.0
FB-027,2027-02-22,Completed,100.0,False,0.0,2027-02-02,,Low,0,2027-02-02,153800.0
FB-028,2026-12-07,Not Started,0.0,False,0.0,2027-02-15,,Low,0,,0.0
FB-028,2026-12-14,Not Started,0.0,False,0.0,2027-02-15,,Low,1,,0.0
FB-028,2026-12-21,Not Started,0.0,False,0.0,2027-02-15,,Low,0,,0.0
FB-028,2026-12-28,Not Started,0.0,False,0.0,2027-02-15,,Low,1,,0.0
FB-028,2027-01-04,Not Started,0.0,False,0.0,2027-02-15,,Low,0,,0.0
FB-028,2027-01-11,Not Started,0.0,False,0.0,2027-02-15,,Low,0,,0.0
FB-028,2027-01-18,Not Started,0.0,False,0.0,2027-02-15,,Low,0,,0.0
FB-028,2027-01-25,Not Started,0.0,False,0.0,2027-02-15,,Low,0,,0.0
FB-028,2027-02-01,Not Started,0.0,False,0.0,2027-02-15,,Low,0,,0.0
FB-028,2027-02-08,In Progress,12.9,False,10.0,2027-02-25,Design/Technical Issue,High,1,,7286.0
FB-028,2027-02-15,In Progress,55.8,False,10.0,2027-02-25,Design/Technical Issue,High,0,,31518.0
FB-028,2027-02-22,In Progress,94.2,False,10.0,2027-02-25,Design/Technical Issue,High,2,,53208.0
FB-029,2026-12-07,Not Started,0.0,False,0.0,2027-02-15,,Low,1,,0.0
FB-029,2026-12-14,Not Started,0.0,False,0.0,2027-02-15,,Low,0,,0.0
FB-029,2026-12-21,Not Started,0.0,False,0.0,2027-02-15,,Low,0,,0.0
FB-029,2026-12-28,Not Started,0.0,False,0.0,2027-02-15,,Low,0,,0.0
FB-029,2027-01-04,Not Started,0.0,False,0.0,2027-02-15,,Low,2,,0.0
FB-029,2027-01-11,Not Started,0.0,False,0.0,2027-02-15,,Low,0,,0.0
FB-029,2027-01-18,Not Started,0.0,False,0.0,2027-02-15,,Low,0,,0.0
FB-029,2027-01-25,In Progress,5.0,False,0.0,2027-02-13,,Low,1,,1030.0
FB-029,2027-02-01,In Progress,42.4,False,0.0,2027-02-13,,Low,0,,8738.0
FB-029,2027-02-08,In Progress,85.9,False,0.0,2027-02-13,,Low,0,,17703.0
FB-029,2027-02-15,Completed,100.0,False,0.0,2027-02-14,,Low,1,2027-02-14,20609.0
FB-029,2027-02-22,Completed,100.0,False,0.0,2027-02-14,,Low,0,2027-02-14,20609.0
FB-030,2026-12-07,Not Started,0.0,False,0.0,2027-01-31,,Low,0,,0.0
FB-030,2026-12-14,Not Started,0.0,False,0.0,2027-01-31,,Low,0,,0.0
FB-030,2026-12-21,Not Started,0.0,False,0.0,2027-01-31,,Low,0,,0.0
FB-030,2026-12-28,Not Started,0.0,False,0.0,2027-01-31,,Low,0,,0.0
FB-030,2027-01-04,Not Started,0.0,False,0.0,2027-01-31,,Low,0,,0.0
FB-030,2027-01-11,Not Started,0.0,False,0.0,2027-01-31,,Low,0,,0.0
FB-030,2027-01-18,In Progress,0.0,False,7.0,2027-02-07,Scope Change,Medium,2,,0.0
FB-030,2027-01-25,In Progress,26.1,False,7.0,2027-02-07,Scope Change,Medium,1,,5856.0
FB-030,2027-02-01,In Progress,74.3,False,7.0,2027-02-07,Scope Change,Medium,0,,16672.0
FB-030,2027-02-08,Completed,100.0,False,8.0,2027-02-08,Scope Change,High,5,2027-02-08,22438.0
FB-030,2027-02-15,Completed,100.0,False,8.0,2027-02-08,Scope Change,High,2,2027-02-08,22438.0
FB-030,2027-02-22,Completed,100.0,False,8.0,2027-02-08,Scope Change,High,2,2027-02-08,22438.0
FB-031,2026-12-07,Not Started,0.0,False,0.0,2027-02-25,,Low,0,,0.0
FB-031,2026-12-14,Not Started,0.0,False,0.0,2027-02-25,,Low,0,,0.0
FB-031,2026-12-21,Not Started,0.0,False,0.0,2027-02-25,,Low,0,,0.0
FB-031,2026-12-28,Not Started,0.0,False,0.0,2027-02-25,,Low,0,,0.0
FB-031,2027-01-04,Not Started,0.0,False,0.0,2027-02-25,,Low,0,,0.0
FB-031,2027-01-11,Not Started,0.0,False,0.0,2027-02-25,,Low,1,,0.0
FB-031,2027-01-18,Not Started,0.0,False,0.0,2027-02-25,,Low,0,,0.0
FB-031,2027-01-25,Not Started,0.0,False,0.0,2027-02-25,,Low,0,,0.0
FB-031,2027-02-01,Not Started,0.0,False,0.0,2027-02-25,,Low,1,,0.0
FB-031,2027-02-08,Not Started,0.0,False,0.0,2027-02-25,,Low,0,,0.0
FB-031,2027-02-15,Not Started,0.0,False,0.0,2027-02-25,,Low,0,,0.0
FB-031,2027-02-22,On Hold,5.6,True,15.0,2027-03-12,Vendor Delay,Critical,3,,2446.0
FB-032,2026-12-07,Not Started,0.0,False,0.0,2027-02-15,,Low,0,,0.0
FB-032,2026-12-14,Not Started,0.0,False,0.0,2027-02-15,,Low,0,,0.0
FB-032,2026-12-21,Not Started,0.0,False,0.0,2027-02-15,,Low,0,,0.0
FB-032,2026-12-28,Not Started,0.0,False,0.0,2027-02-15,,Low,0,,0.0
FB-032,2027-01-04,Not Started,0.0,False,0.0,2027-02-15,,Low,0,,0.0
FB-032,2027-01-11,Not Started,0.0,False,0.0,2027-02-15,,Low,0,,0.0
FB-032,2027-01-18,Not Started,0.0,False,0.0,2027-02-15,,Low,0,,0.0
FB-032,2027-01-25,Not Started,0.0,False,0.0,2027-02-15,,Low,0,,0.0
FB-032,2027-02-01,In Progress,0.0,False,0.0,2027-02-15,,Low,1,,0.0
FB-032,2027-02-08,In Progress,45.5,False,0.0,2027-02-15,,Low,0,,12139.0
FB-032,2027-02-15,In Progress,99.0,False,0.0,2027-02-15,,Low,0,,26412.0
FB-032,2027-02-22,Completed,100.0,False,1.0,2027-02-16,Scope Change,High,1,2027-02-16,26679.0
FIN-001,2026-12-07,Not Started,0.0,False,0.0,2027-01-08,,Low,0,,0.0
FIN-001,2026-12-14,Not Started,0.0,False,0.0,2027-01-08,,Low,0,,0.0
FIN-001,2026-12-21,In Progress,1.8,False,1.0,2027-01-09,Design/Technical Issue,Medium,1,,68.0
FIN-001,2026-12-28,In Progress,25.2,False,1.0,2027-01-09,Design/Technical Issue,Medium,1,,946.0
FIN-001,2027-01-04,In Progress,76.6,False,1.0,2027-01-09,Design/Technical Issue,Medium,1,,2875.0
FIN-001,2027-01-11,Completed,100.0,False,1.0,2027-01-09,Design/Technical Issue,Medium,1,2027-01-09,3753.0
FIN-001,2027-01-18,Completed,100.0,False,1.0,2027-01-09,Design/Technical Issue,Medium,2,2027-01-09,3753.0
FIN-001,2027-01-25,Completed,100.0,False,1.0,2027-01-09,Design/Technical Issue,Medium,0,2027-01-09,3753.0
FIN-001,2027-02-01,Completed,100.0,False,1.0,2027-01-09,Design/Technical Issue,Medium,0,2027-01-09,3753.0
FIN-001,2027-02-08,Completed,100.0,False,1.0,2027-01-09,Design/Technical Issue,Medium,0,2027-01-09,3753.0
FIN-001,2027-02-15,Completed,100.0,False,1.0,2027-01-09,Design/Technical Issue,Medium,1,2027-01-09,3753.0
FIN-001,2027-02-22,Completed,100.0,False,1.0,2027-01-09,Design/Technical Issue,Medium,0,2027-01-09,3753.0
FIN-002,2026-12-07,Not Started,0.0,False,0.0,2026-12-25,,Low,1,,0.0
FIN-002,2026-12-14,Not Started,0.0,False,0.0,2026-12-25,,Low,1,,0.0
FIN-002,2026-12-21,Not Started,0.0,False,0.0,2026-12-25,,Low,1,,0.0
FIN-002,2026-12-28,Completed,100.0,False,2.0,2026-12-27,Scope Change,Medium,3,2026-12-27,24607.0
FIN-002,2027-01-04,Completed,100.0,False,2.0,2026-12-27,Scope Change,Medium,0,2026-12-27,24607.0
FIN-002,2027-01-11,Completed,100.0,False,2.0,2026-12-27,Scope Change,Medium,1,2026-12-27,24607.0
FIN-002,2027-01-18,Completed,100.0,False,2.0,2026-12-27,Scope Change,Medium,0,2026-12-27,24607.0
FIN-002,2027-01-25,Completed,100.0,False,2.0,2026-12-27,Scope Change,Medium,0,2026-12-27,24607.0
FIN-002,2027-02-01,Completed,100.0,False,2.0,2026-12-27,Scope Change,Medium,2,2026-12-27,24607.0
FIN-002,2027-02-08,Completed,100.0,False,2.0,2026-12-27,Scope Change,Medium,2,2026-12-27,24607.0
FIN-002,2027-02-15,Completed,100.0,False,2.0,2026-12-27,Scope Change,Medium,2,2026-12-27,24607.0
FIN-002,2027-02-22,Completed,100.0,False,2.0,2026-12-27,Scope Change,Medium,0,2026-12-27,24607.0
FIN-003,2026-12-07,Not Started,0.0,False,0.0,2026-12-27,,Low,0,,0.0
FIN-003,2026-12-14,Not Started,0.0,False,0.0,2026-12-27,,Low,1,,0.0
FIN-003,2026-12-21,In Progress,9.1,False,11.0,2027-01-07,Scope Change,High,0,,542.0
FIN-003,2026-12-28,In Progress,51.8,False,11.0,2027-01-07,Scope Change,High,1,,3084.0
FIN-003,2027-01-04,In Progress,93.0,False,11.0,2027-01-07,Scope Change,High,1,,5536.0
FIN-003,2027-01-11,Completed,100.0,False,15.0,2027-01-11,Scope Change,High,1,2027-01-11,5953.0
FIN-003,2027-01-18,Completed,100.0,False,15.0,2027-01-11,Scope Change,High,0,2027-01-11,5953.0
FIN-003,2027-01-25,Completed,100.0,False,15.0,2027-01-11,Scope Change,High,2,2027-01-11,5953.0
FIN-003,2027-02-01,Completed,100.0,False,15.0,2027-01-11,Scope Change,High,3,2027-01-11,5953.0
FIN-003,2027-02-08,Completed,100.0,False,15.0,2027-01-11,Scope Change,High,0,2027-01-11,5953.0
FIN-003,2027-02-15,Completed,100.0,False,15.0,2027-01-11,Scope Change,High,3,2027-01-11,5953.0
FIN-003,2027-02-22,Completed,100.0,False,15.0,2027-01-11,Scope Change,High,0,2027-01-11,5953.0
FIN-004,2026-12-07,Not Started,0.0,False,0.0,2027-01-05,,Low,0,,0.0
FIN-004,2026-12-14,Not Started,0.0,False,0.0,2027-01-05,,Low,0,,0.0
FIN-004,2026-12-21,Not Started,0.0,False,0.0,2027-01-05,,Low,0,,0.0
FIN-004,2026-12-28,In Progress,15.0,False,1.0,2027-01-06,Vendor Delay,Medium,1,,3658.0
FIN-004,2027-01-04,In Progress,91.0,False,1.0,2027-01-06,Vendor Delay,Medium,1,,22194.0
FIN-004,2027-01-11,Completed,100.0,False,4.0,2027-01-09,Vendor Delay,Medium,1,2027-01-09,24389.0
FIN-004,2027-01-18,Completed,100.0,False,4.0,2027-01-09,Vendor Delay,Medium,0,2027-01-09,24389.0
FIN-004,2027-01-25,Completed,100.0,False,4.0,2027-01-09,Vendor Delay,Medium,2,2027-01-09,24389.0
FIN-004,2027-02-01,Completed,100.0,False,4.0,2027-01-09,Vendor Delay,Medium,0,2027-01-09,24389.0
FIN-004,2027-02-08,Completed,100.0,False,4.0,2027-01-09,Vendor Delay,Medium,0,2027-01-09,24389.0
FIN-004,2027-02-15,Completed,100.0,False,4.0,2027-01-09,Vendor Delay,Medium,0,2027-01-09,24389.0
FIN-004,2027-02-22,Completed,100.0,False,4.0,2027-01-09,Vendor Delay,Medium,1,2027-01-09,24389.0
FIN-005,2026-12-07,Not Started,0.0,False,0.0,2026-12-23,,Low,1,,0.0
FIN-005,2026-12-14,Not Started,0.0,False,0.0,2026-12-23,,Low,1,,0.0
FIN-005,2026-12-21,In Progress,33.8,False,4.0,2026-12-27,Resource Shortage,Medium,1,,13768.0
FIN-005,2026-12-28,Completed,100.0,False,0.0,2026-12-23,,Low,1,2026-12-23,40734.0
FIN-005,2027-01-04,Completed,100.0,False,0.0,2026-12-23,,Low,0,2026-12-23,40734.0
FIN-005,2027-01-11,Completed,100.0,False,0.0,2026-12-23,,Low,0,2026-12-23,40734.0
FIN-005,2027-01-18,Completed,100.0,False,0.0,2026-12-23,,Low,0,2026-12-23,40734.0
FIN-005,2027-01-25,Completed,100.0,False,0.0,2026-12-23,,Low,0,2026-12-23,40734.0
FIN-005,2027-02-01,Completed,100.0,False,0.0,2026-12-23,,Low,0,2026-12-23,40734.0
FIN-005,2027-02-08,Completed,100.0,False,0.0,2026-12-23,,Low,0,2026-12-23,40734.0
FIN-005,2027-02-15,Completed,100.0,False,0.0,2026-12-23,,Low,0,2026-12-23,40734.0
FIN-005,2027-02-22,Completed,100.0,False,0.0,2026-12-23,,Low,0,2026-12-23,40734.0
FIN-006,2026-12-07,Not Started,0.0,False,0.0,2027-01-06,,Low,0,,0.0
FIN-006,2026-12-14,Not Started,0.0,False,0.0,2027-01-06,,Low,0,,0.0
FIN-006,2026-12-21,In Progress,4.7,False,10.0,2027-01-16,Design/Technical Issue,High,5,,397.0
FIN-006,2026-12-28,In Progress,29.6,False,10.0,2027-01-16,Design/Technical Issue,High,5,,2500.0
FIN-006,2027-01-04,In Progress,63.3,False,10.0,2027-01-16,Design/Technical Issue,High,3,,5347.0
FIN-006,2027-01-11,In Progress,91.3,False,10.0,2027-01-16,Design/Technical Issue,High,1,,7712.0
FIN-006,2027-01-18,Completed,100.0,False,12.0,2027-01-18,Design/Technical Issue,High,4,2027-01-18,8447.0
FIN-006,2027-01-25,Completed,100.0,False,12.0,2027-01-18,Design/Technical Issue,High,4,2027-01-18,8447.0
FIN-006,2027-02-01,Completed,100.0,False,12.0,2027-01-18,Design/Technical Issue,High,3,2027-01-18,8447.0
FIN-006,2027-02-08,Completed,100.0,False,12.0,2027-01-18,Design/Technical Issue,High,1,2027-01-18,8447.0
FIN-006,2027-02-15,Completed,100.0,False,12.0,2027-01-18,Design/Technical Issue,High,0,2027-01-18,8447.0
FIN-006,2027-02-22,Completed,100.0,False,12.0,2027-01-18,Design/Technical Issue,High,2,2027-01-18,8447.0
FIN-007,2026-12-07,Not Started,0.0,False,0.0,2026-12-25,,Low,0,,0.0
FIN-007,2026-12-14,In Progress,18.3,False,0.0,2026-12-24,,Low,0,,5887.0
FIN-007,2026-12-21,In Progress,84.5,False,0.0,2026-12-24,,Low,0,,27181.0
FIN-007,2026-12-28,Completed,100.0,False,0.0,2026-12-25,,Low,0,2026-12-25,32167.0
FIN-007,2027-01-04,Completed,100.0,False,0.0,2026-12-25,,Low,0,2026-12-25,32167.0
FIN-007,2027-01-11,Completed,100.0,False,0.0,2026-12-25,,Low,1,2026-12-25,32167.0
FIN-007,2027-01-18,Completed,100.0,False,0.0,2026-12-25,,Low,0,2026-12-25,32167.0
FIN-007,2027-01-25,Completed,100.0,False,0.0,2026-12-25,,Low,1,2026-12-25,32167.0
FIN-007,2027-02-01,Completed,100.0,False,0.0,2026-12-25,,Low,0,2026-12-25,32167.0
FIN-007,2027-02-08,Completed,100.0,False,0.0,2026-12-25,,Low,1,2026-12-25,32167.0
FIN-007,2027-02-15,Completed,100.0,False,0.0,2026-12-25,,Low,1,2026-12-25,32167.0
FIN-007,2027-02-22,Completed,100.0,False,0.0,2026-12-25,,Low,0,2026-12-25,32167.0
FIN-008,2026-12-07,Not Started,0.0,False,0.0,2026-12-11,,Low,0,,0.0
FIN-008,2026-12-14,Completed,100.0,False,0.0,2026-12-11,,Low,0,2026-12-11,3475.0
FIN-008,2026-12-21,Completed,100.0,False,0.0,2026-12-11,,Low,1,2026-12-11,3475.0
FIN-008,2026-12-28,Completed,100.0,False,0.0,2026-12-11,,Low,1,2026-12-11,3475.0
FIN-008,2027-01-04,Completed,100.0,False,0.0,2026-12-11,,Low,0,2026-12-11,3475.0
FIN-008,2027-01-11,Completed,100.0,False,0.0,2026-12-11,,Low,0,2026-12-11,3475.0
FIN-008,2027-01-18,Completed,100.0,False,0.0,2026-12-11,,Low,0,2026-12-11,3475.0
FIN-008,2027-01-25,Completed,100.0,False,0.0,2026-12-11,,Low,1,2026-12-11,3475.0
FIN-008,2027-02-01,Completed,100.0,False,0.0,2026-12-11,,Low,0,2026-12-11,3475.0
FIN-008,2027-02-08,Completed,100.0,False,0.0,2026-12-11,,Low,1,2026-12-11,3475.0
FIN-008,2027-02-15,Completed,100.0,False,0.0,2026-12-11,,Low,1,2026-12-11,3475.0
FIN-008,2027-02-22,Completed,100.0,False,0.0,2026-12-11,,Low,0,2026-12-11,3475.0
FIN-009,2026-12-07,Not Started,0.0,False,0.0,2026-12-20,,Low,0,,0.0
FIN-009,2026-12-14,Not Started,0.0,False,0.0,2026-12-20,,Low,0,,0.0
FIN-009,2026-12-21,Completed,100.0,False,0.0,2026-12-17,,Low,0,2026-12-17,15462.0
FIN-009,2026-12-28,Completed,100.0,False,0.0,2026-12-17,,Low,0,2026-12-17,15462.0
FIN-009,2027-01-04,Completed,100.0,False,0.0,2026-12-17,,Low,0,2026-12-17,15462.0
FIN-009,2027-01-11,Completed,100.0,False,0.0,2026-12-17,,Low,0,2026-12-17,15462.0
FIN-009,2027-01-18,Completed,100.0,False,0.0,2026-12-17,,Low,0,2026-12-17,15462.0
FIN-009,2027-01-25,Completed,100.0,False,0.0,2026-12-17,,Low,0,2026-12-17,15462.0
FIN-009,2027-02-01,Completed,100.0,False,0.0,2026-12-17,,Low,0,2026-12-17,15462.0
FIN-009,2027-02-08,Completed,100.0,False,0.0,2026-12-17,,Low,1,2026-12-17,15462.0
FIN-009,2027-02-15,Completed,100.0,False,0.0,2026-12-17,,Low,0,2026-12-17,15462.0
FIN-009,2027-02-22,Completed,100.0,False,0.0,2026-12-17,,Low,1,2026-12-17,15462.0
FIN-010,2026-12-07,Not Started,0.0,False,0.0,2027-01-07,,Low,1,,0.0
FIN-010,2026-12-14,Not Started,0.0,False,0.0,2027-01-07,,Low,0,,0.0
FIN-010,2026-12-21,In Progress,5.7,False,18.0,2027-01-25,Design/Technical Issue,High,3,,599.0
FIN-010,2026-12-28,In Progress,23.3,False,18.0,2027-01-25,Design/Technical Issue,High,1,,2447.0
FIN-010,2027-01-04,In Progress,47.4,False,18.0,2027-01-25,Design/Technical Issue,High,1,,4979.0
FIN-010,2027-01-11,In Progress,72.0,False,18.0,2027-01-25,Design/Technical Issue,High,1,,7563.0
FIN-010,2027-01-18,Cancelled,72.0,False,18.0,2027-01-25,Design/Technical Issue,High,2,,7563.0
FIN-010,2027-01-25,Cancelled,72.0,False,18.0,2027-01-25,Design/Technical Issue,High,1,,7563.0
FIN-010,2027-02-01,Cancelled,72.0,False,18.0,2027-01-25,Design/Technical Issue,High,3,,7563.0
FIN-010,2027-02-08,Cancelled,72.0,False,18.0,2027-01-25,Design/Technical Issue,High,2,,7563.0
FIN-010,2027-02-15,Cancelled,72.0,False,18.0,2027-01-25,Design/Technical Issue,High,0,,7563.0
FIN-010,2027-02-22,Cancelled,72.0,False,18.0,2027-01-25,Design/Technical Issue,High,3,,7563.0
FIN-011,2026-12-07,Not Started,0.0,False,0.0,2027-01-04,,Low,0,,0.0
FIN-011,2026-12-14,Not Started,0.0,False,0.0,2027-01-04,,Low,2,,0.0
FIN-011,2026-12-21,Not Started,0.0,False,0.0,2027-01-04,,Low,1,,0.0
FIN-011,2026-12-28,In Progress,26.6,False,0.0,2027-01-02,,Low,0,,2374.0
FIN-011,2027-01-04,Completed,100.0,False,0.0,2027-01-03,,Low,0,2027-01-03,8924.0
FIN-011,2027-01-11,Completed,100.0,False,0.0,2027-01-03,,Low,1,2027-01-03,8924.0
FIN-011,2027-01-18,Completed,100.0,False,0.0,2027-01-03,,Low,0,2027-01-03,8924.0
FIN-011,2027-01-25,Completed,100.0,False,0.0,2027-01-03,,Low,2,2027-01-03,8924.0
FIN-011,2027-02-01,Completed,100.0,False,0.0,2027-01-03,,Low,0,2027-01-03,8924.0
FIN-011,2027-02-08,Completed,100.0,False,0.0,2027-01-03,,Low,1,2027-01-03,8924.0
FIN-011,2027-02-15,Completed,100.0,False,0.0,2027-01-03,,Low,0,2027-01-03,8924.0
FIN-011,2027-02-22,Completed,100.0,False,0.0,2027-01-03,,Low,0,2027-01-03,8924.0
FIN-012,2026-12-07,Not Started,0.0,False,0.0,2027-01-15,,Low,0,,0.0
FIN-012,2026-12-14,Not Started,0.0,False,0.0,2027-01-15,,Low,1,,0.0
FIN-012,2026-12-21,Not Started,0.0,False,0.0,2027-01-15,,Low,0,,0.0
FIN-012,2026-12-28,Not Started,0.0,False,0.0,2027-01-15,,Low,0,,0.0
FIN-012,2027-01-04,Not Started,0.0,False,0.0,2027-01-15,,Low,1,,0.0
FIN-012,2027-01-11,In Progress,56.7,False,0.0,2027-01-15,,Low,0,,7130.0
FIN-012,2027-01-18,Completed,100.0,False,0.0,2027-01-12,,Low,0,2027-01-12,12575.0
FIN-012,2027-01-25,Completed,100.0,False,0.0,2027-01-12,,Low,0,2027-01-12,12575.0
FIN-012,2027-02-01,Completed,100.0,False,0.0,2027-01-12,,Low,1,2027-01-12,12575.0
FIN-012,2027-02-08,Completed,100.0,False,0.0,2027-01-12,,Low,0,2027-01-12,12575.0
FIN-012,2027-02-15,Completed,100.0,False,0.0,2027-01-12,,Low,0,2027-01-12,12575.0
FIN-012,2027-02-22,Completed,100.0,False,0.0,2027-01-12,,Low,0,2027-01-12,12575.0
FIN-013,2026-12-07,Not Started,0.0,False,0.0,2027-01-18,,Low,1,,0.0
FIN-013,2026-12-14,Not Started,0.0,False,0.0,2027-01-18,,Low,0,,0.0
FIN-013,2026-12-21,Not Started,0.0,False,0.0,2027-01-18,,Low,0,,0.0
FIN-013,2026-12-28,Not Started,0.0,False,0.0,2027-01-18,,Low,0,,0.0
FIN-013,2027-01-04,Not Started,0.0,False,0.0,2027-01-18,,Low,0,,0.0
FIN-013,2027-01-11,In Progress,6.7,False,8.0,2027-01-26,Design/Technical Issue,High,0,,467.0
FIN-013,2027-01-18,In Progress,54.0,False,8.0,2027-01-26,Design/Technical Issue,High,0,,3761.0
FIN-013,2027-01-25,In Progress,96.9,False,8.0,2027-01-26,Design/Technical Issue,High,0,,6748.0
FIN-013,2027-02-01,Completed,100.0,False,9.0,2027-01-27,Design/Technical Issue,High,3,2027-01-27,6964.0
FIN-013,2027-02-08,Completed,100.0,False,9.0,2027-01-27,Design/Technical Issue,High,0,2027-01-27,6964.0
FIN-013,2027-02-15,Completed,100.0,False,9.0,2027-01-27,Design/Technical Issue,High,4,2027-01-27,6964.0
FIN-013,2027-02-22,Completed,100.0,False,9.0,2027-01-27,Design/Technical Issue,High,0,2027-01-27,6964.0
FIN-014,2026-12-07,Not Started,0.0,False,0.0,2027-01-06,,Low,0,,0.0
FIN-014,2026-12-14,Not Started,0.0,False,0.0,2027-01-06,,Low,1,,0.0
FIN-014,2026-12-21,Not Started,0.0,False,0.0,2027-01-06,,Low,0,,0.0
FIN-014,2026-12-28,Not Started,0.0,False,0.0,2027-01-06,,Low,1,,0.0
FIN-014,2027-01-04,In Progress,56.9,False,0.0,2027-01-06,,Low,0,,3327.0
FIN-014,2027-01-11,Completed,100.0,False,4.0,2027-01-10,Resource Shortage,Medium,0,2027-01-10,5848.0
FIN-014,2027-01-18,Completed,100.0,False,4.0,2027-01-10,Resource Shortage,Medium,1,2027-01-10,5848.0
FIN-014,2027-01-25,Completed,100.0,False,4.0,2027-01-10,Resource Shortage,Medium,0,2027-01-10,5848.0
FIN-014,2027-02-01,Completed,100.0,False,4.0,2027-01-10,Resource Shortage,Medium,0,2027-01-10,5848.0
FIN-014,2027-02-08,Completed,100.0,False,4.0,2027-01-10,Resource Shortage,Medium,1,2027-01-10,5848.0
FIN-014,2027-02-15,Completed,100.0,False,4.0,2027-01-10,Resource Shortage,Medium,2,2027-01-10,5848.0
FIN-014,2027-02-22,Completed,100.0,False,4.0,2027-01-10,Resource Shortage,Medium,1,2027-01-10,5848.0
FIN-015,2026-12-07,Not Started,0.0,False,0.0,2026-12-25,,Low,0,,0.0
FIN-015,2026-12-14,Not Started,0.0,False,0.0,2026-12-25,,Low,0,,0.0
FIN-015,2026-12-21,In Progress,47.6,False,1.0,2026-12-26,Design/Technical Issue,Medium,3,,5324.0
FIN-015,2026-12-28,Completed,100.0,False,3.0,2026-12-28,Design/Technical Issue,Medium,1,2026-12-28,11184.0
FIN-015,2027-01-04,Completed,100.0,False,3.0,2026-12-28,Design/Technical Issue,Medium,1,2026-12-28,11184.0
FIN-015,2027-01-11,Completed,100.0,False,3.0,2026-12-28,Design/Technical Issue,Medium,2,2026-12-28,11184.0
FIN-015,2027-01-18,Completed,100.0,False,3.0,2026-12-28,Design/Technical Issue,Medium,1,2026-12-28,11184.0
FIN-015,2027-01-25,Completed,100.0,False,3.0,2026-12-28,Design/Technical Issue,Medium,1,2026-12-28,11184.0
FIN-015,2027-02-01,Completed,100.0,False,3.0,2026-12-28,Design/Technical Issue,Medium,2,2026-12-28,11184.0
FIN-015,2027-02-08,Completed,100.0,False,3.0,2026-12-28,Design/Technical Issue,Medium,1,2026-12-28,11184.0
FIN-015,2027-02-15,Completed,100.0,False,3.0,2026-12-28,Design/Technical Issue,Medium,1,2026-12-28,11184.0
FIN-015,2027-02-22,Completed,100.0,False,3.0,2026-12-28,Design/Technical Issue,Medium,2,2026-12-28,11184.0
FIN-016,2026-12-07,Not Started,0.0,False,0.0,2026-12-30,,Low,0,,0.0
FIN-016,2026-12-14,Not Started,0.0,False,0.0,2026-12-30,,Low,1,,0.0
FIN-016,2026-12-21,Not Started,0.0,False,0.0,2026-12-30,,Low,0,,0.0
FIN-016,2026-12-28,In Progress,86.9,False,0.0,2026-12-29,,Low,1,,28135.0
FIN-016,2027-01-04,Completed,100.0,False,0.0,2026-12-29,,Low,2,2026-12-29,32376.0
FIN-016,2027-01-11,Completed,100.0,False,0.0,2026-12-29,,Low,0,2026-12-29,32376.0
FIN-016,2027-01-18,Completed,100.0,False,0.0,2026-12-29,,Low,0,2026-12-29,32376.0
FIN-016,2027-01-25,Completed,100.0,False,0.0,2026-12-29,,Low,0,2026-12-29,32376.0
FIN-016,2027-02-01,Completed,100.0,False,0.0,2026-12-29,,Low,0,2026-12-29,32376.0
FIN-016,2027-02-08,Completed,100.0,False,0.0,2026-12-29,,Low,0,2026-12-29,32376.0
FIN-016,2027-02-15,Completed,100.0,False,0.0,2026-12-29,,Low,1,2026-12-29,32376.0
FIN-016,2027-02-22,Completed,100.0,False,0.0,2026-12-29,,Low,0,2026-12-29,32376.0
FIN-017,2026-12-07,Not Started,0.0,False,0.0,2026-12-29,,Low,0,,0.0
FIN-017,2026-12-14,Not Started,0.0,False,0.0,2026-12-29,,Low,0,,0.0
FIN-017,2026-12-21,Not Started,0.0,False,0.0,2026-12-29,,Low,0,,0.0
FIN-017,2026-12-28,In Progress,88.4,False,0.0,2026-12-29,,Low,0,,6266.0
FIN-017,2027-01-04,Completed,100.0,False,2.0,2026-12-31,Design/Technical Issue,Medium,0,2026-12-31,7089.0
FIN-017,2027-01-11,Completed,100.0,False,2.0,2026-12-31,Design/Technical Issue,Medium,1,2026-12-31,7089.0
FIN-017,2027-01-18,Completed,100.0,False,2.0,2026-12-31,Design/Technical Issue,Medium,0,2026-12-31,7089.0
FIN-017,2027-01-25,Completed,100.0,False,2.0,2026-12-31,Design/Technical Issue,Medium,0,2026-12-31,7089.0
FIN-017,2027-02-01,Completed,100.0,False,2.0,2026-12-31,Design/Technical Issue,Medium,0,2026-12-31,7089.0
FIN-017,2027-02-08,Completed,100.0,False,2.0,2026-12-31,Design/Technical Issue,Medium,1,2026-12-31,7089.0
FIN-017,2027-02-15,Completed,100.0,False,2.0,2026-12-31,Design/Technical Issue,Medium,2,2026-12-31,7089.0
FIN-017,2027-02-22,Completed,100.0,False,2.0,2026-12-31,Design/Technical Issue,Medium,2,2026-12-31,7089.0
FIN-018,2026-12-07,Not Started,0.0,False,0.0,2027-01-09,,Low,1,,0.0
FIN-018,2026-12-14,Not Started,0.0,False,0.0,2027-01-09,,Low,0,,0.0
FIN-018,2026-12-21,Not Started,0.0,False,0.0,2027-01-09,,Low,0,,0.0
FIN-018,2026-12-28,Not Started,0.0,False,0.0,2027-01-09,,Low,1,,0.0
FIN-018,2027-01-04,In Progress,0.0,False,4.0,2027-01-13,Resource Shortage,Medium,0,,0.0
FIN-018,2027-01-11,In Progress,86.6,False,4.0,2027-01-13,Resource Shortage,Medium,1,,11456.0
FIN-018,2027-01-18,Completed,100.0,False,3.0,2027-01-12,Resource Shortage,Medium,1,2027-01-12,13228.0
FIN-018,2027-01-25,Completed,100.0,False,3.0,2027-01-12,Resource Shortage,Medium,1,2027-01-12,13228.0
FIN-018,2027-02-01,Completed,100.0,False,3.0,2027-01-12,Resource Shortage,Medium,0,2027-01-12,13228.0
FIN-018,2027-02-08,Completed,100.0,False,3.0,2027-01-12,Resource Shortage,Medium,3,2027-01-12,13228.0
FIN-018,2027-02-15,Completed,100.0,False,3.0,2027-01-12,Resource Shortage,Medium,0,2027-01-12,13228.0
FIN-018,2027-02-22,Completed,100.0,False,3.0,2027-01-12,Resource Shortage,Medium,0,2027-01-12,13228.0
FIN-019,2026-12-07,Not Started,0.0,False,0.0,2026-12-21,,Low,0,,0.0
FIN-019,2026-12-14,In Progress,0.0,False,0.0,2026-12-21,,Low,0,,0.0
FIN-019,2026-12-21,In Progress,99.0,False,0.0,2026-12-21,,Low,0,,4673.0
FIN-019,2026-12-28,Completed,100.0,False,4.0,2026-12-25,Scope Change,Medium,1,2026-12-25,4721.0
FIN-019,2027-01-04,Completed,100.0,False,4.0,2026-12-25,Scope Change,Medium,0,2026-12-25,4721.0
FIN-019,2027-01-11,Completed,100.0,False,4.0,2026-12-25,Scope Change,Medium,0,2026-12-25,4721.0
FIN-019,2027-01-18,Completed,100.0,False,4.0,2026-12-25,Scope Change,Medium,0,2026-12-25,4721.0
FIN-019,2027-01-25,Completed,100.0,False,4.0,2026-12-25,Scope Change,Medium,2,2026-12-25,4721.0
FIN-019,2027-02-01,Completed,100.0,False,4.0,2026-12-25,Scope Change,Medium,0,2026-12-25,4721.0
FIN-019,2027-02-08,Completed,100.0,False,4.0,2026-12-25,Scope Change,Medium,1,2026-12-25,4721.0
FIN-019,2027-02-15,Completed,100.0,False,4.0,2026-12-25,Scope Change,Medium,0,2026-12-25,4721.0
FIN-019,2027-02-22,Completed,100.0,False,4.0,2026-12-25,Scope Change,Medium,1,2026-12-25,4721.0
FIN-020,2026-12-07,Not Started,0.0,False,0.0,2026-12-29,,Low,0,,0.0
FIN-020,2026-12-14,Not Started,0.0,False,0.0,2026-12-29,,Low,0,,0.0
FIN-020,2026-12-21,In Progress,15.4,False,7.0,2027-01-05,Resource Shortage,Medium,0,,737.0
FIN-020,2026-12-28,In Progress,64.2,False,7.0,2027-01-05,Resource Shortage,Medium,1,,3074.0
FIN-020,2027-01-04,In Progress,99.1,False,7.0,2027-01-05,Resource Shortage,Medium,2,,4745.0
FIN-020,2027-01-11,Completed,100.0,False,12.0,2027-01-10,Resource Shortage,High,4,2027-01-10,4788.0
FIN-020,2027-01-18,Completed,100.0,False,12.0,2027-01-10,Resource Shortage,High,4,2027-01-10,4788.0
FIN-020,2027-01-25,Completed,100.0,False,12.0,2027-01-10,Resource Shortage,High,2,2027-01-10,4788.0
FIN-020,2027-02-01,Completed,100.0,False,12.0,2027-01-10,Resource Shortage,High,1,2027-01-10,4788.0
FIN-020,2027-02-08,Completed,100.0,False,12.0,2027-01-10,Resource Shortage,High,1,2027-01-10,4788.0
FIN-020,2027-02-15,Completed,100.0,False,12.0,2027-01-10,Resource Shortage,High,2,2027-01-10,4788.0
FIN-020,2027-02-22,Completed,100.0,False,12.0,2027-01-10,Resource Shortage,High,3,2027-01-10,4788.0
FIN-021,2026-12-07,Not Started,0.0,False,0.0,2027-01-11,,Low,0,,0.0
FIN-021,2026-12-14,Not Started,0.0,False,0.0,2027-01-11,,Low,0,,0.0
FIN-021,2026-12-21,Not Started,0.0,False,0.0,2027-01-11,,Low,0,,0.0
FIN-021,2026-12-28,Not Started,0.0,False,0.0,2027-01-11,,Low,0,,0.0
FIN-021,2027-01-04,Not Started,0.0,False,0.0,2027-01-11,,Low,0,,0.0
FIN-021,2027-01-11,In Progress,98.9,False,0.0,2027-01-11,,Low,0,,25015.0
FIN-021,2027-01-18,Completed,100.0,False,3.0,2027-01-14,Resource Shortage,Medium,2,2027-01-14,25293.0
FIN-021,2027-01-25,Completed,100.0,False,3.0,2027-01-14,Resource Shortage,Medium,0,2027-01-14,25293.0
FIN-021,2027-02-01,Completed,100.0,False,3.0,2027-01-14,Resource Shortage,Medium,1,2027-01-14,25293.0
FIN-021,2027-02-08,Completed,100.0,False,3.0,2027-01-14,Resource Shortage,Medium,1,2027-01-14,25293.0
FIN-021,2027-02-15,Completed,100.0,False,3.0,2027-01-14,Resource Shortage,Medium,1,2027-01-14,25293.0
FIN-021,2027-02-22,Completed,100.0,False,3.0,2027-01-14,Resource Shortage,Medium,1,2027-01-14,25293.0
FIN-022,2026-12-07,Not Started,0.0,False,0.0,2027-01-29,,Low,0,,0.0
FIN-022,2026-12-14,Not Started,0.0,False,0.0,2027-01-29,,Low,0,,0.0
FIN-022,2026-12-21,Not Started,0.0,False,0.0,2027-01-29,,Low,1,,0.0
FIN-022,2026-12-28,Not Started,0.0,False,0.0,2027-01-29,,Low,0,,0.0
FIN-022,2027-01-04,Not Started,0.0,False,0.0,2027-01-29,,Low,0,,0.0
FIN-022,2027-01-11,Not Started,0.0,False,0.0,2027-01-29,,Low,0,,0.0
FIN-022,2027-01-18,Not Started,0.0,False,0.0,2027-01-29,,Low,1,,0.0
FIN-022,2027-01-25,In Progress,56.8,False,0.0,2027-01-29,,Low,0,,3342.0
FIN-022,2027-02-01,Completed,100.0,False,0.0,2027-01-28,,Low,1,2027-01-28,5883.0
FIN-022,2027-02-08,Completed,100.0,False,0.0,2027-01-28,,Low,1,2027-01-28,5883.0
FIN-022,2027-02-15,Completed,100.0,False,0.0,2027-01-28,,Low,0,2027-01-28,5883.0
FIN-022,2027-02-22,Completed,100.0,False,0.0,2027-01-28,,Low,0,2027-01-28,5883.0
FIN-023,2026-12-07,Not Started,0.0,False,0.0,2027-02-06,,Low,0,,0.0
FIN-023,2026-12-14,Not Started,0.0,False,0.0,2027-02-06,,Low,2,,0.0
FIN-023,2026-12-21,Not Started,0.0,False,0.0,2027-02-06,,Low,0,,0.0
FIN-023,2026-12-28,Not Started,0.0,False,0.0,2027-02-06,,Low,0,,0.0
FIN-023,2027-01-04,Not Started,0.0,False,0.0,2027-02-06,,Low,1,,0.0
FIN-023,2027-01-11,Not Started,0.0,False,0.0,2027-02-06,,Low,1,,0.0
FIN-023,2027-01-18,Not Started,0.0,False,0.0,2027-02-06,,Low,0,,0.0
FIN-023,2027-01-25,In Progress,0.0,False,27.0,2027-03-05,Resource Shortage,High,2,,0.0
FIN-023,2027-02-01,On Hold,45.8,True,27.0,2027-03-05,Resource Shortage,Critical,3,,2800.0
FIN-023,2027-02-08,On Hold,45.8,True,27.0,2027-03-05,Resource Shortage,Critical,5,,2800.0
FIN-023,2027-02-15,On Hold,45.8,True,27.0,2027-03-05,Resource Shortage,Critical,1,,2800.0
FIN-023,2027-02-22,On Hold,45.8,True,27.0,2027-03-05,Resource Shortage,Critical,2,,2800.0
FIN-024,2026-12-07,Not Started,0.0,False,0.0,2027-02-11,,Low,1,,0.0
FIN-024,2026-12-14,Not Started,0.0,False,0.0,2027-02-11,,Low,0,,0.0
FIN-024,2026-12-21,Not Started,0.0,False,0.0,2027-02-11,,Low,0,,0.0
FIN-024,2026-12-28,Not Started,0.0,False,0.0,2027-02-11,,Low,0,,0.0
FIN-024,2027-01-04,Not Started,0.0,False,0.0,2027-02-11,,Low,1,,0.0
FIN-024,2027-01-11,Not Started,0.0,False,0.0,2027-02-11,,Low,1,,0.0
FIN-024,2027-01-18,Not Started,0.0,False,0.0,2027-02-11,,Low,0,,0.0
FIN-024,2027-01-25,Not Started,0.0,False,0.0,2027-02-11,,Low,0,,0.0
FIN-024,2027-02-01,Not Started,0.0,False,0.0,2027-02-11,,Low,0,,0.0
FIN-024,2027-02-08,In Progress,60.8,False,0.0,2027-02-10,,Low,1,,11959.0
FIN-024,2027-02-15,Completed,100.0,False,1.0,2027-02-12,Resource Shortage,Medium,0,2027-02-12,19670.0
FIN-024,2027-02-22,Completed,100.0,False,1.0,2027-02-12,Resource Shortage,Medium,0,2027-02-12,19670.0
FIN-025,2026-12-07,Not Started,0.0,False,0.0,2027-01-20,,Low,1,,0.0
FIN-025,2026-12-14,Not Started,0.0,False,0.0,2027-01-20,,Low,0,,0.0
FIN-025,2026-12-21,Not Started,0.0,False,0.0,2027-01-20,,Low,0,,0.0
FIN-025,2026-12-28,Not Started,0.0,False,0.0,2027-01-20,,Low,0,,0.0
FIN-025,2027-01-04,Not Started,0.0,False,0.0,2027-01-20,,Low,1,,0.0
FIN-025,2027-01-11,Not Started,0.0,False,0.0,2027-01-20,,Low,0,,0.0
FIN-025,2027-01-18,In Progress,73.7,False,0.0,2027-01-19,,Low,0,,15885.0
FIN-025,2027-01-25,Completed,100.0,False,0.0,2027-01-19,,Low,0,2027-01-19,21553.0
FIN-025,2027-02-01,Completed,100.0,False,0.0,2027-01-19,,Low,0,2027-01-19,21553.0
FIN-025,2027-02-08,Completed,100.0,False,0.0,2027-01-19,,Low,0,2027-01-19,21553.0
FIN-025,2027-02-15,Completed,100.0,False,0.0,2027-01-19,,Low,0,2027-01-19,21553.0
FIN-025,2027-02-22,Completed,100.0,False,0.0,2027-01-19,,Low,0,2027-01-19,21553.0
FIN-026,2026-12-07,Not Started,0.0,False,0.0,2027-02-06,,Low,0,,0.0
FIN-026,2026-12-14,Not Started,0.0,False,0.0,2027-02-06,,Low,1,,0.0
FIN-026,2026-12-21,Not Started,0.0,False,0.0,2027-02-06,,Low,0,,0.0
FIN-026,2026-12-28,Not Started,0.0,False,0.0,2027-02-06,,Low,1,,0.0
FIN-026,2027-01-04,Not Started,0.0,False,0.0,2027-02-06,,Low,0,,0.0
FIN-026,2027-01-11,Not Started,0.0,False,0.0,2027-02-06,,Low,1,,0.0
FIN-026,2027-01-18,Not Started,0.0,False,0.0,2027-02-06,,Low,0,,0.0
FIN-026,2027-01-25,Not Started,0.0,False,0.0,2027-02-06,,Low,1,,0.0
FIN-026,2027-02-01,Not Started,0.0,False,0.0,2027-02-06,,Low,1,,0.0
FIN-026,2027-02-08,Completed,100.0,False,0.0,2027-02-04,,Low,0,2027-02-04,9650.0
FIN-026,2027-02-15,Completed,100.0,False,0.0,2027-02-04,,Low,1,2027-02-04,9650.0
FIN-026,2027-02-22,Completed,100.0,False,0.0,2027-02-04,,Low,0,2027-02-04,9650.0
FIN-027,2026-12-07,Not Started,0.0,False,0.0,2027-01-22,,Low,1,,0.0
FIN-027,2026-12-14,Not Started,0.0,False,0.0,2027-01-22,,Low,0,,0.0
FIN-027,2026-12-21,Not Started,0.0,False,0.0,2027-01-22,,Low,1,,0.0
FIN-027,2026-12-28,Not Started,0.0,False,0.0,2027-01-22,,Low,0,,0.0
FIN-027,2027-01-04,Not Started,0.0,False,0.0,2027-01-22,,Low,0,,0.0
FIN-027,2027-01-11,Not Started,0.0,False,0.0,2027-01-22,,Low,0,,0.0
FIN-027,2027-01-18,In Progress,55.1,False,0.0,2027-01-22,,Low,0,,4102.0
FIN-027,2027-01-25,Completed,100.0,False,0.0,2027-01-19,,Low,2,2027-01-19,7444.0
FIN-027,2027-02-01,Completed,100.0,False,0.0,2027-01-19,,Low,0,2027-01-19,7444.0
FIN-027,2027-02-08,Completed,100.0,False,0.0,2027-01-19,,Low,0,2027-01-19,7444.0
FIN-027,2027-02-15,Completed,100.0,False,0.0,2027-01-19,,Low,0,2027-01-19,7444.0
FIN-027,2027-02-22,Completed,100.0,False,0.0,2027-01-19,,Low,0,2027-01-19,7444.0
FIN-028,2026-12-07,Not Started,0.0,False,0.0,2027-01-22,,Low,0,,0.0
FIN-028,2026-12-14,Not Started,0.0,False,0.0,2027-01-22,,Low,0,,0.0
FIN-028,2026-12-21,Not Started,0.0,False,0.0,2027-01-22,,Low,0,,0.0
FIN-028,2026-12-28,Not Started,0.0,False,0.0,2027-01-22,,Low,0,,0.0
FIN-028,2027-01-04,Not Started,0.0,False,0.0,2027-01-22,,Low,0,,0.0
FIN-028,2027-01-11,Not Started,0.0,False,0.0,2027-01-22,,Low,0,,0.0
FIN-028,2027-01-18,In Progress,66.3,False,0.0,2027-01-21,,Low,0,,10520.0
FIN-028,2027-01-25,Completed,100.0,False,0.0,2027-01-22,,Low,1,2027-01-22,15867.0
FIN-028,2027-02-01,Completed,100.0,False,0.0,2027-01-22,,Low,0,2027-01-22,15867.0
FIN-028,2027-02-08,Completed,100.0,False,0.0,2027-01-22,,Low,1,2027-01-22,15867.0
FIN-028,2027-02-15,Completed,100.0,False,0.0,2027-01-22,,Low,0,2027-01-22,15867.0
FIN-028,2027-02-22,Completed,100.0,False,0.0,2027-01-22,,Low,0,2027-01-22,15867.0
FIN-029,2026-12-07,Not Started,0.0,False,0.0,2027-02-10,,Low,2,,0.0
FIN-029,2026-12-14,Not Started,0.0,False,0.0,2027-02-10,,Low,1,,0.0
FIN-029,2026-12-21,Not Started,0.0,False,0.0,2027-02-10,,Low,0,,0.0
FIN-029,2026-12-28,Not Started,0.0,False,0.0,2027-02-10,,Low,0,,0.0
FIN-029,2027-01-04,Not Started,0.0,False,0.0,2027-02-10,,Low,0,,0.0
FIN-029,2027-01-11,Not Started,0.0,False,0.0,2027-02-10,,Low,1,,0.0
FIN-029,2027-01-18,Not Started,0.0,False,0.0,2027-02-10,,Low,0,,0.0
FIN-029,2027-01-25,In Progress,9.0,False,10.0,2027-02-20,Resource Shortage,High,0,,3156.0
FIN-029,2027-02-01,In Progress,35.3,False,10.0,2027-02-20,Resource Shortage,High,3,,12379.0
FIN-029,2027-02-08,In Progress,67.2,False,10.0,2027-02-20,Resource Shortage,High,5,,23565.0
FIN-029,2027-02-15,In Progress,92.5,False,10.0,2027-02-20,Resource Shortage,High,4,,32438.0
FIN-029,2027-02-22,Completed,100.0,False,12.0,2027-02-22,Resource Shortage,High,2,2027-02-22,35068.0
FIN-030,2026-12-07,Not Started,0.0,False,0.0,2027-02-01,,Low,0,,0.0
FIN-030,2026-12-14,Not Started,0.0,False,0.0,2027-02-01,,Low,0,,0.0
FIN-030,2026-12-21,Not Started,0.0,False,0.0,2027-02-01,,Low,0,,0.0
FIN-030,2026-12-28,Not Started,0.0,False,0.0,2027-02-01,,Low,0,,0.0
FIN-030,2027-01-04,Not Started,0.0,False,0.0,2027-02-01,,Low,0,,0.0
FIN-030,2027-01-11,Not Started,0.0,False,0.0,2027-02-01,,Low,0,,0.0
FIN-030,2027-01-18,Not Started,0.0,False,0.0,2027-02-01,,Low,0,,0.0
FIN-030,2027-01-25,In Progress,0.0,False,0.0,2027-01-31,,Low,0,,0.0
FIN-030,2027-02-01,Completed,100.0,False,0.0,2027-01-26,,Low,0,2027-01-26,21450.0
FIN-030,2027-02-08,Completed,100.0,False,0.0,2027-01-26,,Low,1,2027-01-26,21450.0
FIN-030,2027-02-15,Completed,100.0,False,0.0,2027-01-26,,Low,0,2027-01-26,21450.0
FIN-030,2027-02-22,Completed,100.0,False,0.0,2027-01-26,,Low,0,2027-01-26,21450.0
FIN-031,2026-12-07,Not Started,0.0,False,0.0,2027-02-08,,Low,0,,0.0
FIN-031,2026-12-14,Not Started,0.0,False,0.0,2027-02-08,,Low,0,,0.0
FIN-031,2026-12-21,Not Started,0.0,False,0.0,2027-02-08,,Low,0,,0.0
FIN-031,2026-12-28,Not Started,0.0,False,0.0,2027-02-08,,Low,0,,0.0
FIN-031,2027-01-04,Not Started,0.0,False,0.0,2027-02-08,,Low,1,,0.0
FIN-031,2027-01-11,Not Started,0.0,False,0.0,2027-02-08,,Low,0,,0.0
FIN-031,2027-01-18,Not Started,0.0,False,0.0,2027-02-08,,Low,0,,0.0
FIN-031,2027-01-25,Not Started,0.0,False,0.0,2027-02-08,,Low,0,,0.0
FIN-031,2027-02-01,Not Started,0.0,False,0.0,2027-02-08,,Low,0,,0.0
FIN-031,2027-02-08,In Progress,53.2,False,3.0,2027-02-11,Resource Shortage,Medium,1,,18265.0
FIN-031,2027-02-15,Completed,100.0,False,4.0,2027-02-12,Resource Shortage,Medium,2,2027-02-12,34334.0
FIN-031,2027-02-22,Completed,100.0,False,4.0,2027-02-12,Resource Shortage,Medium,2,2027-02-12,34334.0
FO-001,2026-12-07,Not Started,0.0,False,0.0,2027-01-16,,Low,0,,0.0
FO-001,2026-12-14,Not Started,0.0,False,0.0,2027-01-16,,Low,0,,0.0
FO-001,2026-12-21,Not Started,0.0,False,0.0,2027-01-16,,Low,1,,0.0
FO-001,2026-12-28,Not Started,0.0,False,0.0,2027-01-16,,Low,1,,0.0
FO-001,2027-01-04,Not Started,0.0,False,0.0,2027-01-16,,Low,0,,0.0
FO-001,2027-01-11,In Progress,34.6,False,0.0,2027-01-15,,Low,1,,9246.0
FO-001,2027-01-18,Completed,100.0,False,0.0,2027-01-15,,Low,0,2027-01-15,26724.0
FO-001,2027-01-25,Completed,100.0,False,0.0,2027-01-15,,Low,0,2027-01-15,26724.0
FO-001,2027-02-01,Completed,100.0,False,0.0,2027-01-15,,Low,0,2027-01-15,26724.0
FO-001,2027-02-08,Completed,100.0,False,0.0,2027-01-15,,Low,0,2027-01-15,26724.0
FO-001,2027-02-15,Completed,100.0,False,0.0,2027-01-15,,Low,1,2027-01-15,26724.0
FO-001,2027-02-22,Completed,100.0,False,0.0,2027-01-15,,Low,0,2027-01-15,26724.0
FO-002,2026-12-07,Not Started,0.0,False,0.0,2027-01-16,,Low,0,,0.0
FO-002,2026-12-14,Not Started,0.0,False,0.0,2027-01-16,,Low,0,,0.0
FO-002,2026-12-21,Not Started,0.0,False,0.0,2027-01-16,,Low,0,,0.0
FO-002,2026-12-28,Not Started,0.0,False,0.0,2027-01-16,,Low,1,,0.0
FO-002,2027-01-04,Not Started,0.0,False,0.0,2027-01-16,,Low,1,,0.0
FO-002,2027-01-11,In Progress,61.2,False,0.0,2027-01-14,,Low,1,,14828.0
FO-002,2027-01-18,Completed,100.0,False,0.0,2027-01-14,,Low,0,2027-01-14,24229.0
FO-002,2027-01-25,Completed,100.0,False,0.0,2027-01-14,,Low,0,2027-01-14,24229.0
FO-002,2027-02-01,Completed,100.0,False,0.0,2027-01-14,,Low,1,2027-01-14,24229.0
FO-002,2027-02-08,Completed,100.0,False,0.0,2027-01-14,,Low,0,2027-01-14,24229.0
FO-002,2027-02-15,Completed,100.0,False,0.0,2027-01-14,,Low,0,2027-01-14,24229.0
FO-002,2027-02-22,Completed,100.0,False,0.0,2027-01-14,,Low,0,2027-01-14,24229.0
FO-003,2026-12-07,Not Started,0.0,False,0.0,2026-12-29,,Low,0,,0.0
FO-003,2026-12-14,Not Started,0.0,False,0.0,2026-12-29,,Low,0,,0.0
FO-003,2026-12-21,In Progress,0.0,False,0.0,2026-12-29,,Low,0,,0.0
FO-003,2026-12-28,In Progress,90.3,False,0.0,2026-12-29,,Low,0,,7882.0
FO-003,2027-01-04,Completed,100.0,False,0.0,2026-12-29,,Low,1,2026-12-29,8728.0
FO-003,2027-01-11,Completed,100.0,False,0.0,2026-12-29,,Low,0,2026-12-29,8728.0
FO-003,2027-01-18,Completed,100.0,False,0.0,2026-12-29,,Low,0,2026-12-29,8728.0
FO-003,2027-01-25,Completed,100.0,False,0.0,2026-12-29,,Low,0,2026-12-29,8728.0
FO-003,2027-02-01,Completed,100.0,False,0.0,2026-12-29,,Low,0,2026-12-29,8728.0
FO-003,2027-02-08,Completed,100.0,False,0.0,2026-12-29,,Low,0,2026-12-29,8728.0
FO-003,2027-02-15,Completed,100.0,False,0.0,2026-12-29,,Low,0,2026-12-29,8728.0
FO-003,2027-02-22,Completed,100.0,False,0.0,2026-12-29,,Low,0,2026-12-29,8728.0
FO-004,2026-12-07,Not Started,0.0,False,0.0,2027-01-14,,Low,0,,0.0
FO-004,2026-12-14,Not Started,0.0,False,0.0,2027-01-14,,Low,0,,0.0
FO-004,2026-12-21,In Progress,0.0,False,1.0,2027-01-15,Vendor Delay,Medium,1,,0.0
FO-004,2026-12-28,In Progress,18.5,False,1.0,2027-01-15,Vendor Delay,Medium,0,,10769.0
FO-004,2027-01-04,In Progress,57.3,False,1.0,2027-01-15,Vendor Delay,Medium,0,,33355.0
FO-004,2027-01-11,In Progress,91.8,False,1.0,2027-01-15,Vendor Delay,Medium,3,,53437.0
FO-004,2027-01-18,Completed,100.0,False,3.0,2027-01-17,Vendor Delay,Medium,1,2027-01-17,58210.0
FO-004,2027-01-25,Completed,100.0,False,3.0,2027-01-17,Vendor Delay,Medium,1,2027-01-17,58210.0
FO-004,2027-02-01,Completed,100.0,False,3.0,2027-01-17,Vendor Delay,Medium,0,2027-01-17,58210.0
FO-004,2027-02-08,Completed,100.0,False,3.0,2027-01-17,Vendor Delay,Medium,0,2027-01-17,58210.0
FO-004,2027-02-15,Completed,100.0,False,3.0,2027-01-17,Vendor Delay,Medium,1,2027-01-17,58210.0
FO-004,2027-02-22,Completed,100.0,False,3.0,2027-01-17,Vendor Delay,Medium,1,2027-01-17,58210.0
FO-005,2026-12-07,Not Started,0.0,False,0.0,2027-01-30,,Low,1,,0.0
FO-005,2026-12-14,Not Started,0.0,False,0.0,2027-01-30,,Low,0,,0.0
FO-005,2026-12-21,Not Started,0.0,False,0.0,2027-01-30,,Low,0,,0.0
FO-005,2026-12-28,Not Started,0.0,False,0.0,2027-01-30,,Low,1,,0.0
FO-005,2027-01-04,Not Started,0.0,False,0.0,2027-01-30,,Low,0,,0.0
FO-005,2027-01-11,Not Started,0.0,False,0.0,2027-01-30,,Low,0,,0.0
FO-005,2027-01-18,In Progress,7.8,False,12.0,2027-02-11,Resource Shortage,High,2,,1626.0
FO-005,2027-01-25,In Progress,36.6,False,12.0,2027-02-11,Resource Shortage,High,0,,7632.0
FO-005,2027-02-01,In Progress,71.7,False,12.0,2027-02-11,Resource Shortage,High,3,,14951.0
FO-005,2027-02-08,In Progress,96.5,False,12.0,2027-02-11,Resource Shortage,High,2,,20122.0
FO-005,2027-02-15,Completed,100.0,False,16.0,2027-02-15,Resource Shortage,High,3,2027-02-15,20852.0
FO-005,2027-02-22,Completed,100.0,False,16.0,2027-02-15,Resource Shortage,High,2,2027-02-15,20852.0
FO-006,2026-12-07,Not Started,0.0,False,0.0,2027-01-13,,Low,0,,0.0
FO-006,2026-12-14,Not Started,0.0,False,0.0,2027-01-13,,Low,0,,0.0
FO-006,2026-12-21,Not Started,0.0,False,0.0,2027-01-13,,Low,0,,0.0
FO-006,2026-12-28,Not Started,0.0,False,0.0,2027-01-13,,Low,0,,0.0
FO-006,2027-01-04,Not Started,0.0,False,0.0,2027-01-13,,Low,0,,0.0
FO-006,2027-01-11,In Progress,59.3,False,0.0,2027-01-13,,Low,0,,4982.0
FO-006,2027-01-18,Completed,100.0,False,5.0,2027-01-18,Vendor Delay,High,3,2027-01-18,8402.0
FO-006,2027-01-25,Completed,100.0,False,5.0,2027-01-18,Vendor Delay,High,4,2027-01-18,8402.0
FO-006,2027-02-01,Completed,100.0,False,5.0,2027-01-18,Vendor Delay,High,2,2027-01-18,8402.0
FO-006,2027-02-08,Completed,100.0,False,5.0,2027-01-18,Vendor Delay,High,2,2027-01-18,8402.0
FO-006,2027-02-15,Completed,100.0,False,5.0,2027-01-18,Vendor Delay,High,3,2027-01-18,8402.0
FO-006,2027-02-22,Completed,100.0,False,5.0,2027-01-18,Vendor Delay,High,2,2027-01-18,8402.0
FO-007,2026-12-07,Not Started,0.0,False,0.0,2027-01-20,,Low,0,,0.0
FO-007,2026-12-14,Not Started,0.0,False,0.0,2027-01-20,,Low,0,,0.0
FO-007,2026-12-21,Not Started,0.0,False,0.0,2027-01-20,,Low,0,,0.0
FO-007,2026-12-28,Not Started,0.0,False,0.0,2027-01-20,,Low,0,,0.0
FO-007,2027-01-04,Not Started,0.0,False,0.0,2027-01-20,,Low,0,,0.0
FO-007,2027-01-11,In Progress,18.7,False,0.0,2027-01-18,,Low,1,,6727.0
FO-007,2027-01-18,In Progress,98.3,False,0.0,2027-01-18,,Low,0,,35360.0
FO-007,2027-01-25,Completed,100.0,False,2.0,2027-01-22,Vendor Delay,Medium,1,2027-01-22,35972.0
FO-007,2027-02-01,Completed,100.0,False,2.0,2027-01-22,Vendor Delay,Medium,0,2027-01-22,35972.0
FO-007,2027-02-08,Completed,100.0,False,2.0,2027-01-22,Vendor Delay,Medium,1,2027-01-22,35972.0
FO-007,2027-02-15,Completed,100.0,False,2.0,2027-01-22,Vendor Delay,Medium,0,2027-01-22,35972.0
FO-007,2027-02-22,Completed,100.0,False,2.0,2027-01-22,Vendor Delay,Medium,0,2027-01-22,35972.0
FO-008,2026-12-07,Not Started,0.0,False,0.0,2027-01-22,,Low,0,,0.0
FO-008,2026-12-14,Not Started,0.0,False,0.0,2027-01-22,,Low,0,,0.0
FO-008,2026-12-21,Not Started,0.0,False,0.0,2027-01-22,,Low,0,,0.0
FO-008,2026-12-28,Not Started,0.0,False,0.0,2027-01-22,,Low,1,,0.0
FO-008,2027-01-04,Not Started,0.0,False,0.0,2027-01-22,,Low,0,,0.0
FO-008,2027-01-11,In Progress,0.0,False,0.0,2027-01-22,,Low,2,,0.0
FO-008,2027-01-18,In Progress,64.9,False,0.0,2027-01-22,,Low,0,,13930.0
FO-008,2027-01-25,Completed,100.0,False,3.0,2027-01-25,Scope Change,Medium,0,2027-01-25,21464.0
FO-008,2027-02-01,Completed,100.0,False,3.0,2027-01-25,Scope Change,Medium,1,2027-01-25,21464.0
FO-008,2027-02-08,Completed,100.0,False,3.0,2027-01-25,Scope Change,Medium,1,2027-01-25,21464.0
FO-008,2027-02-15,Completed,100.0,False,3.0,2027-01-25,Scope Change,Medium,0,2027-01-25,21464.0
FO-008,2027-02-22,Completed,100.0,False,3.0,2027-01-25,Scope Change,Medium,0,2027-01-25,21464.0
FO-009,2026-12-07,Not Started,0.0,False,0.0,2027-01-17,,Low,0,,0.0
FO-009,2026-12-14,Not Started,0.0,False,0.0,2027-01-17,,Low,2,,0.0
FO-009,2026-12-21,Not Started,0.0,False,0.0,2027-01-17,,Low,0,,0.0
FO-009,2026-12-28,In Progress,8.2,False,0.0,2027-01-15,,Low,0,,3899.0
FO-009,2027-01-04,In Progress,47.5,False,0.0,2027-01-15,,Low,0,,22588.0
FO-009,2027-01-11,In Progress,88.7,False,0.0,2027-01-15,,Low,0,,42180.0
FO-009,2027-01-18,Completed,100.0,False,0.0,2027-01-13,,Low,1,2027-01-13,47554.0
FO-009,2027-01-25,Completed,100.0,False,0.0,2027-01-13,,Low,0,2027-01-13,47554.0
FO-009,2027-02-01,Completed,100.0,False,0.0,2027-01-13,,Low,0,2027-01-13,47554.0
FO-009,2027-02-08,Completed,100.0,False,0.0,2027-01-13,,Low,1,2027-01-13,47554.0
FO-009,2027-02-15,Completed,100.0,False,0.0,2027-01-13,,Low,0,2027-01-13,47554.0
FO-009,2027-02-22,Completed,100.0,False,0.0,2027-01-13,,Low,0,2027-01-13,47554.0
FO-010,2026-12-07,Not Started,0.0,False,0.0,2027-01-23,,Low,0,,0.0
FO-010,2026-12-14,Not Started,0.0,False,0.0,2027-01-23,,Low,0,,0.0
FO-010,2026-12-21,Not Started,0.0,False,0.0,2027-01-23,,Low,0,,0.0
FO-010,2026-12-28,Not Started,0.0,False,0.0,2027-01-23,,Low,0,,0.0
FO-010,2027-01-04,Not Started,0.0,False,0.0,2027-01-23,,Low,0,,0.0
FO-010,2027-01-11,In Progress,24.4,False,0.0,2027-01-23,,Low,1,,1540.0
FO-010,2027-01-18,In Progress,78.1,False,0.0,2027-01-23,,Low,0,,4928.0
FO-010,2027-01-25,Completed,100.0,False,0.0,2027-01-19,,Low,1,2027-01-19,6310.0
FO-010,2027-02-01,Completed,100.0,False,0.0,2027-01-19,,Low,2,2027-01-19,6310.0
FO-010,2027-02-08,Completed,100.0,False,0.0,2027-01-19,,Low,1,2027-01-19,6310.0
FO-010,2027-02-15,Completed,100.0,False,0.0,2027-01-19,,Low,0,2027-01-19,6310.0
FO-010,2027-02-22,Completed,100.0,False,0.0,2027-01-19,,Low,0,2027-01-19,6310.0
FO-011,2026-12-07,Not Started,0.0,False,0.0,2026-12-28,,Low,0,,0.0
FO-011,2026-12-14,Not Started,0.0,False,0.0,2026-12-28,,Low,0,,0.0
FO-011,2026-12-21,Not Started,0.0,False,0.0,2026-12-28,,Low,1,,0.0
FO-011,2026-12-28,Completed,100.0,False,0.0,2026-12-25,,Low,0,2026-12-25,4458.0
FO-011,2027-01-04,Completed,100.0,False,0.0,2026-12-25,,Low,0,2026-12-25,4458.0
FO-011,2027-01-11,Completed,100.0,False,0.0,2026-12-25,,Low,0,2026-12-25,4458.0
FO-011,2027-01-18,Completed,100.0,False,0.0,2026-12-25,,Low,0,2026-12-25,4458.0
FO-011,2027-01-25,Completed,100.0,False,0.0,2026-12-25,,Low,0,2026-12-25,4458.0
FO-011,2027-02-01,Completed,100.0,False,0.0,2026-12-25,,Low,0,2026-12-25,4458.0
FO-011,2027-02-08,Completed,100.0,False,0.0,2026-12-25,,Low,0,2026-12-25,4458.0
FO-011,2027-02-15,Completed,100.0,False,0.0,2026-12-25,,Low,0,2026-12-25,4458.0
FO-011,2027-02-22,Completed,100.0,False,0.0,2026-12-25,,Low,2,2026-12-25,4458.0
FO-012,2026-12-07,Not Started,0.0,False,0.0,2027-01-27,,Low,0,,0.0
FO-012,2026-12-14,Not Started,0.0,False,0.0,2027-01-27,,Low,2,,0.0
FO-012,2026-12-21,Not Started,0.0,False,0.0,2027-01-27,,Low,1,,0.0
FO-012,2026-12-28,Not Started,0.0,False,0.0,2027-01-27,,Low,2,,0.0
FO-012,2027-01-04,Not Started,0.0,False,0.0,2027-01-27,,Low,2,,0.0
FO-012,2027-01-11,In Progress,0.0,False,0.0,2027-01-26,,Low,0,,0.0
FO-012,2027-01-18,In Progress,10.2,False,0.0,2027-01-26,,Low,0,,1004.0
FO-012,2027-01-25,In Progress,94.8,False,0.0,2027-01-26,,Low,0,,9334.0
FO-012,2027-02-01,Completed,100.0,False,0.0,2027-01-27,,Low,0,2027-01-27,9846.0
FO-012,2027-02-08,Completed,100.0,False,0.0,2027-01-27,,Low,0,2027-01-27,9846.0
FO-012,2027-02-15,Completed,100.0,False,0.0,2027-01-27,,Low,1,2027-01-27,9846.0
FO-012,2027-02-22,Completed,100.0,False,0.0,2027-01-27,,Low,0,2027-01-27,9846.0
FO-013,2026-12-07,Not Started,0.0,False,0.0,2027-02-02,,Low,0,,0.0
FO-013,2026-12-14,Not Started,0.0,False,0.0,2027-02-02,,Low,0,,0.0
FO-013,2026-12-21,Not Started,0.0,False,0.0,2027-02-02,,Low,0,,0.0
FO-013,2026-12-28,Not Started,0.0,False,0.0,2027-02-02,,Low,1,,0.0
FO-013,2027-01-04,Not Started,0.0,False,0.0,2027-02-02,,Low,0,,0.0
FO-013,2027-01-11,Not Started,0.0,False,0.0,2027-02-02,,Low,0,,0.0
FO-013,2027-01-18,Not Started,0.0,False,0.0,2027-02-02,,Low,0,,0.0
FO-013,2027-01-25,Not Started,0.0,False,0.0,2027-02-02,,Low,0,,0.0
FO-013,2027-02-01,In Progress,62.4,False,0.0,2027-02-02,,Low,1,,7210.0
FO-013,2027-02-08,Completed,100.0,False,4.0,2027-02-06,Scope Change,Medium,2,2027-02-06,11554.0
FO-013,2027-02-15,Completed,100.0,False,4.0,2027-02-06,Scope Change,Medium,1,2027-02-06,11554.0
FO-013,2027-02-22,Completed,100.0,False,4.0,2027-02-06,Scope Change,Medium,0,2027-02-06,11554.0
FO-014,2026-12-07,Not Started,0.0,False,0.0,2027-02-10,,Low,0,,0.0
FO-014,2026-12-14,Not Started,0.0,False,0.0,2027-02-10,,Low,0,,0.0
FO-014,2026-12-21,Not Started,0.0,False,0.0,2027-02-10,,Low,0,,0.0
FO-014,2026-12-28,Not Started,0.0,False,0.0,2027-02-10,,Low,0,,0.0
FO-014,2027-01-04,Not Started,0.0,False,0.0,2027-02-10,,Low,0,,0.0
FO-014,2027-01-11,Not Started,0.0,False,0.0,2027-02-10,,Low,0,,0.0
FO-014,2027-01-18,Not Started,0.0,False,0.0,2027-02-10,,Low,0,,0.0
FO-014,2027-01-25,Not Started,0.0,False,0.0,2027-02-10,,Low,0,,0.0
FO-014,2027-02-01,Not Started,0.0,False,0.0,2027-02-10,,Low,0,,0.0
FO-014,2027-02-08,In Progress,60.4,False,0.0,2027-02-10,,Low,0,,8615.0
FO-014,2027-02-15,Completed,100.0,False,4.0,2027-02-14,Scope Change,Medium,2,2027-02-14,14264.0
FO-014,2027-02-22,Completed,100.0,False,4.0,2027-02-14,Scope Change,Medium,1,2027-02-14,14264.0
FO-015,2026-12-07,Not Started,0.0,False,0.0,2027-02-22,,Low,0,,0.0
FO-015,2026-12-14,Not Started,0.0,False,0.0,2027-02-22,,Low,0,,0.0
FO-015,2026-12-21,Not Started,0.0,False,0.0,2027-02-22,,Low,0,,0.0
FO-015,2026-12-28,Not Started,0.0,False,0.0,2027-02-22,,Low,0,,0.0
FO-015,2027-01-04,Not Started,0.0,False,0.0,2027-02-22,,Low,0,,0.0
FO-015,2027-01-11,Not Started,0.0,False,0.0,2027-02-22,,Low,0,,0.0
FO-015,2027-01-18,Not Started,0.0,False,0.0,2027-02-22,,Low,1,,0.0
FO-015,2027-01-25,Not Started,0.0,False,0.0,2027-02-22,,Low,0,,0.0
FO-015,2027-02-01,Not Started,0.0,False,0.0,2027-02-22,,Low,0,,0.0
FO-015,2027-02-08,In Progress,21.2,False,0.0,2027-02-22,,Low,2,,1085.0
FO-015,2027-02-15,In Progress,70.9,False,0.0,2027-02-22,,Low,0,,3630.0
FO-015,2027-02-22,Completed,100.0,False,0.0,2027-02-22,,Low,0,2027-02-22,5119.0
FO-016,2026-12-07,Not Started,0.0,False,0.0,2027-02-13,,Low,0,,0.0
FO-016,2026-12-14,Not Started,0.0,False,0.0,2027-02-13,,Low,0,,0.0
FO-016,2026-12-21,Not Started,0.0,False,0.0,2027-02-13,,Low,0,,0.0
FO-016,2026-12-28,Not Started,0.0,False,0.0,2027-02-13,,Low,0,,0.0
FO-016,2027-01-04,Not Started,0.0,False,0.0,2027-02-13,,Low,1,,0.0
FO-016,2027-01-11,Not Started,0.0,False,0.0,2027-02-13,,Low,0,,0.0
FO-016,2027-01-18,Not Started,0.0,False,0.0,2027-02-13,,Low,0,,0.0
FO-016,2027-01-25,Not Started,0.0,False,0.0,2027-02-13,,Low,0,,0.0
FO-016,2027-02-01,Not Started,0.0,False,0.0,2027-02-13,,Low,0,,0.0
FO-016,2027-02-08,In Progress,35.3,False,0.0,2027-02-12,,Low,0,,3526.0
FO-016,2027-02-15,Completed,100.0,False,2.0,2027-02-15,Vendor Delay,Medium,0,2027-02-15,9990.0
FO-016,2027-02-22,Completed,100.0,False,2.0,2027-02-15,Vendor Delay,Medium,0,2027-02-15,9990.0
FO-017,2026-12-07,Not Started,0.0,False,0.0,2027-02-11,,Low,0,,0.0
FO-017,2026-12-14,Not Started,0.0,False,0.0,2027-02-11,,Low,1,,0.0
FO-017,2026-12-21,Not Started,0.0,False,0.0,2027-02-11,,Low,0,,0.0
FO-017,2026-12-28,Not Started,0.0,False,0.0,2027-02-11,,Low,0,,0.0
FO-017,2027-01-04,Not Started,0.0,False,0.0,2027-02-11,,Low,1,,0.0
FO-017,2027-01-11,Not Started,0.0,False,0.0,2027-02-11,,Low,0,,0.0
FO-017,2027-01-18,Not Started,0.0,False,0.0,2027-02-11,,Low,1,,0.0
FO-017,2027-01-25,Not Started,0.0,False,0.0,2027-02-11,,Low,1,,0.0
FO-017,2027-02-01,Not Started,0.0,False,0.0,2027-02-11,,Low,0,,0.0
FO-017,2027-02-08,In Progress,58.1,False,0.0,2027-02-11,,Low,1,,3230.0
FO-017,2027-02-15,Completed,100.0,False,4.0,2027-02-15,Scope Change,Medium,1,2027-02-15,5560.0
FO-017,2027-02-22,Completed,100.0,False,4.0,2027-02-15,Scope Change,Medium,0,2027-02-15,5560.0
FO-018,2026-12-07,Not Started,0.0,False,0.0,2027-02-04,,Low,0,,0.0
FO-018,2026-12-14,Not Started,0.0,False,0.0,2027-02-04,,Low,0,,0.0
FO-018,2026-12-21,Not Started,0.0,False,0.0,2027-02-04,,Low,0,,0.0
FO-018,2026-12-28,Not Started,0.0,False,0.0,2027-02-04,,Low,0,,0.0
FO-018,2027-01-04,Not Started,0.0,False,0.0,2027-02-04,,Low,0,,0.0
FO-018,2027-01-11,Not Started,0.0,False,0.0,2027-02-04,,Low,0,,0.0
FO-018,2027-01-18,Not Started,0.0,False,0.0,2027-02-04,,Low,1,,0.0
FO-018,2027-01-25,Not Started,0.0,False,0.0,2027-02-04,,Low,1,,0.0
FO-018,2027-02-01,On Hold,24.1,True,19.0,2027-02-23,Resource Shortage,Critical,4,,5676.0
FO-018,2027-02-08,On Hold,24.1,True,19.0,2027-02-23,Resource Shortage,Critical,5,,5676.0
FO-018,2027-02-15,On Hold,24.1,True,19.0,2027-02-23,Resource Shortage,Critical,6,,5676.0
FO-018,2027-02-22,In Progress,94.0,False,19.0,2027-02-23,Resource Shortage,High,1,,22137.0
FO-019,2026-12-07,Not Started,0.0,False,0.0,2027-02-13,,Low,0,,0.0
FO-019,2026-12-14,Not Started,0.0,False,0.0,2027-02-13,,Low,0,,0.0
FO-019,2026-12-21,Not Started,0.0,False,0.0,2027-02-13,,Low,0,,0.0
FO-019,2026-12-28,Not Started,0.0,False,0.0,2027-02-13,,Low,0,,0.0
FO-019,2027-01-04,Not Started,0.0,False,0.0,2027-02-13,,Low,0,,0.0
FO-019,2027-01-11,Not Started,0.0,False,0.0,2027-02-13,,Low,0,,0.0
FO-019,2027-01-18,Not Started,0.0,False,0.0,2027-02-13,,Low,0,,0.0
FO-019,2027-01-25,Not Started,0.0,False,0.0,2027-02-13,,Low,0,,0.0
FO-019,2027-02-01,In Progress,0.0,False,16.0,2027-03-01,Resource Shortage,High,2,,0.0
FO-019,2027-02-08,On Hold,39.1,True,16.0,2027-03-01,Resource Shortage,Critical,1,,3064.0
FO-019,2027-02-15,On Hold,39.1,True,16.0,2027-03-01,Resource Shortage,Critical,5,,3064.0
FO-019,2027-02-22,In Progress,49.7,False,16.0,2027-03-01,Resource Shortage,High,0,,3894.0
FO-020,2026-12-07,Not Started,0.0,False,0.0,2027-02-11,,Low,0,,0.0
FO-020,2026-12-14,Not Started,0.0,False,0.0,2027-02-11,,Low,0,,0.0
FO-020,2026-12-21,Not Started,0.0,False,0.0,2027-02-11,,Low,0,,0.0
FO-020,2026-12-28,Not Started,0.0,False,0.0,2027-02-11,,Low,1,,0.0
FO-020,2027-01-04,Not Started,0.0,False,0.0,2027-02-11,,Low,0,,0.0
FO-020,2027-01-11,Not Started,0.0,False,0.0,2027-02-11,,Low,1,,0.0
FO-020,2027-01-18,Not Started,0.0,False,0.0,2027-02-11,,Low,2,,0.0
FO-020,2027-01-25,Not Started,0.0,False,0.0,2027-02-11,,Low,0,,0.0
FO-020,2027-02-01,Not Started,0.0,False,0.0,2027-02-11,,Low,0,,0.0
FO-020,2027-02-08,In Progress,64.0,False,0.0,2027-02-11,,Low,1,,13718.0
FO-020,2027-02-15,Completed,100.0,False,1.0,2027-02-12,Vendor Delay,Medium,3,2027-02-12,21434.0
FO-020,2027-02-22,Completed,100.0,False,1.0,2027-02-12,Vendor Delay,Medium,1,2027-02-12,21434.0
FO-021,2026-12-07,Not Started,0.0,False,0.0,2027-02-23,,Low,0,,0.0
FO-021,2026-12-14,Not Started,0.0,False,0.0,2027-02-23,,Low,0,,0.0
FO-021,2026-12-21,Not Started,0.0,False,0.0,2027-02-23,,Low,0,,0.0
FO-021,2026-12-28,Not Started,0.0,False,0.0,2027-02-23,,Low,0,,0.0
FO-021,2027-01-04,Not Started,0.0,False,0.0,2027-02-23,,Low,0,,0.0
FO-021,2027-01-11,Not Started,0.0,False,0.0,2027-02-23,,Low,1,,0.0
FO-021,2027-01-18,Not Started,0.0,False,0.0,2027-02-23,,Low,0,,0.0
FO-021,2027-01-25,Not Started,0.0,False,0.0,2027-02-23,,Low,1,,0.0
FO-021,2027-02-01,Not Started,0.0,False,0.0,2027-02-23,,Low,0,,0.0
FO-021,2027-02-08,Not Started,0.0,False,0.0,2027-02-23,,Low,0,,0.0
FO-021,2027-02-15,In Progress,19.5,False,0.0,2027-02-22,,Low,0,,1181.0
FO-021,2027-02-22,In Progress,99.1,False,0.0,2027-02-22,,Low,1,,6001.0
FO-022,2026-12-07,Not Started,0.0,False,0.0,2027-02-14,,Low,0,,0.0
FO-022,2026-12-14,Not Started,0.0,False,0.0,2027-02-14,,Low,2,,0.0
FO-022,2026-12-21,Not Started,0.0,False,0.0,2027-02-14,,Low,0,,0.0
FO-022,2026-12-28,Not Started,0.0,False,0.0,2027-02-14,,Low,0,,0.0
FO-022,2027-01-04,Not Started,0.0,False,0.0,2027-02-14,,Low,0,,0.0
FO-022,2027-01-11,Not Started,0.0,False,0.0,2027-02-14,,Low,1,,0.0
FO-022,2027-01-18,Not Started,0.0,False,0.0,2027-02-14,,Low,0,,0.0
FO-022,2027-01-25,Not Started,0.0,False,0.0,2027-02-14,,Low,0,,0.0
FO-022,2027-02-01,Not Started,0.0,False,0.0,2027-02-14,,Low,0,,0.0
FO-022,2027-02-08,In Progress,7.8,False,8.0,2027-02-22,Design/Technical Issue,High,1,,1856.0
FO-022,2027-02-15,In Progress,60.3,False,8.0,2027-02-22,Design/Technical Issue,High,2,,14352.0
FO-022,2027-02-22,In Progress,99.7,False,8.0,2027-02-22,Design/Technical Issue,High,0,,23730.0
FO-023,2026-12-07,Not Started,0.0,False,0.0,2027-02-26,,Low,1,,0.0
FO-023,2026-12-14,Not Started,0.0,False,0.0,2027-02-26,,Low,1,,0.0
FO-023,2026-12-21,Not Started,0.0,False,0.0,2027-02-26,,Low,0,,0.0
FO-023,2026-12-28,Not Started,0.0,False,0.0,2027-02-26,,Low,0,,0.0
FO-023,2027-01-04,Not Started,0.0,False,0.0,2027-02-26,,Low,1,,0.0
FO-023,2027-01-11,Not Started,0.0,False,0.0,2027-02-26,,Low,0,,0.0
FO-023,2027-01-18,Not Started,0.0,False,0.0,2027-02-26,,Low,0,,0.0
FO-023,2027-01-25,Not Started,0.0,False,0.0,2027-02-26,,Low,1,,0.0
FO-023,2027-02-01,Not Started,0.0,False,0.0,2027-02-26,,Low,1,,0.0
FO-023,2027-02-08,Not Started,0.0,False,0.0,2027-02-26,,Low,1,,0.0
FO-023,2027-02-15,Not Started,0.0,False,0.0,2027-02-26,,Low,0,,0.0
FO-023,2027-02-22,In Progress,25.1,False,8.0,2027-03-06,Design/Technical Issue,High,1,,7213.0
FO-024,2026-12-07,Not Started,0.0,False,0.0,2027-02-25,,Low,0,,0.0
FO-024,2026-12-14,Not Started,0.0,False,0.0,2027-02-25,,Low,1,,0.0
FO-024,2026-12-21,Not Started,0.0,False,0.0,2027-02-25,,Low,0,,0.0
FO-024,2026-12-28,Not Started,0.0,False,0.0,2027-02-25,,Low,0,,0.0
FO-024,2027-01-04,Not Started,0.0,False,0.0,2027-02-25,,Low,0,,0.0
FO-024,2027-01-11,Not Started,0.0,False,0.0,2027-02-25,,Low,1,,0.0
FO-024,2027-01-18,Not Started,0.0,False,0.0,2027-02-25,,Low,0,,0.0
FO-024,2027-01-25,Not Started,0.0,False,0.0,2027-02-25,,Low,0,,0.0
FO-024,2027-02-01,Not Started,0.0,False,0.0,2027-02-25,,Low,0,,0.0
FO-024,2027-02-08,Not Started,0.0,False,0.0,2027-02-25,,Low,0,,0.0
FO-024,2027-02-15,In Progress,0.0,False,1.0,2027-02-26,Scope Change,Medium,2,,0.0
FO-024,2027-02-22,In Progress,64.1,False,1.0,2027-02-26,Scope Change,Medium,0,,7314.0
FO-025,2026-12-07,Not Started,0.0,False,0.0,2027-02-05,,Low,1,,0.0
FO-025,2026-12-14,Not Started,0.0,False,0.0,2027-02-05,,Low,1,,0.0
FO-025,2026-12-21,Not Started,0.0,False,0.0,2027-02-05,,Low,0,,0.0
FO-025,2026-12-28,Not Started,0.0,False,0.0,2027-02-05,,Low,0,,0.0
FO-025,2027-01-04,Not Started,0.0,False,0.0,2027-02-05,,Low,1,,0.0
FO-025,2027-01-11,Not Started,0.0,False,0.0,2027-02-05,,Low,1,,0.0
FO-025,2027-01-18,Not Started,0.0,False,0.0,2027-02-05,,Low,0,,0.0
FO-025,2027-01-25,In Progress,0.0,False,12.0,2027-02-17,Vendor Delay,High,2,,0.0
FO-025,2027-02-01,In Progress,22.0,False,12.0,2027-02-17,Vendor Delay,High,3,,4676.0
FO-025,2027-02-08,In Progress,65.6,False,12.0,2027-02-17,Vendor Delay,High,3,,13944.0
FO-025,2027-02-15,In Progress,97.6,False,12.0,2027-02-17,Vendor Delay,High,1,,20745.0
FO-025,2027-02-22,Completed,100.0,False,12.0,2027-02-17,Vendor Delay,High,4,2027-02-17,21255.0
FO-026,2026-12-07,Not Started,0.0,False,0.0,2027-02-10,,Low,0,,0.0
FO-026,2026-12-14,Not Started,0.0,False,0.0,2027-02-10,,Low,0,,0.0
FO-026,2026-12-21,Not Started,0.0,False,0.0,2027-02-10,,Low,0,,0.0
FO-026,2026-12-28,Not Started,0.0,False,0.0,2027-02-10,,Low,0,,0.0
FO-026,2027-01-04,Not Started,0.0,False,0.0,2027-02-10,,Low,0,,0.0
FO-026,2027-01-11,Not Started,0.0,False,0.0,2027-02-10,,Low,1,,0.0
FO-026,2027-01-18,Not Started,0.0,False,0.0,2027-02-10,,Low,0,,0.0
FO-026,2027-01-25,Not Started,0.0,False,0.0,2027-02-10,,Low,0,,0.0
FO-026,2027-02-01,In Progress,0.0,False,5.0,2027-02-15,Vendor Delay,Medium,1,,0.0
FO-026,2027-02-08,In Progress,46.7,False,5.0,2027-02-15,Vendor Delay,Medium,0,,2684.0
FO-026,2027-02-15,In Progress,99.4,False,5.0,2027-02-15,Vendor Delay,Medium,1,,5714.0
FO-026,2027-02-22,Completed,100.0,False,8.0,2027-02-18,Vendor Delay,High,0,2027-02-18,5748.0
FO-027,2026-12-07,Not Started,0.0,False,0.0,2027-02-16,,Low,1,,0.0
FO-027,2026-12-14,Not Started,0.0,False,0.0,2027-02-16,,Low,1,,0.0
FO-027,2026-12-21,Not Started,0.0,False,0.0,2027-02-16,,Low,0,,0.0
FO-027,2026-12-28,Not Started,0.0,False,0.0,2027-02-16,,Low,0,,0.0
FO-027,2027-01-04,Not Started,0.0,False,0.0,2027-02-16,,Low,0,,0.0
FO-027,2027-01-11,Not Started,0.0,False,0.0,2027-02-16,,Low,0,,0.0
FO-027,2027-01-18,Not Started,0.0,False,0.0,2027-02-16,,Low,0,,0.0
FO-027,2027-01-25,Not Started,0.0,False,0.0,2027-02-16,,Low,0,,0.0
FO-027,2027-02-01,Not Started,0.0,False,0.0,2027-02-16,,Low,0,,0.0
FO-027,2027-02-08,In Progress,3.9,False,0.0,2027-02-16,,Low,0,,1754.0
FO-027,2027-02-15,In Progress,86.1,False,0.0,2027-02-16,,Low,0,,38713.0
FO-027,2027-02-22,Completed,100.0,False,6.0,2027-02-22,Vendor Delay,Medium,0,2027-02-22,44963.0
FO-028,2026-12-07,Not Started,0.0,False,0.0,2027-02-22,,Low,0,,0.0
FO-028,2026-12-14,Not Started,0.0,False,0.0,2027-02-22,,Low,1,,0.0
FO-028,2026-12-21,Not Started,0.0,False,0.0,2027-02-22,,Low,0,,0.0
FO-028,2026-12-28,Not Started,0.0,False,0.0,2027-02-22,,Low,1,,0.0
FO-028,2027-01-04,Not Started,0.0,False,0.0,2027-02-22,,Low,0,,0.0
FO-028,2027-01-11,Not Started,0.0,False,0.0,2027-02-22,,Low,0,,0.0
FO-028,2027-01-18,Not Started,0.0,False,0.0,2027-02-22,,Low,0,,0.0
FO-028,2027-01-25,Not Started,0.0,False,0.0,2027-02-22,,Low,0,,0.0
FO-028,2027-02-01,Not Started,0.0,False,0.0,2027-02-22,,Low,0,,0.0
FO-028,2027-02-08,In Progress,4.8,False,18.0,2027-03-12,Resource Shortage,High,2,,517.0
FO-028,2027-02-15,In Progress,23.8,False,18.0,2027-03-12,Resource Shortage,High,2,,2563.0
FO-028,2027-02-22,In Progress,50.3,False,18.0,2027-03-12,Resource Shortage,High,4,,5417.0
FO-029,2026-12-07,Not Started,0.0,False,0.0,2027-02-16,,Low,0,,0.0
FO-029,2026-12-14,Not Started,0.0,False,0.0,2027-02-16,,Low,0,,0.0
FO-029,2026-12-21,Not Started,0.0,False,0.0,2027-02-16,,Low,0,,0.0
FO-029,2026-12-28,Not Started,0.0,False,0.0,2027-02-16,,Low,0,,0.0
FO-029,2027-01-04,Not Started,0.0,False,0.0,2027-02-16,,Low,1,,0.0
FO-029,2027-01-11,Not Started,0.0,False,0.0,2027-02-16,,Low,1,,0.0
FO-029,2027-01-18,Not Started,0.0,False,0.0,2027-02-16,,Low,0,,0.0
FO-029,2027-01-25,Not Started,0.0,False,0.0,2027-02-16,,Low,0,,0.0
FO-029,2027-02-01,Not Started,0.0,False,0.0,2027-02-16,,Low,0,,0.0
FO-029,2027-02-08,In Progress,31.5,False,0.0,2027-02-16,,Low,0,,12306.0
FO-029,2027-02-15,In Progress,97.0,False,0.0,2027-02-16,,Low,0,,37895.0
FO-029,2027-02-22,Completed,100.0,False,0.0,2027-02-16,,Low,0,2027-02-16,39067.0
FO-030,2026-12-07,Not Started,0.0,False,0.0,2027-02-09,,Low,0,,0.0
FO-030,2026-12-14,Not Started,0.0,False,0.0,2027-02-09,,Low,0,,0.0
FO-030,2026-12-21,Not Started,0.0,False,0.0,2027-02-09,,Low,1,,0.0
FO-030,2026-12-28,Not Started,0.0,False,0.0,2027-02-09,,Low,0,,0.0
FO-030,2027-01-04,Not Started,0.0,False,0.0,2027-02-09,,Low,0,,0.0
FO-030,2027-01-11,Not Started,0.0,False,0.0,2027-02-09,,Low,0,,0.0
FO-030,2027-01-18,Not Started,0.0,False,0.0,2027-02-09,,Low,1,,0.0
FO-030,2027-01-25,Not Started,0.0,False,0.0,2027-02-09,,Low,0,,0.0
FO-030,2027-02-01,In Progress,16.5,False,0.0,2027-02-09,,Low,0,,5912.0
FO-030,2027-02-08,In Progress,94.6,False,0.0,2027-02-09,,Low,0,,33894.0
FO-030,2027-02-15,Completed,100.0,False,2.0,2027-02-11,Resource Shortage,Medium,1,2027-02-11,35829.0
FO-030,2027-02-22,Completed,100.0,False,2.0,2027-02-11,Resource Shortage,Medium,1,2027-02-11,35829.0
FO-031,2026-12-07,Not Started,0.0,False,0.0,2027-02-26,,Low,1,,0.0
FO-031,2026-12-14,Not Started,0.0,False,0.0,2027-02-26,,Low,1,,0.0
FO-031,2026-12-21,Not Started,0.0,False,0.0,2027-02-26,,Low,1,,0.0
FO-031,2026-12-28,Not Started,0.0,False,0.0,2027-02-26,,Low,1,,0.0
FO-031,2027-01-04,Not Started,0.0,False,0.0,2027-02-26,,Low,1,,0.0
FO-031,2027-01-11,Not Started,0.0,False,0.0,2027-02-26,,Low,0,,0.0
FO-031,2027-01-18,Not Started,0.0,False,0.0,2027-02-26,,Low,0,,0.0
FO-031,2027-01-25,Not Started,0.0,False,0.0,2027-02-26,,Low,0,,0.0
FO-031,2027-02-01,Not Started,0.0,False,0.0,2027-02-26,,Low,0,,0.0
FO-031,2027-02-08,Not Started,0.0,False,0.0,2027-02-26,,Low,0,,0.0
FO-031,2027-02-15,Not Started,0.0,False,0.0,2027-02-26,,Low,0,,0.0
FO-031,2027-02-22,In Progress,55.8,False,0.0,2027-02-26,,Low,0,,10431.0
FO-032,2026-12-07,Not Started,0.0,False,0.0,2027-02-15,,Low,0,,0.0
FO-032,2026-12-14,Not Started,0.0,False,0.0,2027-02-15,,Low,0,,0.0
FO-032,2026-12-21,Not Started,0.0,False,0.0,2027-02-15,,Low,0,,0.0
FO-032,2026-12-28,Not Started,0.0,False,0.0,2027-02-15,,Low,0,,0.0
FO-032,2027-01-04,Not Started,0.0,False,0.0,2027-02-15,,Low,0,,0.0
FO-032,2027-01-11,Not Started,0.0,False,0.0,2027-02-15,,Low,1,,0.0
FO-032,2027-01-18,Not Started,0.0,False,0.0,2027-02-15,,Low,1,,0.0
FO-032,2027-01-25,Not Started,0.0,False,0.0,2027-02-15,,Low,0,,0.0
FO-032,2027-02-01,Not Started,0.0,False,0.0,2027-02-15,,Low,0,,0.0
FO-032,2027-02-08,In Progress,27.2,False,0.0,2027-02-15,,Low,0,,4457.0
FO-032,2027-02-15,In Progress,99.1,False,0.0,2027-02-15,,Low,1,,16239.0
FO-032,2027-02-22,Completed,100.0,False,6.0,2027-02-21,Resource Shortage,Medium,1,2027-02-21,16387.0
FO-033,2026-12-07,Not Started,0.0,False,0.0,2027-02-24,,Low,0,,0.0
FO-033,2026-12-14,Not Started,0.0,False,0.0,2027-02-24,,Low,0,,0.0
FO-033,2026-12-21,Not Started,0.0,False,0.0,2027-02-24,,Low,0,,0.0
FO-033,2026-12-28,Not Started,0.0,False,0.0,2027-02-24,,Low,0,,0.0
FO-033,2027-01-04,Not Started,0.0,False,0.0,2027-02-24,,Low,0,,0.0
FO-033,2027-01-11,Not Started,0.0,False,0.0,2027-02-24,,Low,0,,0.0
FO-033,2027-01-18,Not Started,0.0,False,0.0,2027-02-24,,Low,0,,0.0
FO-033,2027-01-25,Not Started,0.0,False,0.0,2027-02-24,,Low,0,,0.0
FO-033,2027-02-01,Not Started,0.0,False,0.0,2027-02-24,,Low,0,,0.0
FO-033,2027-02-08,Not Started,0.0,False,0.0,2027-02-24,,Low,0,,0.0
FO-033,2027-02-15,In Progress,0.0,False,4.0,2027-02-28,Resource Shortage,High,2,,0.0
FO-033,2027-02-22,In Progress,55.4,False,4.0,2027-02-28,Resource Shortage,High,1,,8621.0
HK-001,2026-12-07,Not Started,0.0,False,0.0,2027-02-01,,Low,0,,0.0
HK-001,2026-12-14,Not Started,0.0,False,0.0,2027-02-01,,Low,0,,0.0
HK-001,2026-12-21,Not Started,0.0,False,0.0,2027-02-01,,Low,0,,0.0
HK-001,2026-12-28,Not Started,0.0,False,0.0,2027-02-01,,Low,0,,0.0
HK-001,2027-01-04,Not Started,0.0,False,0.0,2027-02-01,,Low,2,,0.0
HK-001,2027-01-11,Not Started,0.0,False,0.0,2027-02-01,,Low,0,,0.0
HK-001,2027-01-18,Not Started,0.0,False,0.0,2027-02-01,,Low,2,,0.0
HK-001,2027-01-25,Not Started,0.0,False,0.0,2027-02-01,,Low,0,,0.0
HK-001,2027-02-01,In Progress,63.7,False,4.0,2027-02-05,Design/Technical Issue,Medium,1,,24792.0
HK-001,2027-02-08,Completed,100.0,False,5.0,2027-02-06,Design/Technical Issue,Medium,0,2027-02-06,38920.0
HK-001,2027-02-15,Completed,100.0,False,5.0,2027-02-06,Design/Technical Issue,Medium,0,2027-02-06,38920.0
HK-001,2027-02-22,Completed,100.0,False,5.0,2027-02-06,Design/Technical Issue,Medium,1,2027-02-06,38920.0
HK-002,2026-12-07,Not Started,0.0,False,0.0,2027-02-05,,Low,0,,0.0
HK-002,2026-12-14,Not Started,0.0,False,0.0,2027-02-05,,Low,0,,0.0
HK-002,2026-12-21,Not Started,0.0,False,0.0,2027-02-05,,Low,0,,0.0
HK-002,2026-12-28,Not Started,0.0,False,0.0,2027-02-05,,Low,0,,0.0
HK-002,2027-01-04,Cancelled,0.0,False,0.0,2027-02-04,,Low,0,,0.0
HK-002,2027-01-11,Cancelled,0.0,False,0.0,2027-02-04,,Low,0,,0.0
HK-002,2027-01-18,Cancelled,0.0,False,0.0,2027-02-04,,Low,0,,0.0
HK-002,2027-01-25,Cancelled,0.0,False,0.0,2027-02-04,,Low,0,,0.0
HK-002,2027-02-01,Cancelled,0.0,False,0.0,2027-02-04,,Low,0,,0.0
HK-002,2027-02-08,Cancelled,0.0,False,0.0,2027-02-04,,Low,0,,0.0
HK-002,2027-02-15,Cancelled,0.0,False,0.0,2027-02-04,,Low,0,,0.0
HK-002,2027-02-22,Cancelled,0.0,False,0.0,2027-02-04,,Low,1,,0.0
HK-003,2026-12-07,Not Started,0.0,False,0.0,2027-02-06,,Low,1,,0.0
HK-003,2026-12-14,Not Started,0.0,False,0.0,2027-02-06,,Low,0,,0.0
HK-003,2026-12-21,Not Started,0.0,False,0.0,2027-02-06,,Low,1,,0.0
HK-003,2026-12-28,Not Started,0.0,False,0.0,2027-02-06,,Low,1,,0.0
HK-003,2027-01-04,Not Started,0.0,False,0.0,2027-02-06,,Low,0,,0.0
HK-003,2027-01-11,Not Started,0.0,False,0.0,2027-02-06,,Low,1,,0.0
HK-003,2027-01-18,Not Started,0.0,False,0.0,2027-02-06,,Low,0,,0.0
HK-003,2027-01-25,In Progress,0.0,False,0.0,2027-02-06,,Low,0,,0.0
HK-003,2027-02-01,In Progress,58.5,False,0.0,2027-02-06,,Low,0,,8933.0
HK-003,2027-02-08,Completed,100.0,False,0.0,2027-02-03,,Low,0,2027-02-03,15270.0
HK-003,2027-02-15,Completed,100.0,False,0.0,2027-02-03,,Low,1,2027-02-03,15270.0
HK-003,2027-02-22,Completed,100.0,False,0.0,2027-02-03,,Low,1,2027-02-03,15270.0
HK-004,2026-12-07,Not Started,0.0,False,0.0,2027-02-20,,Low,0,,0.0
HK-004,2026-12-14,Not Started,0.0,False,0.0,2027-02-20,,Low,0,,0.0
HK-004,2026-12-21,Not Started,0.0,False,0.0,2027-02-20,,Low,0,,0.0
HK-004,2026-12-28,Not Started,0.0,False,0.0,2027-02-20,,Low,0,,0.0
HK-004,2027-01-04,Not Started,0.0,False,0.0,2027-02-20,,Low,1,,0.0
HK-004,2027-01-11,Not Started,0.0,False,0.0,2027-02-20,,Low,1,,0.0
HK-004,2027-01-18,Not Started,0.0,False,0.0,2027-02-20,,Low,0,,0.0
HK-004,2027-01-25,Not Started,0.0,False,0.0,2027-02-20,,Low,0,,0.0
HK-004,2027-02-01,Not Started,0.0,False,0.0,2027-02-20,,Low,0,,0.0
HK-004,2027-02-08,In Progress,11.6,False,2.0,2027-02-22,Resource Shortage,Medium,2,,4385.0
HK-004,2027-02-15,In Progress,62.5,False,2.0,2027-02-22,Resource Shortage,Medium,0,,23628.0
HK-004,2027-02-22,In Progress,99.4,False,2.0,2027-02-22,Resource Shortage,Medium,1,,37578.0
HK-005,2026-12-07,Not Started,0.0,False,0.0,2027-02-07,,Low,1,,0.0
HK-005,2026-12-14,Not Started,0.0,False,0.0,2027-02-07,,Low,0,,0.0
HK-005,2026-12-21,Not Started,0.0,False,0.0,2027-02-07,,Low,0,,0.0
HK-005,2026-12-28,Not Started,0.0,False,0.0,2027-02-07,,Low,0,,0.0
HK-005,2027-01-04,Not Started,0.0,False,0.0,2027-02-07,,Low,0,,0.0
HK-005,2027-01-11,Not Started,0.0,False,0.0,2027-02-07,,Low,0,,0.0
HK-005,2027-01-18,Not Started,0.0,False,0.0,2027-02-07,,Low,1,,0.0
HK-005,2027-01-25,Not Started,0.0,False,0.0,2027-02-07,,Low,0,,0.0
HK-005,2027-02-01,In Progress,53.5,False,0.0,2027-02-06,,Low,0,,9680.0
HK-005,2027-02-08,Completed,100.0,False,0.0,2027-02-06,,Low,0,2027-02-06,18094.0
HK-005,2027-02-15,Completed,100.0,False,0.0,2027-02-06,,Low,0,2027-02-06,18094.0
HK-005,2027-02-22,Completed,100.0,False,0.0,2027-02-06,,Low,0,2027-02-06,18094.0
HK-006,2026-12-07,Not Started,0.0,False,0.0,2027-02-01,,Low,2,,0.0
HK-006,2026-12-14,Not Started,0.0,False,0.0,2027-02-01,,Low,1,,0.0
HK-006,2026-12-21,Not Started,0.0,False,0.0,2027-02-01,,Low,0,,0.0
HK-006,2026-12-28,Not Started,0.0,False,0.0,2027-02-01,,Low,0,,0.0
HK-006,2027-01-04,Not Started,0.0,False,0.0,2027-02-01,,Low,1,,0.0
HK-006,2027-01-11,Not Started,0.0,False,0.0,2027-02-01,,Low,0,,0.0
HK-006,2027-01-18,Cancelled,0.0,False,0.0,2027-02-01,,Low,0,,0.0
HK-006,2027-01-25,Cancelled,0.0,False,0.0,2027-02-01,,Low,1,,0.0
HK-006,2027-02-01,Cancelled,0.0,False,0.0,2027-02-01,,Low,0,,0.0
HK-006,2027-02-08,Cancelled,0.0,False,0.0,2027-02-01,,Low,0,,0.0
HK-006,2027-02-15,Cancelled,0.0,False,0.0,2027-02-01,,Low,1,,0.0
HK-006,2027-02-22,Cancelled,0.0,False,0.0,2027-02-01,,Low,0,,0.0
HK-007,2026-12-07,Not Started,0.0,False,0.0,2027-02-24,,Low,0,,0.0
HK-007,2026-12-14,Not Started,0.0,False,0.0,2027-02-24,,Low,0,,0.0
HK-007,2026-12-21,Not Started,0.0,False,0.0,2027-02-24,,Low,0,,0.0
HK-007,2026-12-28,Not Started,0.0,False,0.0,2027-02-24,,Low,0,,0.0
HK-007,2027-01-04,Not Started,0.0,False,0.0,2027-02-24,,Low,1,,0.0
HK-007,2027-01-11,Not Started,0.0,False,0.0,2027-02-24,,Low,0,,0.0
HK-007,2027-01-18,Not Started,0.0,False,0.0,2027-02-24,,Low,0,,0.0
HK-007,2027-01-25,Not Started,0.0,False,0.0,2027-02-24,,Low,0,,0.0
HK-007,2027-02-01,Not Started,0.0,False,0.0,2027-02-24,,Low,0,,0.0
HK-007,2027-02-08,Not Started,0.0,False,0.0,2027-02-24,,Low,0,,0.0
HK-007,2027-02-15,In Progress,4.0,False,0.0,2027-02-23,,Low,0,,2030.0
HK-007,2027-02-22,In Progress,82.7,False,0.0,2027-02-23,,Low,0,,41977.0
HK-008,2026-12-07,Not Started,0.0,False,0.0,2027-02-26,,Low,0,,0.0
HK-008,2026-12-14,Not Started,0.0,False,0.0,2027-02-26,,Low,0,,0.0
HK-008,2026-12-21,Not Started,0.0,False,0.0,2027-02-26,,Low,1,,0.0
HK-008,2026-12-28,Not Started,0.0,False,0.0,2027-02-26,,Low,1,,0.0
HK-008,2027-01-04,Not Started,0.0,False,0.0,2027-02-26,,Low,0,,0.0
HK-008,2027-01-11,Not Started,0.0,False,0.0,2027-02-26,,Low,0,,0.0
HK-008,2027-01-18,Not Started,0.0,False,0.0,2027-02-26,,Low,0,,0.0
HK-008,2027-01-25,Not Started,0.0,False,0.0,2027-02-26,,Low,0,,0.0
HK-008,2027-02-01,Not Started,0.0,False,0.0,2027-02-26,,Low,0,,0.0
HK-008,2027-02-08,In Progress,2.1,False,23.0,2027-03-21,Design/Technical Issue,High,1,,618.0
HK-008,2027-02-15,In Progress,14.4,False,23.0,2027-03-21,Design/Technical Issue,High,2,,4238.0
HK-008,2027-02-22,In Progress,34.0,False,23.0,2027-03-21,Design/Technical Issue,High,3,,10006.0
HK-009,2026-12-07,Not Started,0.0,False,0.0,2027-02-14,,Low,0,,0.0
HK-009,2026-12-14,Not Started,0.0,False,0.0,2027-02-14,,Low,0,,0.0
HK-009,2026-12-21,Not Started,0.0,False,0.0,2027-02-14,,Low,0,,0.0
HK-009,2026-12-28,Not Started,0.0,False,0.0,2027-02-14,,Low,0,,0.0
HK-009,2027-01-04,Not Started,0.0,False,0.0,2027-02-14,,Low,1,,0.0
HK-009,2027-01-11,Not Started,0.0,False,0.0,2027-02-14,,Low,1,,0.0
HK-009,2027-01-18,Not Started,0.0,False,0.0,2027-02-14,,Low,1,,0.0
HK-009,2027-01-25,Not Started,0.0,False,0.0,2027-02-14,,Low,0,,0.0
HK-009,2027-02-01,In Progress,8.2,False,23.0,2027-03-09,Resource Shortage,High,1,,919.0
HK-009,2027-02-08,On Hold,36.9,True,23.0,2027-03-09,Resource Shortage,Critical,1,,4134.0
HK-009,2027-02-15,On Hold,36.9,True,23.0,2027-03-09,Resource Shortage,Critical,3,,4134.0
HK-009,2027-02-22,On Hold,36.9,True,23.0,2027-03-09,Resource Shortage,Critical,6,,4134.0
HK-010,2026-12-07,Not Started,0.0,False,0.0,2027-02-15,,Low,1,,0.0
HK-010,2026-12-14,Not Started,0.0,False,0.0,2027-02-15,,Low,0,,0.0
HK-010,2026-12-21,Not Started,0.0,False,0.0,2027-02-15,,Low,0,,0.0
HK-010,2026-12-28,Not Started,0.0,False,0.0,2027-02-15,,Low,0,,0.0
HK-010,2027-01-04,Not Started,0.0,False,0.0,2027-02-15,,Low,0,,0.0
HK-010,2027-01-11,Not Started,0.0,False,0.0,2027-02-15,,Low,0,,0.0
HK-010,2027-01-18,Not Started,0.0,False,0.0,2027-02-15,,Low,1,,0.0
HK-010,2027-01-25,Not Started,0.0,False,0.0,2027-02-15,,Low,1,,0.0
HK-010,2027-02-01,Not Started,0.0,False,0.0,2027-02-15,,Low,0,,0.0
HK-010,2027-02-08,In Progress,27.2,False,0.0,2027-02-13,,Low,0,,1587.0
HK-010,2027-02-15,Completed,100.0,False,0.0,2027-02-15,,Low,0,2027-02-15,5835.0
HK-010,2027-02-22,Completed,100.0,False,0.0,2027-02-15,,Low,1,2027-02-15,5835.0
HK-011,2026-12-07,Not Started,0.0,False,0.0,2027-02-26,,Low,0,,0.0
HK-011,2026-12-14,Not Started,0.0,False,0.0,2027-02-26,,Low,3,,0.0
HK-011,2026-12-21,Not Started,0.0,False,0.0,2027-02-26,,Low,0,,0.0
HK-011,2026-12-28,Not Started,0.0,False,0.0,2027-02-26,,Low,0,,0.0
HK-011,2027-01-04,Not Started,0.0,False,0.0,2027-02-26,,Low,1,,0.0
HK-011,2027-01-11,Not Started,0.0,False,0.0,2027-02-26,,Low,0,,0.0
HK-011,2027-01-18,Not Started,0.0,False,0.0,2027-02-26,,Low,0,,0.0
HK-011,2027-01-25,Not Started,0.0,False,0.0,2027-02-26,,Low,0,,0.0
HK-011,2027-02-01,Not Started,0.0,False,0.0,2027-02-26,,Low,0,,0.0
HK-011,2027-02-08,In Progress,7.2,False,0.0,2027-02-23,,Low,0,,863.0
HK-011,2027-02-15,In Progress,57.1,False,0.0,2027-02-23,,Low,0,,6842.0
HK-011,2027-02-22,In Progress,98.6,False,0.0,2027-02-23,,Low,0,,11815.0
HK-012,2026-12-07,Not Started,0.0,False,0.0,2027-02-26,,Low,0,,0.0
HK-012,2026-12-14,Not Started,0.0,False,0.0,2027-02-26,,Low,0,,0.0
HK-012,2026-12-21,Not Started,0.0,False,0.0,2027-02-26,,Low,1,,0.0
HK-012,2026-12-28,Not Started,0.0,False,0.0,2027-02-26,,Low,1,,0.0
HK-012,2027-01-04,Not Started,0.0,False,0.0,2027-02-26,,Low,0,,0.0
HK-012,2027-01-11,Not Started,0.0,False,0.0,2027-02-26,,Low,1,,0.0
HK-012,2027-01-18,Not Started,0.0,False,0.0,2027-02-26,,Low,0,,0.0
HK-012,2027-01-25,Not Started,0.0,False,0.0,2027-02-26,,Low,0,,0.0
HK-012,2027-02-01,Not Started,0.0,False,0.0,2027-02-26,,Low,1,,0.0
HK-012,2027-02-08,Not Started,0.0,False,0.0,2027-02-26,,Low,0,,0.0
HK-012,2027-02-15,Not Started,0.0,False,0.0,2027-02-26,,Low,0,,0.0
HK-012,2027-02-22,In Progress,64.2,False,0.0,2027-02-26,,Low,0,,3595.0
HK-013,2026-12-07,Not Started,0.0,False,0.0,2027-02-09,,Low,0,,0.0
HK-013,2026-12-14,Not Started,0.0,False,0.0,2027-02-09,,Low,0,,0.0
HK-013,2026-12-21,Not Started,0.0,False,0.0,2027-02-09,,Low,0,,0.0
HK-013,2026-12-28,Not Started,0.0,False,0.0,2027-02-09,,Low,2,,0.0
HK-013,2027-01-04,Not Started,0.0,False,0.0,2027-02-09,,Low,0,,0.0
HK-013,2027-01-11,Not Started,0.0,False,0.0,2027-02-09,,Low,1,,0.0
HK-013,2027-01-18,Not Started,0.0,False,0.0,2027-02-09,,Low,0,,0.0
HK-013,2027-01-25,In Progress,20.5,False,0.0,2027-02-08,,Low,0,,1391.0
HK-013,2027-02-01,In Progress,69.2,False,0.0,2027-02-08,,Low,1,,4694.0
HK-013,2027-02-08,In Progress,99.7,False,0.0,2027-02-08,,Low,0,,6763.0
HK-013,2027-02-15,Completed,100.0,False,2.0,2027-02-11,Vendor Delay,Medium,2,2027-02-11,6783.0
HK-013,2027-02-22,Completed,100.0,False,2.0,2027-02-11,Vendor Delay,Medium,1,2027-02-11,6783.0
HK-014,2026-12-07,Not Started,0.0,False,0.0,2027-01-16,,Low,0,,0.0
HK-014,2026-12-14,Not Started,0.0,False,0.0,2027-01-16,,Low,0,,0.0
HK-014,2026-12-21,Not Started,0.0,False,0.0,2027-01-16,,Low,0,,0.0
HK-014,2026-12-28,Not Started,0.0,False,0.0,2027-01-16,,Low,1,,0.0
HK-014,2027-01-04,Not Started,0.0,False,0.0,2027-01-16,,Low,0,,0.0
HK-014,2027-01-11,In Progress,49.5,False,0.0,2027-01-16,,Low,1,,7201.0
HK-014,2027-01-18,Completed,100.0,False,0.0,2027-01-14,,Low,0,2027-01-14,14548.0
HK-014,2027-01-25,Completed,100.0,False,0.0,2027-01-14,,Low,0,2027-01-14,14548.0
HK-014,2027-02-01,Completed,100.0,False,0.0,2027-01-14,,Low,1,2027-01-14,14548.0
HK-014,2027-02-08,Completed,100.0,False,0.0,2027-01-14,,Low,0,2027-01-14,14548.0
HK-014,2027-02-15,Completed,100.0,False,0.0,2027-01-14,,Low,0,2027-01-14,14548.0
HK-014,2027-02-22,Completed,100.0,False,0.0,2027-01-14,,Low,0,2027-01-14,14548.0
HK-015,2026-12-07,Not Started,0.0,False,0.0,2027-01-21,,Low,0,,0.0
HK-015,2026-12-14,Not Started,0.0,False,0.0,2027-01-21,,Low,0,,0.0
HK-015,2026-12-21,Not Started,0.0,False,0.0,2027-01-21,,Low,1,,0.0
HK-015,2026-12-28,Not Started,0.0,False,0.0,2027-01-21,,Low,0,,0.0
HK-015,2027-01-04,Not Started,0.0,False,0.0,2027-01-21,,Low,0,,0.0
HK-015,2027-01-11,Not Started,0.0,False,0.0,2027-01-21,,Low,1,,0.0
HK-015,2027-01-18,In Progress,38.8,False,1.0,2027-01-22,Resource Shortage,Medium,1,,9370.0
HK-015,2027-01-25,Completed,100.0,False,0.0,2027-01-21,,Low,0,2027-01-21,24150.0
HK-015,2027-02-01,Completed,100.0,False,0.0,2027-01-21,,Low,0,2027-01-21,24150.0
HK-015,2027-02-08,Completed,100.0,False,0.0,2027-01-21,,Low,0,2027-01-21,24150.0
HK-015,2027-02-15,Completed,100.0,False,0.0,2027-01-21,,Low,0,2027-01-21,24150.0
HK-015,2027-02-22,Completed,100.0,False,0.0,2027-01-21,,Low,0,2027-01-21,24150.0
HK-016,2026-12-07,Not Started,0.0,False,0.0,2027-01-23,,Low,0,,0.0
HK-016,2026-12-14,Not Started,0.0,False,0.0,2027-01-23,,Low,1,,0.0
HK-016,2026-12-21,Not Started,0.0,False,0.0,2027-01-23,,Low,1,,0.0
HK-016,2026-12-28,Not Started,0.0,False,0.0,2027-01-23,,Low,0,,0.0
HK-016,2027-01-04,Not Started,0.0,False,0.0,2027-01-23,,Low,0,,0.0
HK-016,2027-01-11,Not Started,0.0,False,0.0,2027-01-23,,Low,1,,0.0
HK-016,2027-01-18,In Progress,44.6,False,1.0,2027-01-24,Resource Shortage,Medium,1,,32566.0
HK-016,2027-01-25,Completed,100.0,False,0.0,2027-01-22,,Low,0,2027-01-22,73018.0
HK-016,2027-02-01,Completed,100.0,False,0.0,2027-01-22,,Low,0,2027-01-22,73018.0
HK-016,2027-02-08,Completed,100.0,False,0.0,2027-01-22,,Low,0,2027-01-22,73018.0
HK-016,2027-02-15,Completed,100.0,False,0.0,2027-01-22,,Low,0,2027-01-22,73018.0
HK-016,2027-02-22,Completed,100.0,False,0.0,2027-01-22,,Low,0,2027-01-22,73018.0
HK-017,2026-12-07,Not Started,0.0,False,0.0,2027-01-13,,Low,0,,0.0
HK-017,2026-12-14,Not Started,0.0,False,0.0,2027-01-13,,Low,0,,0.0
HK-017,2026-12-21,Not Started,0.0,False,0.0,2027-01-13,,Low,0,,0.0
HK-017,2026-12-28,Not Started,0.0,False,0.0,2027-01-13,,Low,0,,0.0
HK-017,2027-01-04,In Progress,14.7,False,6.0,2027-01-19,Design/Technical Issue,Medium,2,,3914.0
HK-017,2027-01-11,In Progress,61.8,False,6.0,2027-01-19,Design/Technical Issue,Medium,0,,16455.0
HK-017,2027-01-18,In Progress,98.0,False,6.0,2027-01-19,Design/Technical Issue,Medium,2,,26094.0
HK-017,2027-01-25,Completed,100.0,False,8.0,2027-01-21,Design/Technical Issue,High,1,2027-01-21,26626.0
HK-017,2027-02-01,Completed,100.0,False,8.0,2027-01-21,Design/Technical Issue,High,4,2027-01-21,26626.0
HK-017,2027-02-08,Completed,100.0,False,8.0,2027-01-21,Design/Technical Issue,High,2,2027-01-21,26626.0
HK-017,2027-02-15,Completed,100.0,False,8.0,2027-01-21,Design/Technical Issue,High,3,2027-01-21,26626.0
HK-017,2027-02-22,Completed,100.0,False,8.0,2027-01-21,Design/Technical Issue,High,1,2027-01-21,26626.0
HK-018,2026-12-07,Not Started,0.0,False,0.0,2027-01-24,,Low,0,,0.0
HK-018,2026-12-14,Not Started,0.0,False,0.0,2027-01-24,,Low,0,,0.0
HK-018,2026-12-21,Not Started,0.0,False,0.0,2027-01-24,,Low,0,,0.0
HK-018,2026-12-28,Not Started,0.0,False,0.0,2027-01-24,,Low,1,,0.0
HK-018,2027-01-04,Not Started,0.0,False,0.0,2027-01-24,,Low,0,,0.0
HK-018,2027-01-11,Not Started,0.0,False,0.0,2027-01-24,,Low,0,,0.0
HK-018,2027-01-18,In Progress,8.7,False,12.0,2027-02-05,Resource Shortage,High,0,,3145.0
HK-018,2027-01-25,In Progress,49.9,False,12.0,2027-02-05,Resource Shortage,High,2,,18040.0
HK-018,2027-02-01,In Progress,91.2,False,12.0,2027-02-05,Resource Shortage,High,1,,32971.0
HK-018,2027-02-08,Completed,100.0,False,15.0,2027-02-08,Resource Shortage,High,1,2027-02-08,36153.0
HK-018,2027-02-15,Completed,100.0,False,15.0,2027-02-08,Resource Shortage,High,2,2027-02-08,36153.0
HK-018,2027-02-22,Completed,100.0,False,15.0,2027-02-08,Resource Shortage,High,3,2027-02-08,36153.0
HK-019,2026-12-07,Not Started,0.0,False,0.0,2027-01-25,,Low,0,,0.0
HK-019,2026-12-14,Not Started,0.0,False,0.0,2027-01-25,,Low,0,,0.0
HK-019,2026-12-21,Not Started,0.0,False,0.0,2027-01-25,,Low,0,,0.0
HK-019,2026-12-28,Not Started,0.0,False,0.0,2027-01-25,,Low,0,,0.0
HK-019,2027-01-04,Not Started,0.0,False,0.0,2027-01-25,,Low,0,,0.0
HK-019,2027-01-11,Not Started,0.0,False,0.0,2027-01-25,,Low,0,,0.0
HK-019,2027-01-18,In Progress,36.5,False,0.0,2027-01-25,,Low,0,,5758.0
HK-019,2027-01-25,In Progress,99.9,False,0.0,2027-01-25,,Low,0,,15761.0
HK-019,2027-02-01,Completed,100.0,False,1.0,2027-01-26,Vendor Delay,Medium,0,2027-01-26,15776.0
HK-019,2027-02-08,Completed,100.0,False,1.0,2027-01-26,Vendor Delay,Medium,1,2027-01-26,15776.0
HK-019,2027-02-15,Completed,100.0,False,1.0,2027-01-26,Vendor Delay,Medium,2,2027-01-26,15776.0
HK-019,2027-02-22,Completed,100.0,False,1.0,2027-01-26,Vendor Delay,Medium,0,2027-01-26,15776.0
HK-020,2026-12-07,Not Started,0.0,False,0.0,2027-01-25,,Low,1,,0.0
HK-020,2026-12-14,Not Started,0.0,False,0.0,2027-01-25,,Low,1,,0.0
HK-020,2026-12-21,Not Started,0.0,False,0.0,2027-01-25,,Low,0,,0.0
HK-020,2026-12-28,Not Started,0.0,False,0.0,2027-01-25,,Low,1,,0.0
HK-020,2027-01-04,Not Started,0.0,False,0.0,2027-01-25,,Low,0,,0.0
HK-020,2027-01-11,In Progress,6.1,False,3.0,2027-01-28,Vendor Delay,Medium,0,,3433.0
HK-020,2027-01-18,In Progress,50.0,False,3.0,2027-01-28,Vendor Delay,Medium,0,,28137.0
HK-020,2027-01-25,In Progress,93.9,False,3.0,2027-01-28,Vendor Delay,Medium,0,,52841.0
HK-020,2027-02-01,Completed,100.0,False,6.0,2027-01-31,Vendor Delay,Medium,0,2027-01-31,56273.0
HK-020,2027-02-08,Completed,100.0,False,6.0,2027-01-31,Vendor Delay,Medium,0,2027-01-31,56273.0
HK-020,2027-02-15,Completed,100.0,False,6.0,2027-01-31,Vendor Delay,Medium,0,2027-01-31,56273.0
HK-020,2027-02-22,Completed,100.0,False,6.0,2027-01-31,Vendor Delay,Medium,1,2027-01-31,56273.0
HK-021,2026-12-07,Not Started,0.0,False,0.0,2027-01-06,,Low,0,,0.0
HK-021,2026-12-14,Not Started,0.0,False,0.0,2027-01-06,,Low,0,,0.0
HK-021,2026-12-21,Not Started,0.0,False,0.0,2027-01-06,,Low,0,,0.0
HK-021,2026-12-28,Not Started,0.0,False,0.0,2027-01-06,,Low,1,,0.0
HK-021,2027-01-04,In Progress,39.1,False,6.0,2027-01-12,Vendor Delay,Medium,2,,3576.0
HK-021,2027-01-11,In Progress,98.4,False,6.0,2027-01-12,Vendor Delay,Medium,0,,9000.0
HK-021,2027-01-18,Completed,100.0,False,7.0,2027-01-13,Vendor Delay,Medium,1,2027-01-13,9147.0
HK-021,2027-01-25,Completed,100.0,False,7.0,2027-01-13,Vendor Delay,Medium,2,2027-01-13,9147.0
HK-021,2027-02-01,Completed,100.0,False,7.0,2027-01-13,Vendor Delay,Medium,1,2027-01-13,9147.0
HK-021,2027-02-08,Completed,100.0,False,7.0,2027-01-13,Vendor Delay,Medium,0,2027-01-13,9147.0
HK-021,2027-02-15,Completed,100.0,False,7.0,2027-01-13,Vendor Delay,Medium,1,2027-01-13,9147.0
HK-021,2027-02-22,Completed,100.0,False,7.0,2027-01-13,Vendor Delay,Medium,1,2027-01-13,9147.0
HK-022,2026-12-07,Not Started,0.0,False,0.0,2027-01-19,,Low,0,,0.0
HK-022,2026-12-14,Not Started,0.0,False,0.0,2027-01-19,,Low,0,,0.0
HK-022,2026-12-21,Not Started,0.0,False,0.0,2027-01-19,,Low,0,,0.0
HK-022,2026-12-28,Not Started,0.0,False,0.0,2027-01-19,,Low,1,,0.0
HK-022,2027-01-04,Not Started,0.0,False,0.0,2027-01-19,,Low,0,,0.0
HK-022,2027-01-11,Not Started,0.0,False,0.0,2027-01-19,,Low,2,,0.0
HK-022,2027-01-18,On Hold,27.1,True,18.0,2027-02-06,Resource Shortage,Critical,5,,15138.0
HK-022,2027-01-25,On Hold,27.1,True,18.0,2027-02-06,Resource Shortage,Critical,7,,15138.0
HK-022,2027-02-01,On Hold,27.1,True,18.0,2027-02-06,Resource Shortage,Critical,8,,15138.0
HK-022,2027-02-08,Completed,100.0,False,19.0,2027-02-07,Resource Shortage,High,3,2027-02-07,55859.0
HK-022,2027-02-15,Completed,100.0,False,19.0,2027-02-07,Resource Shortage,High,1,2027-02-07,55859.0
HK-022,2027-02-22,Completed,100.0,False,19.0,2027-02-07,Resource Shortage,High,1,2027-02-07,55859.0
HK-023,2026-12-07,Not Started,0.0,False,0.0,2027-01-12,,Low,1,,0.0
HK-023,2026-12-14,Not Started,0.0,False,0.0,2027-01-12,,Low,0,,0.0
HK-023,2026-12-21,Not Started,0.0,False,0.0,2027-01-12,,Low,0,,0.0
HK-023,2026-12-28,Not Started,0.0,False,0.0,2027-01-12,,Low,1,,0.0
HK-023,2027-01-04,Not Started,0.0,False,0.0,2027-01-12,,Low,1,,0.0
HK-023,2027-01-11,In Progress,82.2,False,0.0,2027-01-12,,Low,1,,9356.0
HK-023,2027-01-18,Completed,100.0,False,4.0,2027-01-16,Design/Technical Issue,Medium,0,2027-01-16,11382.0
HK-023,2027-01-25,Completed,100.0,False,4.0,2027-01-16,Design/Technical Issue,Medium,0,2027-01-16,11382.0
HK-023,2027-02-01,Completed,100.0,False,4.0,2027-01-16,Design/Technical Issue,Medium,1,2027-01-16,11382.0
HK-023,2027-02-08,Completed,100.0,False,4.0,2027-01-16,Design/Technical Issue,Medium,3,2027-01-16,11382.0
HK-023,2027-02-15,Completed,100.0,False,4.0,2027-01-16,Design/Technical Issue,Medium,0,2027-01-16,11382.0
HK-023,2027-02-22,Completed,100.0,False,4.0,2027-01-16,Design/Technical Issue,Medium,3,2027-01-16,11382.0
HK-024,2026-12-07,Not Started,0.0,False,0.0,2027-01-14,,Low,0,,0.0
HK-024,2026-12-14,Not Started,0.0,False,0.0,2027-01-14,,Low,0,,0.0
HK-024,2026-12-21,Not Started,0.0,False,0.0,2027-01-14,,Low,0,,0.0
HK-024,2026-12-28,In Progress,10.6,False,2.0,2027-01-16,Resource Shortage,Medium,1,,640.0
HK-024,2027-01-04,In Progress,47.8,False,2.0,2027-01-16,Resource Shortage,Medium,3,,2884.0
HK-024,2027-01-11,In Progress,86.4,False,2.0,2027-01-16,Resource Shortage,Medium,2,,5213.0
HK-024,2027-01-18,Completed,100.0,False,0.0,2027-01-12,,Low,1,2027-01-12,6033.0
HK-024,2027-01-25,Completed,100.0,False,0.0,2027-01-12,,Low,0,2027-01-12,6033.0
HK-024,2027-02-01,Completed,100.0,False,0.0,2027-01-12,,Low,1,2027-01-12,6033.0
HK-024,2027-02-08,Completed,100.0,False,0.0,2027-01-12,,Low,0,2027-01-12,6033.0
HK-024,2027-02-15,Completed,100.0,False,0.0,2027-01-12,,Low,1,2027-01-12,6033.0
HK-024,2027-02-22,Completed,100.0,False,0.0,2027-01-12,,Low,0,2027-01-12,6033.0
HK-025,2026-12-07,Not Started,0.0,False,0.0,2027-01-12,,Low,0,,0.0
HK-025,2026-12-14,Not Started,0.0,False,0.0,2027-01-12,,Low,0,,0.0
HK-025,2026-12-21,Not Started,0.0,False,0.0,2027-01-12,,Low,0,,0.0
HK-025,2026-12-28,Not Started,0.0,False,0.0,2027-01-12,,Low,3,,0.0
HK-025,2027-01-04,Not Started,0.0,False,0.0,2027-01-12,,Low,1,,0.0
HK-025,2027-01-11,In Progress,63.4,False,3.0,2027-01-15,Design/Technical Issue,Medium,1,,35677.0
HK-025,2027-01-18,Completed,100.0,False,6.0,2027-01-18,Design/Technical Issue,Medium,2,2027-01-18,56273.0
HK-025,2027-01-25,Completed,100.0,False,6.0,2027-01-18,Design/Technical Issue,Medium,0,2027-01-18,56273.0
HK-025,2027-02-01,Completed,100.0,False,6.0,2027-01-18,Design/Technical Issue,Medium,0,2027-01-18,56273.0
HK-025,2027-02-08,Completed,100.0,False,6.0,2027-01-18,Design/Technical Issue,Medium,1,2027-01-18,56273.0
HK-025,2027-02-15,Completed,100.0,False,6.0,2027-01-18,Design/Technical Issue,Medium,0,2027-01-18,56273.0
HK-025,2027-02-22,Completed,100.0,False,6.0,2027-01-18,Design/Technical Issue,Medium,1,2027-01-18,56273.0
HK-026,2026-12-07,Not Started,0.0,False,0.0,2027-01-05,,Low,1,,0.0
HK-026,2026-12-14,Not Started,0.0,False,0.0,2027-01-05,,Low,2,,0.0
HK-026,2026-12-21,Not Started,0.0,False,0.0,2027-01-05,,Low,0,,0.0
HK-026,2026-12-28,Not Started,0.0,False,0.0,2027-01-05,,Low,0,,0.0
HK-026,2027-01-04,In Progress,62.2,False,3.0,2027-01-08,Vendor Delay,Medium,0,,10908.0
HK-026,2027-01-11,Completed,100.0,False,1.0,2027-01-06,Vendor Delay,Medium,3,2027-01-06,17537.0
HK-026,2027-01-18,Completed,100.0,False,1.0,2027-01-06,Vendor Delay,Medium,1,2027-01-06,17537.0
HK-026,2027-01-25,Completed,100.0,False,1.0,2027-01-06,Vendor Delay,Medium,1,2027-01-06,17537.0
HK-026,2027-02-01,Completed,100.0,False,1.0,2027-01-06,Vendor Delay,Medium,0,2027-01-06,17537.0
HK-026,2027-02-08,Completed,100.0,False,1.0,2027-01-06,Vendor Delay,Medium,2,2027-01-06,17537.0
HK-026,2027-02-15,Completed,100.0,False,1.0,2027-01-06,Vendor Delay,Medium,0,2027-01-06,17537.0
HK-026,2027-02-22,Completed,100.0,False,1.0,2027-01-06,Vendor Delay,Medium,1,2027-01-06,17537.0
HK-027,2026-12-07,Not Started,0.0,False,0.0,2027-01-07,,Low,0,,0.0
HK-027,2026-12-14,Not Started,0.0,False,0.0,2027-01-07,,Low,0,,0.0
HK-027,2026-12-21,In Progress,0.0,False,0.0,2027-01-06,,Low,0,,0.0
HK-027,2026-12-28,In Progress,40.2,False,0.0,2027-01-06,,Low,0,,13306.0
HK-027,2027-01-04,In Progress,95.3,False,0.0,2027-01-06,,Low,0,,31544.0
HK-027,2027-01-11,Completed,100.0,False,2.0,2027-01-09,Resource Shortage,Medium,0,2027-01-09,33100.0
HK-027,2027-01-18,Completed,100.0,False,2.0,2027-01-09,Resource Shortage,Medium,0,2027-01-09,33100.0
HK-027,2027-01-25,Completed,100.0,False,2.0,2027-01-09,Resource Shortage,Medium,0,2027-01-09,33100.0
HK-027,2027-02-01,Completed,100.0,False,2.0,2027-01-09,Resource Shortage,Medium,0,2027-01-09,33100.0
HK-027,2027-02-08,Completed,100.0,False,2.0,2027-01-09,Resource Shortage,Medium,1,2027-01-09,33100.0
HK-027,2027-02-15,Completed,100.0,False,2.0,2027-01-09,Resource Shortage,Medium,3,2027-01-09,33100.0
HK-027,2027-02-22,Completed,100.0,False,2.0,2027-01-09,Resource Shortage,Medium,2,2027-01-09,33100.0
HK-028,2026-12-07,Not Started,0.0,False,0.0,2026-12-26,,Low,0,,0.0
HK-028,2026-12-14,Not Started,0.0,False,0.0,2026-12-26,,Low,0,,0.0
HK-028,2026-12-21,In Progress,0.0,False,0.0,2026-12-25,,Low,1,,0.0
HK-028,2026-12-28,Completed,100.0,False,0.0,2026-12-25,,Low,0,2026-12-25,8750.0
HK-028,2027-01-04,Completed,100.0,False,0.0,2026-12-25,,Low,2,2026-12-25,8750.0
HK-028,2027-01-11,Completed,100.0,False,0.0,2026-12-25,,Low,0,2026-12-25,8750.0
HK-028,2027-01-18,Completed,100.0,False,0.0,2026-12-25,,Low,1,2026-12-25,8750.0
HK-028,2027-01-25,Completed,100.0,False,0.0,2026-12-25,,Low,1,2026-12-25,8750.0
HK-028,2027-02-01,Completed,100.0,False,0.0,2026-12-25,,Low,0,2026-12-25,8750.0
HK-028,2027-02-08,Completed,100.0,False,0.0,2026-12-25,,Low,0,2026-12-25,8750.0
HK-028,2027-02-15,Completed,100.0,False,0.0,2026-12-25,,Low,0,2026-12-25,8750.0
HK-028,2027-02-22,Completed,100.0,False,0.0,2026-12-25,,Low,0,2026-12-25,8750.0
HK-029,2026-12-07,Not Started,0.0,False,0.0,2027-01-06,,Low,0,,0.0
HK-029,2026-12-14,Not Started,0.0,False,0.0,2027-01-06,,Low,0,,0.0
HK-029,2026-12-21,Not Started,0.0,False,0.0,2027-01-06,,Low,1,,0.0
HK-029,2026-12-28,In Progress,9.6,False,0.0,2027-01-06,,Low,0,,1354.0
HK-029,2027-01-04,In Progress,85.8,False,0.0,2027-01-06,,Low,0,,12106.0
HK-029,2027-01-11,Completed,100.0,False,0.0,2027-01-05,,Low,1,2027-01-05,14109.0
HK-029,2027-01-18,Completed,100.0,False,0.0,2027-01-05,,Low,0,2027-01-05,14109.0
HK-029,2027-01-25,Completed,100.0,False,0.0,2027-01-05,,Low,0,2027-01-05,14109.0
HK-029,2027-02-01,Completed,100.0,False,0.0,2027-01-05,,Low,0,2027-01-05,14109.0
HK-029,2027-02-08,Completed,100.0,False,0.0,2027-01-05,,Low,0,2027-01-05,14109.0
HK-029,2027-02-15,Completed,100.0,False,0.0,2027-01-05,,Low,1,2027-01-05,14109.0
HK-029,2027-02-22,Completed,100.0,False,0.0,2027-01-05,,Low,0,2027-01-05,14109.0
HK-030,2026-12-07,Not Started,0.0,False,0.0,2027-01-10,,Low,1,,0.0
HK-030,2026-12-14,Not Started,0.0,False,0.0,2027-01-10,,Low,0,,0.0
HK-030,2026-12-21,Not Started,0.0,False,0.0,2027-01-10,,Low,0,,0.0
HK-030,2026-12-28,In Progress,0.0,False,8.0,2027-01-18,Scope Change,High,4,,0.0
HK-030,2027-01-04,In Progress,24.7,False,8.0,2027-01-18,Scope Change,High,3,,1439.0
HK-030,2027-01-11,In Progress,71.6,False,8.0,2027-01-18,Scope Change,High,1,,4171.0
HK-030,2027-01-18,In Progress,99.8,False,8.0,2027-01-18,Scope Change,High,3,,5813.0
HK-030,2027-01-25,Completed,100.0,False,15.0,2027-01-25,Scope Change,High,0,2027-01-25,5825.0
HK-030,2027-02-01,Completed,100.0,False,15.0,2027-01-25,Scope Change,High,0,2027-01-25,5825.0
HK-030,2027-02-08,Completed,100.0,False,15.0,2027-01-25,Scope Change,High,1,2027-01-25,5825.0
HK-030,2027-02-15,Completed,100.0,False,15.0,2027-01-25,Scope Change,High,0,2027-01-25,5825.0
HK-030,2027-02-22,Completed,100.0,False,15.0,2027-01-25,Scope Change,High,1,2027-01-25,5825.0
HK-031,2026-12-07,Not Started,0.0,False,0.0,2027-01-10,,Low,0,,0.0
HK-031,2026-12-14,Not Started,0.0,False,0.0,2027-01-10,,Low,0,,0.0
HK-031,2026-12-21,Not Started,0.0,False,0.0,2027-01-10,,Low,1,,0.0
HK-031,2026-12-28,Not Started,0.0,False,0.0,2027-01-10,,Low,0,,0.0
HK-031,2027-01-04,Not Started,0.0,False,0.0,2027-01-10,,Low,0,,0.0
HK-031,2027-01-11,Completed,100.0,False,0.0,2027-01-05,,Low,1,2027-01-05,4334.0
HK-031,2027-01-18,Completed,100.0,False,0.0,2027-01-05,,Low,1,2027-01-05,4334.0
HK-031,2027-01-25,Completed,100.0,False,0.0,2027-01-05,,Low,0,2027-01-05,4334.0
HK-031,2027-02-01,Completed,100.0,False,0.0,2027-01-05,,Low,1,2027-01-05,4334.0
HK-031,2027-02-08,Completed,100.0,False,0.0,2027-01-05,,Low,1,2027-01-05,4334.0
HK-031,2027-02-15,Completed,100.0,False,0.0,2027-01-05,,Low,1,2027-01-05,4334.0
HK-031,2027-02-22,Completed,100.0,False,0.0,2027-01-05,,Low,1,2027-01-05,4334.0
HK-032,2026-12-07,Not Started,0.0,False,0.0,2027-01-01,,Low,0,,0.0
HK-032,2026-12-14,Not Started,0.0,False,0.0,2027-01-01,,Low,3,,0.0
HK-032,2026-12-21,Not Started,0.0,False,0.0,2027-01-01,,Low,0,,0.0
HK-032,2026-12-28,In Progress,22.7,False,0.0,2026-12-31,,Low,0,,3150.0
HK-032,2027-01-04,Completed,100.0,False,0.0,2026-12-31,,Low,0,2026-12-31,13879.0
HK-032,2027-01-11,Completed,100.0,False,0.0,2026-12-31,,Low,1,2026-12-31,13879.0
HK-032,2027-01-18,Completed,100.0,False,0.0,2026-12-31,,Low,0,2026-12-31,13879.0
HK-032,2027-01-25,Completed,100.0,False,0.0,2026-12-31,,Low,1,2026-12-31,13879.0
HK-032,2027-02-01,Completed,100.0,False,0.0,2026-12-31,,Low,0,2026-12-31,13879.0
HK-032,2027-02-08,Completed,100.0,False,0.0,2026-12-31,,Low,0,2026-12-31,13879.0
HK-032,2027-02-15,Completed,100.0,False,0.0,2026-12-31,,Low,0,2026-12-31,13879.0
HK-032,2027-02-22,Completed,100.0,False,0.0,2026-12-31,,Low,1,2026-12-31,13879.0
HK-033,2026-12-07,Not Started,0.0,False,0.0,2027-01-15,,Low,0,,0.0
HK-033,2026-12-14,Not Started,0.0,False,0.0,2027-01-15,,Low,0,,0.0
HK-033,2026-12-21,Not Started,0.0,False,0.0,2027-01-15,,Low,1,,0.0
HK-033,2026-12-28,Not Started,0.0,False,0.0,2027-01-15,,Low,0,,0.0
HK-033,2027-01-04,Not Started,0.0,False,0.0,2027-01-15,,Low,1,,0.0
HK-033,2027-01-11,In Progress,36.5,False,4.0,2027-01-19,Resource Shortage,Medium,2,,8346.0
HK-033,2027-01-18,In Progress,96.4,False,4.0,2027-01-19,Resource Shortage,Medium,2,,22041.0
HK-033,2027-01-25,Completed,100.0,False,6.0,2027-01-21,Resource Shortage,Medium,1,2027-01-21,22865.0
HK-033,2027-02-01,Completed,100.0,False,6.0,2027-01-21,Resource Shortage,Medium,1,2027-01-21,22865.0
HK-033,2027-02-08,Completed,100.0,False,6.0,2027-01-21,Resource Shortage,Medium,1,2027-01-21,22865.0
HK-033,2027-02-15,Completed,100.0,False,6.0,2027-01-21,Resource Shortage,Medium,0,2027-01-21,22865.0
HK-033,2027-02-22,Completed,100.0,False,6.0,2027-01-21,Resource Shortage,Medium,1,2027-01-21,22865.0
HR-001,2026-12-07,Not Started,0.0,False,0.0,2026-12-14,,Low,0,,0.0
HR-001,2026-12-14,In Progress,99.4,False,0.0,2026-12-14,,Low,1,,4041.0
HR-001,2026-12-21,Completed,100.0,False,6.0,2026-12-20,Scope Change,Medium,0,2026-12-20,4065.0
HR-001,2026-12-28,Completed,100.0,False,6.0,2026-12-20,Scope Change,Medium,0,2026-12-20,4065.0
HR-001,2027-01-04,Completed,100.0,False,6.0,2026-12-20,Scope Change,Medium,1,2026-12-20,4065.0
HR-001,2027-01-11,Completed,100.0,False,6.0,2026-12-20,Scope Change,Medium,0,2026-12-20,4065.0
HR-001,2027-01-18,Completed,100.0,False,6.0,2026-12-20,Scope Change,Medium,0,2026-12-20,4065.0
HR-001,2027-01-25,Completed,100.0,False,6.0,2026-12-20,Scope Change,Medium,0,2026-12-20,4065.0
HR-001,2027-02-01,Completed,100.0,False,6.0,2026-12-20,Scope Change,Medium,0,2026-12-20,4065.0
HR-001,2027-02-08,Completed,100.0,False,6.0,2026-12-20,Scope Change,Medium,1,2026-12-20,4065.0
HR-001,2027-02-15,Completed,100.0,False,6.0,2026-12-20,Scope Change,Medium,1,2026-12-20,4065.0
HR-001,2027-02-22,Completed,100.0,False,6.0,2026-12-20,Scope Change,Medium,1,2026-12-20,4065.0
HR-002,2026-12-07,Not Started,0.0,False,0.0,2027-01-08,,Low,0,,0.0
HR-002,2026-12-14,Not Started,0.0,False,0.0,2027-01-08,,Low,1,,0.0
HR-002,2026-12-21,Not Started,0.0,False,0.0,2027-01-08,,Low,1,,0.0
HR-002,2026-12-28,In Progress,12.5,False,0.0,2027-01-07,,Low,0,,762.0
HR-002,2027-01-04,In Progress,82.8,False,0.0,2027-01-07,,Low,1,,5045.0
HR-002,2027-01-11,Completed,100.0,False,1.0,2027-01-09,Resource Shortage,Medium,0,2027-01-09,6093.0
HR-002,2027-01-18,Completed,100.0,False,1.0,2027-01-09,Resource Shortage,Medium,0,2027-01-09,6093.0
HR-002,2027-01-25,Completed,100.0,False,1.0,2027-01-09,Resource Shortage,Medium,1,2027-01-09,6093.0
HR-002,2027-02-01,Completed,100.0,False,1.0,2027-01-09,Resource Shortage,Medium,3,2027-01-09,6093.0
HR-002,2027-02-08,Completed,100.0,False,1.0,2027-01-09,Resource Shortage,Medium,1,2027-01-09,6093.0
HR-002,2027-02-15,Completed,100.0,False,1.0,2027-01-09,Resource Shortage,Medium,2,2027-01-09,6093.0
HR-002,2027-02-22,Completed,100.0,False,1.0,2027-01-09,Resource Shortage,Medium,0,2027-01-09,6093.0
HR-003,2026-12-07,In Progress,0.0,False,1.0,2026-12-21,Vendor Delay,Medium,0,,0.0
HR-003,2026-12-14,In Progress,46.5,False,1.0,2026-12-21,Vendor Delay,Medium,1,,3141.0
HR-003,2026-12-21,In Progress,99.4,False,1.0,2026-12-21,Vendor Delay,Medium,0,,6715.0
HR-003,2026-12-28,Completed,100.0,False,6.0,2026-12-26,Vendor Delay,Medium,1,2026-12-26,6756.0
HR-003,2027-01-04,Completed,100.0,False,6.0,2026-12-26,Vendor Delay,Medium,0,2026-12-26,6756.0
HR-003,2027-01-11,Completed,100.0,False,6.0,2026-12-26,Vendor Delay,Medium,1,2026-12-26,6756.0
HR-003,2027-01-18,Completed,100.0,False,6.0,2026-12-26,Vendor Delay,Medium,2,2026-12-26,6756.0
HR-003,2027-01-25,Completed,100.0,False,6.0,2026-12-26,Vendor Delay,Medium,1,2026-12-26,6756.0
HR-003,2027-02-01,Completed,100.0,False,6.0,2026-12-26,Vendor Delay,Medium,1,2026-12-26,6756.0
HR-003,2027-02-08,Completed,100.0,False,6.0,2026-12-26,Vendor Delay,Medium,1,2026-12-26,6756.0
HR-003,2027-02-15,Completed,100.0,False,6.0,2026-12-26,Vendor Delay,Medium,0,2026-12-26,6756.0
HR-003,2027-02-22,Completed,100.0,False,6.0,2026-12-26,Vendor Delay,Medium,0,2026-12-26,6756.0
HR-004,2026-12-07,Not Started,0.0,False,0.0,2027-01-05,,Low,0,,0.0
HR-004,2026-12-14,Not Started,0.0,False,0.0,2027-01-05,,Low,1,,0.0
HR-004,2026-12-21,Not Started,0.0,False,0.0,2027-01-05,,Low,1,,0.0
HR-004,2026-12-28,In Progress,32.6,False,0.0,2027-01-05,,Low,0,,7241.0
HR-004,2027-01-04,In Progress,98.0,False,0.0,2027-01-05,,Low,0,,21769.0
HR-004,2027-01-11,Completed,100.0,False,4.0,2027-01-09,Scope Change,Medium,1,2027-01-09,22213.0
HR-004,2027-01-18,Completed,100.0,False,4.0,2027-01-09,Scope Change,Medium,1,2027-01-09,22213.0
HR-004,2027-01-25,Completed,100.0,False,4.0,2027-01-09,Scope Change,Medium,0,2027-01-09,22213.0
HR-004,2027-02-01,Completed,100.0,False,4.0,2027-01-09,Scope Change,Medium,0,2027-01-09,22213.0
HR-004,2027-02-08,Completed,100.0,False,4.0,2027-01-09,Scope Change,Medium,0,2027-01-09,22213.0
HR-004,2027-02-15,Completed,100.0,False,4.0,2027-01-09,Scope Change,Medium,1,2027-01-09,22213.0
HR-004,2027-02-22,Completed,100.0,False,4.0,2027-01-09,Scope Change,Medium,0,2027-01-09,22213.0
HR-005,2026-12-07,In Progress,0.0,False,0.0,2026-12-20,,Low,1,,0.0
HR-005,2026-12-14,In Progress,54.9,False,0.0,2026-12-20,,Low,0,,17498.0
HR-005,2026-12-21,Completed,100.0,False,0.0,2026-12-19,,Low,0,2026-12-19,31872.0
HR-005,2026-12-28,Completed,100.0,False,0.0,2026-12-19,,Low,0,2026-12-19,31872.0
HR-005,2027-01-04,Completed,100.0,False,0.0,2026-12-19,,Low,0,2026-12-19,31872.0
HR-005,2027-01-11,Completed,100.0,False,0.0,2026-12-19,,Low,1,2026-12-19,31872.0
HR-005,2027-01-18,Completed,100.0,False,0.0,2026-12-19,,Low,2,2026-12-19,31872.0
HR-005,2027-01-25,Completed,100.0,False,0.0,2026-12-19,,Low,0,2026-12-19,31872.0
HR-005,2027-02-01,Completed,100.0,False,0.0,2026-12-19,,Low,1,2026-12-19,31872.0
HR-005,2027-02-08,Completed,100.0,False,0.0,2026-12-19,,Low,0,2026-12-19,31872.0
HR-005,2027-02-15,Completed,100.0,False,0.0,2026-12-19,,Low,0,2026-12-19,31872.0
HR-005,2027-02-22,Completed,100.0,False,0.0,2026-12-19,,Low,0,2026-12-19,31872.0
HR-006,2026-12-07,Not Started,0.0,False,0.0,2026-12-18,,Low,0,,0.0
HR-006,2026-12-14,In Progress,69.7,False,0.0,2026-12-16,,Low,0,,6318.0
HR-006,2026-12-21,Completed,100.0,False,0.0,2026-12-16,,Low,0,2026-12-16,9065.0
HR-006,2026-12-28,Completed,100.0,False,0.0,2026-12-16,,Low,1,2026-12-16,9065.0
HR-006,2027-01-04,Completed,100.0,False,0.0,2026-12-16,,Low,1,2026-12-16,9065.0
HR-006,2027-01-11,Completed,100.0,False,0.0,2026-12-16,,Low,1,2026-12-16,9065.0
HR-006,2027-01-18,Completed,100.0,False,0.0,2026-12-16,,Low,0,2026-12-16,9065.0
HR-006,2027-01-25,Completed,100.0,False,0.0,2026-12-16,,Low,0,2026-12-16,9065.0
HR-006,2027-02-01,Completed,100.0,False,0.0,2026-12-16,,Low,1,2026-12-16,9065.0
HR-006,2027-02-08,Completed,100.0,False,0.0,2026-12-16,,Low,0,2026-12-16,9065.0
HR-006,2027-02-15,Completed,100.0,False,0.0,2026-12-16,,Low,0,2026-12-16,9065.0
HR-006,2027-02-22,Completed,100.0,False,0.0,2026-12-16,,Low,0,2026-12-16,9065.0
HR-007,2026-12-07,Not Started,0.0,False,0.0,2027-01-03,,Low,0,,0.0
HR-007,2026-12-14,In Progress,6.3,False,2.0,2027-01-05,Resource Shortage,Medium,0,,3266.0
HR-007,2026-12-21,In Progress,38.0,False,2.0,2027-01-05,Resource Shortage,Medium,0,,19701.0
HR-007,2026-12-28,In Progress,76.6,False,2.0,2027-01-05,Resource Shortage,Medium,1,,39714.0
HR-007,2027-01-04,In Progress,99.4,False,2.0,2027-01-05,Resource Shortage,Medium,2,,51535.0
HR-007,2027-01-11,Completed,100.0,False,5.0,2027-01-08,Resource Shortage,Medium,0,2027-01-08,51846.0
HR-007,2027-01-18,Completed,100.0,False,5.0,2027-01-08,Resource Shortage,Medium,2,2027-01-08,51846.0
HR-007,2027-01-25,Completed,100.0,False,5.0,2027-01-08,Resource Shortage,Medium,2,2027-01-08,51846.0
HR-007,2027-02-01,Completed,100.0,False,5.0,2027-01-08,Resource Shortage,Medium,0,2027-01-08,51846.0
HR-007,2027-02-08,Completed,100.0,False,5.0,2027-01-08,Resource Shortage,Medium,2,2027-01-08,51846.0
HR-007,2027-02-15,Completed,100.0,False,5.0,2027-01-08,Resource Shortage,Medium,1,2027-01-08,51846.0
HR-007,2027-02-22,Completed,100.0,False,5.0,2027-01-08,Resource Shortage,Medium,2,2027-01-08,51846.0
HR-008,2026-12-07,Not Started,0.0,False,0.0,2026-12-30,,Low,1,,0.0
HR-008,2026-12-14,Not Started,0.0,False,0.0,2026-12-30,,Low,1,,0.0
HR-008,2026-12-21,In Progress,23.7,False,1.0,2026-12-31,Resource Shortage,Medium,1,,1844.0
HR-008,2026-12-28,In Progress,85.5,False,1.0,2026-12-31,Resource Shortage,Medium,0,,6653.0
HR-008,2027-01-04,Completed,100.0,False,1.0,2026-12-31,Resource Shortage,Medium,0,2026-12-31,7782.0
HR-008,2027-01-11,Completed,100.0,False,1.0,2026-12-31,Resource Shortage,Medium,1,2026-12-31,7782.0
HR-008,2027-01-18,Completed,100.0,False,1.0,2026-12-31,Resource Shortage,Medium,0,2026-12-31,7782.0
HR-008,2027-01-25,Completed,100.0,False,1.0,2026-12-31,Resource Shortage,Medium,2,2026-12-31,7782.0
HR-008,2027-02-01,Completed,100.0,False,1.0,2026-12-31,Resource Shortage,Medium,1,2026-12-31,7782.0
HR-008,2027-02-08,Completed,100.0,False,1.0,2026-12-31,Resource Shortage,Medium,0,2026-12-31,7782.0
HR-008,2027-02-15,Completed,100.0,False,1.0,2026-12-31,Resource Shortage,Medium,0,2026-12-31,7782.0
HR-008,2027-02-22,Completed,100.0,False,1.0,2026-12-31,Resource Shortage,Medium,2,2026-12-31,7782.0
HR-009,2026-12-07,Not Started,0.0,False,0.0,2026-12-30,,Low,0,,0.0
HR-009,2026-12-14,Not Started,0.0,False,0.0,2026-12-30,,Low,0,,0.0
HR-009,2026-12-21,In Progress,9.6,False,12.0,2027-01-11,Design/Technical Issue,High,6,,5132.0
HR-009,2026-12-28,In Progress,43.9,False,12.0,2027-01-11,Design/Technical Issue,High,2,,23469.0
HR-009,2027-01-04,In Progress,81.8,False,12.0,2027-01-11,Design/Technical Issue,High,4,,43730.0
HR-009,2027-01-11,Completed,100.0,False,10.0,2027-01-09,Design/Technical Issue,High,2,2027-01-09,53459.0
HR-009,2027-01-18,Completed,100.0,False,10.0,2027-01-09,Design/Technical Issue,High,1,2027-01-09,53459.0
HR-009,2027-01-25,Completed,100.0,False,10.0,2027-01-09,Design/Technical Issue,High,3,2027-01-09,53459.0
HR-009,2027-02-01,Completed,100.0,False,10.0,2027-01-09,Design/Technical Issue,High,4,2027-01-09,53459.0
HR-009,2027-02-08,Completed,100.0,False,10.0,2027-01-09,Design/Technical Issue,High,0,2027-01-09,53459.0
HR-009,2027-02-15,Completed,100.0,False,10.0,2027-01-09,Design/Technical Issue,High,1,2027-01-09,53459.0
HR-009,2027-02-22,Completed,100.0,False,10.0,2027-01-09,Design/Technical Issue,High,1,2027-01-09,53459.0
HR-010,2026-12-07,Not Started,0.0,False,0.0,2026-12-23,,Low,0,,0.0
HR-010,2026-12-14,In Progress,4.3,False,11.0,2027-01-03,Design/Technical Issue,High,5,,394.0
HR-010,2026-12-21,In Progress,37.7,False,11.0,2027-01-03,Design/Technical Issue,High,0,,3455.0
HR-010,2026-12-28,In Progress,79.6,False,11.0,2027-01-03,Design/Technical Issue,High,0,,7295.0
HR-010,2027-01-04,Completed,100.0,False,6.0,2026-12-29,Design/Technical Issue,Medium,1,2026-12-29,9164.0
HR-010,2027-01-11,Completed,100.0,False,6.0,2026-12-29,Design/Technical Issue,Medium,3,2026-12-29,9164.0
HR-010,2027-01-18,Completed,100.0,False,6.0,2026-12-29,Design/Technical Issue,Medium,0,2026-12-29,9164.0
HR-010,2027-01-25,Completed,100.0,False,6.0,2026-12-29,Design/Technical Issue,Medium,0,2026-12-29,9164.0
HR-010,2027-02-01,Completed,100.0,False,6.0,2026-12-29,Design/Technical Issue,Medium,1,2026-12-29,9164.0
HR-010,2027-02-08,Completed,100.0,False,6.0,2026-12-29,Design/Technical Issue,Medium,0,2026-12-29,9164.0
HR-010,2027-02-15,Completed,100.0,False,6.0,2026-12-29,Design/Technical Issue,Medium,0,2026-12-29,9164.0
HR-010,2027-02-22,Completed,100.0,False,6.0,2026-12-29,Design/Technical Issue,Medium,3,2026-12-29,9164.0
HR-011,2026-12-07,Not Started,0.0,False,0.0,2027-01-04,,Low,0,,0.0
HR-011,2026-12-14,Not Started,0.0,False,0.0,2027-01-04,,Low,0,,0.0
HR-011,2026-12-21,Not Started,0.0,False,0.0,2027-01-04,,Low,0,,0.0
HR-011,2026-12-28,In Progress,40.7,False,0.0,2027-01-04,,Low,0,,6963.0
HR-011,2027-01-04,In Progress,99.2,False,0.0,2027-01-04,,Low,0,,16971.0
HR-011,2027-01-11,Completed,100.0,False,5.0,2027-01-09,Design/Technical Issue,Medium,0,2027-01-09,17108.0
HR-011,2027-01-18,Completed,100.0,False,5.0,2027-01-09,Design/Technical Issue,Medium,0,2027-01-09,17108.0
HR-011,2027-01-25,Completed,100.0,False,5.0,2027-01-09,Design/Technical Issue,Medium,0,2027-01-09,17108.0
HR-011,2027-02-01,Completed,100.0,False,5.0,2027-01-09,Design/Technical Issue,Medium,2,2027-01-09,17108.0
HR-011,2027-02-08,Completed,100.0,False,5.0,2027-01-09,Design/Technical Issue,Medium,2,2027-01-09,17108.0
HR-011,2027-02-15,Completed,100.0,False,5.0,2027-01-09,Design/Technical Issue,Medium,0,2027-01-09,17108.0
HR-011,2027-02-22,Completed,100.0,False,5.0,2027-01-09,Design/Technical Issue,Medium,0,2027-01-09,17108.0
HR-012,2026-12-07,Not Started,0.0,False,0.0,2027-01-20,,Low,0,,0.0
HR-012,2026-12-14,Not Started,0.0,False,0.0,2027-01-20,,Low,0,,0.0
HR-012,2026-12-21,Not Started,0.0,False,0.0,2027-01-20,,Low,1,,0.0
HR-012,2026-12-28,Not Started,0.0,False,0.0,2027-01-20,,Low,0,,0.0
HR-012,2027-01-04,Not Started,0.0,False,0.0,2027-01-20,,Low,2,,0.0
HR-012,2027-01-11,In Progress,0.0,False,0.0,2027-01-19,,Low,1,,0.0
HR-012,2027-01-18,In Progress,90.0,False,0.0,2027-01-19,,Low,0,,9617.0
HR-012,2027-01-25,Completed,100.0,False,3.0,2027-01-23,Design/Technical Issue,Medium,1,2027-01-23,10686.0
HR-012,2027-02-01,Completed,100.0,False,3.0,2027-01-23,Design/Technical Issue,Medium,2,2027-01-23,10686.0
HR-012,2027-02-08,Completed,100.0,False,3.0,2027-01-23,Design/Technical Issue,Medium,1,2027-01-23,10686.0
HR-012,2027-02-15,Completed,100.0,False,3.0,2027-01-23,Design/Technical Issue,Medium,0,2027-01-23,10686.0
HR-012,2027-02-22,Completed,100.0,False,3.0,2027-01-23,Design/Technical Issue,Medium,0,2027-01-23,10686.0
HR-013,2026-12-07,Not Started,0.0,False,0.0,2027-01-31,,Low,0,,0.0
HR-013,2026-12-14,Not Started,0.0,False,0.0,2027-01-31,,Low,0,,0.0
HR-013,2026-12-21,Not Started,0.0,False,0.0,2027-01-31,,Low,1,,0.0
HR-013,2026-12-28,Not Started,0.0,False,0.0,2027-01-31,,Low,1,,0.0
HR-013,2027-01-04,Not Started,0.0,False,0.0,2027-01-31,,Low,0,,0.0
HR-013,2027-01-11,Not Started,0.0,False,0.0,2027-01-31,,Low,2,,0.0
HR-013,2027-01-18,Not Started,0.0,False,0.0,2027-01-31,,Low,0,,0.0
HR-013,2027-01-25,In Progress,8.9,False,7.0,2027-02-07,Vendor Delay,Medium,0,,2700.0
HR-013,2027-02-01,In Progress,66.8,False,7.0,2027-02-07,Vendor Delay,Medium,0,,20265.0
HR-013,2027-02-08,Completed,100.0,False,8.0,2027-02-08,Vendor Delay,High,2,2027-02-08,30337.0
HR-013,2027-02-15,Completed,100.0,False,8.0,2027-02-08,Vendor Delay,High,3,2027-02-08,30337.0
HR-013,2027-02-22,Completed,100.0,False,8.0,2027-02-08,Vendor Delay,High,2,2027-02-08,30337.0
HR-014,2026-12-07,Not Started,0.0,False,0.0,2027-02-06,,Low,0,,0.0
HR-014,2026-12-14,Not Started,0.0,False,0.0,2027-02-06,,Low,0,,0.0
HR-014,2026-12-21,Not Started,0.0,False,0.0,2027-02-06,,Low,1,,0.0
HR-014,2026-12-28,Not Started,0.0,False,0.0,2027-02-06,,Low,0,,0.0
HR-014,2027-01-04,Not Started,0.0,False,0.0,2027-02-06,,Low,2,,0.0
HR-014,2027-01-11,Not Started,0.0,False,0.0,2027-02-06,,Low,0,,0.0
HR-014,2027-01-18,Not Started,0.0,False,0.0,2027-02-06,,Low,0,,0.0
HR-014,2027-01-25,Not Started,0.0,False,0.0,2027-02-06,,Low,0,,0.0
HR-014,2027-02-01,In Progress,13.9,False,4.0,2027-02-10,Scope Change,Medium,1,,1444.0
HR-014,2027-02-08,In Progress,87.8,False,4.0,2027-02-10,Scope Change,Medium,0,,9121.0
HR-014,2027-02-15,Completed,100.0,False,8.0,2027-02-14,Scope Change,High,1,2027-02-14,10389.0
HR-014,2027-02-22,Completed,100.0,False,8.0,2027-02-14,Scope Change,High,4,2027-02-14,10389.0
HR-015,2026-12-07,Not Started,0.0,False,0.0,2027-01-17,,Low,1,,0.0
HR-015,2026-12-14,Not Started,0.0,False,0.0,2027-01-17,,Low,0,,0.0
HR-015,2026-12-21,Not Started,0.0,False,0.0,2027-01-17,,Low,0,,0.0
HR-015,2026-12-28,Not Started,0.0,False,0.0,2027-01-17,,Low,0,,0.0
HR-015,2027-01-04,Not Started,0.0,False,0.0,2027-01-17,,Low,0,,0.0
HR-015,2027-01-11,Not Started,0.0,False,0.0,2027-01-17,,Low,1,,0.0
HR-015,2027-01-18,Completed,100.0,False,0.0,2027-01-17,,Low,0,2027-01-17,12469.0
HR-015,2027-01-25,Completed,100.0,False,0.0,2027-01-17,,Low,1,2027-01-17,12469.0
HR-015,2027-02-01,Completed,100.0,False,0.0,2027-01-17,,Low,0,2027-01-17,12469.0
HR-015,2027-02-08,Completed,100.0,False,0.0,2027-01-17,,Low,1,2027-01-17,12469.0
HR-015,2027-02-15,Completed,100.0,False,0.0,2027-01-17,,Low,1,2027-01-17,12469.0
HR-015,2027-02-22,Completed,100.0,False,0.0,2027-01-17,,Low,0,2027-01-17,12469.0
HR-016,2026-12-07,Not Started,0.0,False,0.0,2027-02-11,,Low,0,,0.0
HR-016,2026-12-14,Not Started,0.0,False,0.0,2027-02-11,,Low,0,,0.0
HR-016,2026-12-21,Not Started,0.0,False,0.0,2027-02-11,,Low,0,,0.0
HR-016,2026-12-28,Not Started,0.0,False,0.0,2027-02-11,,Low,1,,0.0
HR-016,2027-01-04,Not Started,0.0,False,0.0,2027-02-11,,Low,1,,0.0
HR-016,2027-01-11,Not Started,0.0,False,0.0,2027-02-11,,Low,1,,0.0
HR-016,2027-01-18,Not Started,0.0,False,0.0,2027-02-11,,Low,1,,0.0
HR-016,2027-01-25,Not Started,0.0,False,0.0,2027-02-11,,Low,0,,0.0
HR-016,2027-02-01,Not Started,0.0,False,0.0,2027-02-11,,Low,0,,0.0
HR-016,2027-02-08,In Progress,25.8,False,5.0,2027-02-16,Vendor Delay,Medium,1,,7397.0
HR-016,2027-02-15,In Progress,97.9,False,5.0,2027-02-16,Vendor Delay,Medium,4,,28070.0
HR-016,2027-02-22,Completed,100.0,False,8.0,2027-02-19,Vendor Delay,High,3,2027-02-19,28672.0
HR-017,2026-12-07,Not Started,0.0,False,0.0,2027-01-19,,Low,0,,0.0
HR-017,2026-12-14,Not Started,0.0,False,0.0,2027-01-19,,Low,0,,0.0
HR-017,2026-12-21,Not Started,0.0,False,0.0,2027-01-19,,Low,0,,0.0
HR-017,2026-12-28,Not Started,0.0,False,0.0,2027-01-19,,Low,0,,0.0
HR-017,2027-01-04,Not Started,0.0,False,0.0,2027-01-19,,Low,1,,0.0
HR-017,2027-01-11,Not Started,0.0,False,0.0,2027-01-19,,Low,0,,0.0
HR-017,2027-01-18,On Hold,33.5,True,28.0,2027-02-16,Design/Technical Issue,Critical,8,,4100.0
HR-017,2027-01-25,On Hold,33.5,True,28.0,2027-02-16,Design/Technical Issue,Critical,6,,4100.0
HR-017,2027-02-01,On Hold,33.5,True,28.0,2027-02-16,Design/Technical Issue,Critical,3,,4100.0
HR-017,2027-02-08,On Hold,33.5,True,28.0,2027-02-16,Design/Technical Issue,Critical,5,,4100.0
HR-017,2027-02-15,In Progress,87.2,False,28.0,2027-02-16,Design/Technical Issue,High,0,,10673.0
HR-017,2027-02-22,Completed,100.0,False,31.0,2027-02-19,Design/Technical Issue,High,1,2027-02-19,12239.0
HR-018,2026-12-07,Not Started,0.0,False,0.0,2027-02-06,,Low,0,,0.0
HR-018,2026-12-14,Not Started,0.0,False,0.0,2027-02-06,,Low,1,,0.0
HR-018,2026-12-21,Not Started,0.0,False,0.0,2027-02-06,,Low,0,,0.0
HR-018,2026-12-28,Not Started,0.0,False,0.0,2027-02-06,,Low,0,,0.0
HR-018,2027-01-04,Not Started,0.0,False,0.0,2027-02-06,,Low,0,,0.0
HR-018,2027-01-11,Not Started,0.0,False,0.0,2027-02-06,,Low,0,,0.0
HR-018,2027-01-18,Not Started,0.0,False,0.0,2027-02-06,,Low,0,,0.0
HR-018,2027-01-25,Not Started,0.0,False,0.0,2027-02-06,,Low,0,,0.0
HR-018,2027-02-01,In Progress,43.5,False,0.0,2027-02-05,,Low,0,,1366.0
HR-018,2027-02-08,Completed,100.0,False,2.0,2027-02-08,Design/Technical Issue,Medium,2,2027-02-08,3139.0
HR-018,2027-02-15,Completed,100.0,False,2.0,2027-02-08,Design/Technical Issue,Medium,1,2027-02-08,3139.0
HR-018,2027-02-22,Completed,100.0,False,2.0,2027-02-08,Design/Technical Issue,Medium,1,2027-02-08,3139.0
HR-019,2026-12-07,Not Started,0.0,False,0.0,2027-02-07,,Low,0,,0.0
HR-019,2026-12-14,Not Started,0.0,False,0.0,2027-02-07,,Low,0,,0.0
HR-019,2026-12-21,Not Started,0.0,False,0.0,2027-02-07,,Low,1,,0.0
HR-019,2026-12-28,Not Started,0.0,False,0.0,2027-02-07,,Low,0,,0.0
HR-019,2027-01-04,Not Started,0.0,False,0.0,2027-02-07,,Low,1,,0.0
HR-019,2027-01-11,Not Started,0.0,False,0.0,2027-02-07,,Low,1,,0.0
HR-019,2027-01-18,Not Started,0.0,False,0.0,2027-02-07,,Low,0,,0.0
HR-019,2027-01-25,Not Started,0.0,False,0.0,2027-02-07,,Low,0,,0.0
HR-019,2027-02-01,In Progress,0.0,False,3.0,2027-02-10,Resource Shortage,Medium,1,,0.0
HR-019,2027-02-08,In Progress,84.8,False,3.0,2027-02-10,Resource Shortage,Medium,0,,15955.0
HR-019,2027-02-15,Completed,100.0,False,2.0,2027-02-09,Resource Shortage,Medium,0,2027-02-09,18815.0
HR-019,2027-02-22,Completed,100.0,False,2.0,2027-02-09,Resource Shortage,Medium,0,2027-02-09,18815.0
HR-020,2026-12-07,Not Started,0.0,False,0.0,2027-02-11,,Low,0,,0.0
HR-020,2026-12-14,Not Started,0.0,False,0.0,2027-02-11,,Low,1,,0.0
HR-020,2026-12-21,Not Started,0.0,False,0.0,2027-02-11,,Low,0,,0.0
HR-020,2026-12-28,Not Started,0.0,False,0.0,2027-02-11,,Low,0,,0.0
HR-020,2027-01-04,Not Started,0.0,False,0.0,2027-02-11,,Low,0,,0.0
HR-020,2027-01-11,Not Started,0.0,False,0.0,2027-02-11,,Low,0,,0.0
HR-020,2027-01-18,Not Started,0.0,False,0.0,2027-02-11,,Low,0,,0.0
HR-020,2027-01-25,Not Started,0.0,False,0.0,2027-02-11,,Low,0,,0.0
HR-020,2027-02-01,Not Started,0.0,False,0.0,2027-02-11,,Low,1,,0.0
HR-020,2027-02-08,In Progress,60.6,False,0.0,2027-02-11,,Low,1,,2722.0
HR-020,2027-02-15,Completed,100.0,False,3.0,2027-02-14,Scope Change,Medium,0,2027-02-14,4492.0
HR-020,2027-02-22,Completed,100.0,False,3.0,2027-02-14,Scope Change,Medium,1,2027-02-14,4492.0
HR-021,2026-12-07,Not Started,0.0,False,0.0,2027-02-05,,Low,0,,0.0
HR-021,2026-12-14,Not Started,0.0,False,0.0,2027-02-05,,Low,2,,0.0
HR-021,2026-12-21,Not Started,0.0,False,0.0,2027-02-05,,Low,1,,0.0
HR-021,2026-12-28,Not Started,0.0,False,0.0,2027-02-05,,Low,0,,0.0
HR-021,2027-01-04,Not Started,0.0,False,0.0,2027-02-05,,Low,0,,0.0
HR-021,2027-01-11,Not Started,0.0,False,0.0,2027-02-05,,Low,1,,0.0
HR-021,2027-01-18,Not Started,0.0,False,0.0,2027-02-05,,Low,1,,0.0
HR-021,2027-01-25,Not Started,0.0,False,0.0,2027-02-05,,Low,1,,0.0
HR-021,2027-02-01,In Progress,64.2,False,0.0,2027-02-05,,Low,1,,10923.0
HR-021,2027-02-08,Completed,100.0,False,3.0,2027-02-08,Resource Shortage,Medium,1,2027-02-08,17014.0
HR-021,2027-02-15,Completed,100.0,False,3.0,2027-02-08,Resource Shortage,Medium,0,2027-02-08,17014.0
HR-021,2027-02-22,Completed,100.0,False,3.0,2027-02-08,Resource Shortage,Medium,0,2027-02-08,17014.0
HR-022,2026-12-07,Not Started,0.0,False,0.0,2027-02-02,,Low,0,,0.0
HR-022,2026-12-14,Not Started,0.0,False,0.0,2027-02-02,,Low,1,,0.0
HR-022,2026-12-21,Not Started,0.0,False,0.0,2027-02-02,,Low,0,,0.0
HR-022,2026-12-28,Not Started,0.0,False,0.0,2027-02-02,,Low,0,,0.0
HR-022,2027-01-04,Not Started,0.0,False,0.0,2027-02-02,,Low,0,,0.0
HR-022,2027-01-11,Not Started,0.0,False,0.0,2027-02-02,,Low,0,,0.0
HR-022,2027-01-18,Not Started,0.0,False,0.0,2027-02-02,,Low,0,,0.0
HR-022,2027-01-25,In Progress,0.0,False,5.0,2027-02-07,Vendor Delay,Medium,1,,0.0
HR-022,2027-02-01,In Progress,50.6,False,5.0,2027-02-07,Vendor Delay,Medium,1,,22076.0
HR-022,2027-02-08,Completed,100.0,False,5.0,2027-02-07,Vendor Delay,Medium,2,2027-02-07,43629.0
HR-022,2027-02-15,Completed,100.0,False,5.0,2027-02-07,Vendor Delay,Medium,0,2027-02-07,43629.0
HR-022,2027-02-22,Completed,100.0,False,5.0,2027-02-07,Vendor Delay,Medium,3,2027-02-07,43629.0
HR-023,2026-12-07,Not Started,0.0,False,0.0,2027-01-04,,Low,0,,0.0
HR-023,2026-12-14,Not Started,0.0,False,0.0,2027-01-04,,Low,0,,0.0
HR-023,2026-12-21,Not Started,0.0,False,0.0,2027-01-04,,Low,0,,0.0
HR-023,2026-12-28,In Progress,12.0,False,0.0,2027-01-03,,Low,1,,1515.0
HR-023,2027-01-04,Completed,100.0,False,0.0,2026-12-29,,Low,0,2026-12-29,12623.0
HR-023,2027-01-11,Completed,100.0,False,0.0,2026-12-29,,Low,0,2026-12-29,12623.0
HR-023,2027-01-18,Completed,100.0,False,0.0,2026-12-29,,Low,0,2026-12-29,12623.0
HR-023,2027-01-25,Completed,100.0,False,0.0,2026-12-29,,Low,0,2026-12-29,12623.0
HR-023,2027-02-01,Completed,100.0,False,0.0,2026-12-29,,Low,0,2026-12-29,12623.0
HR-023,2027-02-08,Completed,100.0,False,0.0,2026-12-29,,Low,0,2026-12-29,12623.0
HR-023,2027-02-15,Completed,100.0,False,0.0,2026-12-29,,Low,0,2026-12-29,12623.0
HR-023,2027-02-22,Completed,100.0,False,0.0,2026-12-29,,Low,1,2026-12-29,12623.0
HR-024,2026-12-07,Not Started,0.0,False,0.0,2027-01-05,,Low,0,,0.0
HR-024,2026-12-14,Not Started,0.0,False,0.0,2027-01-05,,Low,0,,0.0
HR-024,2026-12-21,Not Started,0.0,False,0.0,2027-01-05,,Low,0,,0.0
HR-024,2026-12-28,In Progress,0.0,False,0.0,2027-01-05,,Low,0,,0.0
HR-024,2027-01-04,In Progress,94.7,False,0.0,2027-01-05,,Low,0,,54606.0
HR-024,2027-01-11,Completed,100.0,False,1.0,2027-01-06,Scope Change,Medium,3,2027-01-06,57663.0
HR-024,2027-01-18,Completed,100.0,False,1.0,2027-01-06,Scope Change,Medium,0,2027-01-06,57663.0
HR-024,2027-01-25,Completed,100.0,False,1.0,2027-01-06,Scope Change,Medium,1,2027-01-06,57663.0
HR-024,2027-02-01,Completed,100.0,False,1.0,2027-01-06,Scope Change,Medium,1,2027-01-06,57663.0
HR-024,2027-02-08,Completed,100.0,False,1.0,2027-01-06,Scope Change,Medium,0,2027-01-06,57663.0
HR-024,2027-02-15,Completed,100.0,False,1.0,2027-01-06,Scope Change,Medium,2,2027-01-06,57663.0
HR-024,2027-02-22,Completed,100.0,False,1.0,2027-01-06,Scope Change,Medium,0,2027-01-06,57663.0
HR-025,2026-12-07,Not Started,0.0,False,0.0,2027-01-09,,Low,1,,0.0
HR-025,2026-12-14,Not Started,0.0,False,0.0,2027-01-09,,Low,1,,0.0
HR-025,2026-12-21,Not Started,0.0,False,0.0,2027-01-09,,Low,0,,0.0
HR-025,2026-12-28,In Progress,0.0,False,0.0,2027-01-09,,Low,0,,0.0
HR-025,2027-01-04,In Progress,36.2,False,0.0,2027-01-09,,Low,0,,11346.0
HR-025,2027-01-11,Completed,100.0,False,2.0,2027-01-11,Scope Change,Medium,0,2027-01-11,31343.0
HR-025,2027-01-18,Completed,100.0,False,2.0,2027-01-11,Scope Change,Medium,0,2027-01-11,31343.0
HR-025,2027-01-25,Completed,100.0,False,2.0,2027-01-11,Scope Change,Medium,0,2027-01-11,31343.0
HR-025,2027-02-01,Completed,100.0,False,2.0,2027-01-11,Scope Change,Medium,0,2027-01-11,31343.0
HR-025,2027-02-08,Completed,100.0,False,2.0,2027-01-11,Scope Change,Medium,2,2027-01-11,31343.0
HR-025,2027-02-15,Completed,100.0,False,2.0,2027-01-11,Scope Change,Medium,0,2027-01-11,31343.0
HR-025,2027-02-22,Completed,100.0,False,2.0,2027-01-11,Scope Change,Medium,2,2027-01-11,31343.0
HR-026,2026-12-07,Not Started,0.0,False,0.0,2026-12-26,,Low,0,,0.0
HR-026,2026-12-14,Not Started,0.0,False,0.0,2026-12-26,,Low,0,,0.0
HR-026,2026-12-21,In Progress,61.3,False,0.0,2026-12-25,,Low,1,,16298.0
HR-026,2026-12-28,Completed,100.0,False,0.0,2026-12-24,,Low,0,2026-12-24,26587.0
HR-026,2027-01-04,Completed,100.0,False,0.0,2026-12-24,,Low,0,2026-12-24,26587.0
HR-026,2027-01-11,Completed,100.0,False,0.0,2026-12-24,,Low,0,2026-12-24,26587.0
HR-026,2027-01-18,Completed,100.0,False,0.0,2026-12-24,,Low,0,2026-12-24,26587.0
HR-026,2027-01-25,Completed,100.0,False,0.0,2026-12-24,,Low,0,2026-12-24,26587.0
HR-026,2027-02-01,Completed,100.0,False,0.0,2026-12-24,,Low,1,2026-12-24,26587.0
HR-026,2027-02-08,Completed,100.0,False,0.0,2026-12-24,,Low,1,2026-12-24,26587.0
HR-026,2027-02-15,Completed,100.0,False,0.0,2026-12-24,,Low,0,2026-12-24,26587.0
HR-026,2027-02-22,Completed,100.0,False,0.0,2026-12-24,,Low,0,2026-12-24,26587.0
HR-027,2026-12-07,Not Started,0.0,False,0.0,2026-12-29,,Low,0,,0.0
HR-027,2026-12-14,In Progress,0.0,False,0.0,2026-12-29,,Low,0,,0.0
HR-027,2026-12-21,In Progress,41.5,False,0.0,2026-12-29,,Low,0,,1791.0
HR-027,2026-12-28,In Progress,96.4,False,0.0,2026-12-29,,Low,1,,4160.0
HR-027,2027-01-04,Completed,100.0,False,5.0,2027-01-03,Resource Shortage,Medium,1,2027-01-03,4316.0
HR-027,2027-01-11,Completed,100.0,False,5.0,2027-01-03,Resource Shortage,Medium,1,2027-01-03,4316.0
HR-027,2027-01-18,Completed,100.0,False,5.0,2027-01-03,Resource Shortage,Medium,0,2027-01-03,4316.0
HR-027,2027-01-25,Completed,100.0,False,5.0,2027-01-03,Resource Shortage,Medium,3,2027-01-03,4316.0
HR-027,2027-02-01,Completed,100.0,False,5.0,2027-01-03,Resource Shortage,Medium,0,2027-01-03,4316.0
HR-027,2027-02-08,Completed,100.0,False,5.0,2027-01-03,Resource Shortage,Medium,0,2027-01-03,4316.0
HR-027,2027-02-15,Completed,100.0,False,5.0,2027-01-03,Resource Shortage,Medium,4,2027-01-03,4316.0
HR-027,2027-02-22,Completed,100.0,False,5.0,2027-01-03,Resource Shortage,Medium,3,2027-01-03,4316.0
HR-028,2026-12-07,Not Started,0.0,False,0.0,2027-01-15,,Low,0,,0.0
HR-028,2026-12-14,Not Started,0.0,False,0.0,2027-01-15,,Low,0,,0.0
HR-028,2026-12-21,Not Started,0.0,False,0.0,2027-01-15,,Low,2,,0.0
HR-028,2026-12-28,In Progress,5.0,False,14.0,2027-01-29,Design/Technical Issue,High,5,,295.0
HR-028,2027-01-04,In Progress,24.7,False,14.0,2027-01-29,Design/Technical Issue,High,2,,1458.0
HR-028,2027-01-11,In Progress,52.0,False,14.0,2027-01-29,Design/Technical Issue,High,3,,3069.0
HR-028,2027-01-18,In Progress,78.7,False,14.0,2027-01-29,Design/Technical Issue,High,2,,4644.0
HR-028,2027-01-25,In Progress,96.7,False,14.0,2027-01-29,Design/Technical Issue,High,0,,5707.0
HR-028,2027-02-01,Completed,100.0,False,12.0,2027-01-27,Design/Technical Issue,High,4,2027-01-27,5901.0
HR-028,2027-02-08,Completed,100.0,False,12.0,2027-01-27,Design/Technical Issue,High,1,2027-01-27,5901.0
HR-028,2027-02-15,Completed,100.0,False,12.0,2027-01-27,Design/Technical Issue,High,1,2027-01-27,5901.0
HR-028,2027-02-22,Completed,100.0,False,12.0,2027-01-27,Design/Technical Issue,High,4,2027-01-27,5901.0
HR-029,2026-12-07,Not Started,0.0,False,0.0,2027-01-09,,Low,0,,0.0
HR-029,2026-12-14,Not Started,0.0,False,0.0,2027-01-09,,Low,0,,0.0
HR-029,2026-12-21,Not Started,0.0,False,0.0,2027-01-09,,Low,0,,0.0
HR-029,2026-12-28,Not Started,0.0,False,0.0,2027-01-09,,Low,0,,0.0
HR-029,2027-01-04,Not Started,0.0,False,0.0,2027-01-09,,Low,1,,0.0
HR-029,2027-01-11,Completed,100.0,False,0.0,2027-01-06,,Low,1,2027-01-06,12372.0
HR-029,2027-01-18,Completed,100.0,False,0.0,2027-01-06,,Low,1,2027-01-06,12372.0
HR-029,2027-01-25,Completed,100.0,False,0.0,2027-01-06,,Low,1,2027-01-06,12372.0
HR-029,2027-02-01,Completed,100.0,False,0.0,2027-01-06,,Low,0,2027-01-06,12372.0
HR-029,2027-02-08,Completed,100.0,False,0.0,2027-01-06,,Low,0,2027-01-06,12372.0
HR-029,2027-02-15,Completed,100.0,False,0.0,2027-01-06,,Low,0,2027-01-06,12372.0
HR-029,2027-02-22,Completed,100.0,False,0.0,2027-01-06,,Low,0,2027-01-06,12372.0
HR-030,2026-12-07,Not Started,0.0,False,0.0,2026-12-26,,Low,0,,0.0
HR-030,2026-12-14,Not Started,0.0,False,0.0,2026-12-26,,Low,0,,0.0
HR-030,2026-12-21,In Progress,11.3,False,0.0,2026-12-25,,Low,0,,869.0
HR-030,2026-12-28,Completed,100.0,False,0.0,2026-12-24,,Low,0,2026-12-24,7695.0
HR-030,2027-01-04,Completed,100.0,False,0.0,2026-12-24,,Low,1,2026-12-24,7695.0
HR-030,2027-01-11,Completed,100.0,False,0.0,2026-12-24,,Low,0,2026-12-24,7695.0
HR-030,2027-01-18,Completed,100.0,False,0.0,2026-12-24,,Low,0,2026-12-24,7695.0
HR-030,2027-01-25,Completed,100.0,False,0.0,2026-12-24,,Low,0,2026-12-24,7695.0
HR-030,2027-02-01,Completed,100.0,False,0.0,2026-12-24,,Low,0,2026-12-24,7695.0
HR-030,2027-02-08,Completed,100.0,False,0.0,2026-12-24,,Low,1,2026-12-24,7695.0
HR-030,2027-02-15,Completed,100.0,False,0.0,2026-12-24,,Low,0,2026-12-24,7695.0
HR-030,2027-02-22,Completed,100.0,False,0.0,2026-12-24,,Low,1,2026-12-24,7695.0
HR-031,2026-12-07,Not Started,0.0,False,0.0,2027-01-21,,Low,0,,0.0
HR-031,2026-12-14,Not Started,0.0,False,0.0,2027-01-21,,Low,0,,0.0
HR-031,2026-12-21,Not Started,0.0,False,0.0,2027-01-21,,Low,1,,0.0
HR-031,2026-12-28,Not Started,0.0,False,0.0,2027-01-21,,Low,0,,0.0
HR-031,2027-01-04,In Progress,0.5,False,0.0,2027-01-21,,Low,2,,45.0
HR-031,2027-01-11,In Progress,22.7,False,0.0,2027-01-21,,Low,0,,2036.0
HR-031,2027-01-18,In Progress,84.6,False,0.0,2027-01-21,,Low,0,,7589.0
HR-031,2027-01-25,Completed,100.0,False,0.0,2027-01-20,,Low,0,2027-01-20,8971.0
HR-031,2027-02-01,Completed,100.0,False,0.0,2027-01-20,,Low,0,2027-01-20,8971.0
HR-031,2027-02-08,Completed,100.0,False,0.0,2027-01-20,,Low,0,2027-01-20,8971.0
HR-031,2027-02-15,Completed,100.0,False,0.0,2027-01-20,,Low,0,2027-01-20,8971.0
HR-031,2027-02-22,Completed,100.0,False,0.0,2027-01-20,,Low,1,2027-01-20,8971.0
HR-032,2026-12-07,Not Started,0.0,False,0.0,2027-01-05,,Low,0,,0.0
HR-032,2026-12-14,Not Started,0.0,False,0.0,2027-01-05,,Low,0,,0.0
HR-032,2026-12-21,Not Started,0.0,False,0.0,2027-01-05,,Low,0,,0.0
HR-032,2026-12-28,In Progress,21.1,False,6.0,2027-01-11,Design/Technical Issue,Medium,1,,3307.0
HR-032,2027-01-04,In Progress,70.6,False,6.0,2027-01-11,Design/Technical Issue,Medium,0,,11065.0
HR-032,2027-01-11,In Progress,99.9,False,6.0,2027-01-11,Design/Technical Issue,Medium,1,,15657.0
HR-032,2027-01-18,Completed,100.0,False,11.0,2027-01-16,Design/Technical Issue,High,1,2027-01-16,15672.0
HR-032,2027-01-25,Completed,100.0,False,11.0,2027-01-16,Design/Technical Issue,High,3,2027-01-16,15672.0
HR-032,2027-02-01,Completed,100.0,False,11.0,2027-01-16,Design/Technical Issue,High,1,2027-01-16,15672.0
HR-032,2027-02-08,Completed,100.0,False,11.0,2027-01-16,Design/Technical Issue,High,6,2027-01-16,15672.0
HR-032,2027-02-15,Completed,100.0,False,11.0,2027-01-16,Design/Technical Issue,High,4,2027-01-16,15672.0
HR-032,2027-02-22,Completed,100.0,False,11.0,2027-01-16,Design/Technical Issue,High,3,2027-01-16,15672.0
IT-001,2026-12-07,Not Started,0.0,False,0.0,2027-01-04,,Low,0,,0.0
IT-001,2026-12-14,Not Started,0.0,False,0.0,2027-01-04,,Low,0,,0.0
IT-001,2026-12-21,In Progress,10.9,False,1.0,2027-01-05,Vendor Delay,High,3,,13427.0
IT-001,2026-12-28,In Progress,59.7,False,1.0,2027-01-05,Vendor Delay,High,1,,73539.0
IT-001,2027-01-04,In Progress,98.4,False,1.0,2027-01-05,Vendor Delay,High,1,,121211.0
IT-001,2027-01-11,Completed,100.0,False,6.0,2027-01-10,Vendor Delay,High,2,2027-01-10,123182.0
IT-001,2027-01-18,Completed,100.0,False,6.0,2027-01-10,Vendor Delay,High,0,2027-01-10,123182.0
IT-001,2027-01-25,Completed,100.0,False,6.0,2027-01-10,Vendor Delay,High,0,2027-01-10,123182.0
IT-001,2027-02-01,Completed,100.0,False,6.0,2027-01-10,Vendor Delay,High,0,2027-01-10,123182.0
IT-001,2027-02-08,Completed,100.0,False,6.0,2027-01-10,Vendor Delay,High,1,2027-01-10,123182.0
IT-001,2027-02-15,Completed,100.0,False,6.0,2027-01-10,Vendor Delay,High,3,2027-01-10,123182.0
IT-001,2027-02-22,Completed,100.0,False,6.0,2027-01-10,Vendor Delay,High,3,2027-01-10,123182.0
IT-002,2026-12-07,Not Started,0.0,False,0.0,2026-12-15,,Low,1,,0.0
IT-002,2026-12-14,In Progress,89.4,False,0.0,2026-12-14,,Low,0,,111857.0
IT-002,2026-12-21,Completed,100.0,False,5.0,2026-12-20,Design/Technical Issue,High,3,2026-12-20,125119.0
IT-002,2026-12-28,Completed,100.0,False,5.0,2026-12-20,Design/Technical Issue,High,2,2026-12-20,125119.0
IT-002,2027-01-04,Completed,100.0,False,5.0,2026-12-20,Design/Technical Issue,High,1,2026-12-20,125119.0
IT-002,2027-01-11,Completed,100.0,False,5.0,2026-12-20,Design/Technical Issue,High,3,2026-12-20,125119.0
IT-002,2027-01-18,Completed,100.0,False,5.0,2026-12-20,Design/Technical Issue,High,3,2026-12-20,125119.0
IT-002,2027-01-25,Completed,100.0,False,5.0,2026-12-20,Design/Technical Issue,High,3,2026-12-20,125119.0
IT-002,2027-02-01,Completed,100.0,False,5.0,2026-12-20,Design/Technical Issue,High,3,2026-12-20,125119.0
IT-002,2027-02-08,Completed,100.0,False,5.0,2026-12-20,Design/Technical Issue,High,3,2026-12-20,125119.0
IT-002,2027-02-15,Completed,100.0,False,5.0,2026-12-20,Design/Technical Issue,High,2,2026-12-20,125119.0
IT-002,2027-02-22,Completed,100.0,False,5.0,2026-12-20,Design/Technical Issue,High,0,2026-12-20,125119.0
IT-003,2026-12-07,Not Started,0.0,False,0.0,2027-01-07,,Low,0,,0.0
IT-003,2026-12-14,Not Started,0.0,False,0.0,2027-01-07,,Low,0,,0.0
IT-003,2026-12-21,In Progress,13.1,False,0.0,2027-01-07,,Low,0,,4720.0
IT-003,2026-12-28,In Progress,56.7,False,0.0,2027-01-07,,Low,2,,20431.0
IT-003,2027-01-04,In Progress,94.8,False,0.0,2027-01-07,,Low,1,,34159.0
IT-003,2027-01-11,Completed,100.0,False,3.0,2027-01-10,Vendor Delay,Medium,1,2027-01-10,36033.0
IT-003,2027-01-18,Completed,100.0,False,3.0,2027-01-10,Vendor Delay,Medium,1,2027-01-10,36033.0
IT-003,2027-01-25,Completed,100.0,False,3.0,2027-01-10,Vendor Delay,Medium,1,2027-01-10,36033.0
IT-003,2027-02-01,Completed,100.0,False,3.0,2027-01-10,Vendor Delay,Medium,0,2027-01-10,36033.0
IT-003,2027-02-08,Completed,100.0,False,3.0,2027-01-10,Vendor Delay,Medium,0,2027-01-10,36033.0
IT-003,2027-02-15,Completed,100.0,False,3.0,2027-01-10,Vendor Delay,Medium,0,2027-01-10,36033.0
IT-003,2027-02-22,Completed,100.0,False,3.0,2027-01-10,Vendor Delay,Medium,0,2027-01-10,36033.0
IT-004,2026-12-07,Not Started,0.0,False,0.0,2026-12-30,,Low,0,,0.0
IT-004,2026-12-14,In Progress,0.0,False,0.0,2026-12-29,,Low,0,,0.0
IT-004,2026-12-21,In Progress,11.4,False,0.0,2026-12-29,,Low,0,,4074.0
IT-004,2026-12-28,In Progress,91.3,False,0.0,2026-12-29,,Low,0,,32626.0
IT-004,2027-01-04,Completed,100.0,False,0.0,2026-12-30,,Low,0,2026-12-30,35735.0
IT-004,2027-01-11,Completed,100.0,False,0.0,2026-12-30,,Low,0,2026-12-30,35735.0
IT-004,2027-01-18,Completed,100.0,False,0.0,2026-12-30,,Low,1,2026-12-30,35735.0
IT-004,2027-01-25,Completed,100.0,False,0.0,2026-12-30,,Low,0,2026-12-30,35735.0
IT-004,2027-02-01,Completed,100.0,False,0.0,2026-12-30,,Low,1,2026-12-30,35735.0
IT-004,2027-02-08,Completed,100.0,False,0.0,2026-12-30,,Low,0,2026-12-30,35735.0
IT-004,2027-02-15,Completed,100.0,False,0.0,2026-12-30,,Low,0,2026-12-30,35735.0
IT-004,2027-02-22,Completed,100.0,False,0.0,2026-12-30,,Low,1,2026-12-30,35735.0
IT-005,2026-12-07,Not Started,0.0,False,0.0,2027-01-08,,Low,0,,0.0
IT-005,2026-12-14,Not Started,0.0,False,0.0,2027-01-08,,Low,0,,0.0
IT-005,2026-12-21,In Progress,0.0,False,23.0,2027-01-31,Design/Technical Issue,High,3,,0.0
IT-005,2026-12-28,In Progress,31.5,False,23.0,2027-01-31,Design/Technical Issue,High,1,,15383.0
IT-005,2027-01-04,On Hold,47.1,True,23.0,2027-01-31,Design/Technical Issue,Critical,1,,23001.0
IT-005,2027-01-11,On Hold,47.1,True,23.0,2027-01-31,Design/Technical Issue,Critical,2,,23001.0
IT-005,2027-01-18,On Hold,47.1,True,23.0,2027-01-31,Design/Technical Issue,Critical,6,,23001.0
IT-005,2027-01-25,In Progress,70.6,False,23.0,2027-01-31,Design/Technical Issue,High,2,,34477.0
IT-005,2027-02-01,Completed,100.0,False,22.0,2027-01-30,Design/Technical Issue,High,1,2027-01-30,48835.0
IT-005,2027-02-08,Completed,100.0,False,22.0,2027-01-30,Design/Technical Issue,High,4,2027-01-30,48835.0
IT-005,2027-02-15,Completed,100.0,False,22.0,2027-01-30,Design/Technical Issue,High,2,2027-01-30,48835.0
IT-005,2027-02-22,Completed,100.0,False,22.0,2027-01-30,Design/Technical Issue,High,2,2027-01-30,48835.0
IT-006,2026-12-07,In Progress,0.0,False,2.0,2026-12-22,Design/Technical Issue,Medium,0,,0.0
IT-006,2026-12-14,In Progress,44.4,False,2.0,2026-12-22,Design/Technical Issue,Medium,3,,43989.0
IT-006,2026-12-21,In Progress,98.4,False,2.0,2026-12-22,Design/Technical Issue,Medium,1,,97489.0
IT-006,2026-12-28,Completed,100.0,False,3.0,2026-12-23,Design/Technical Issue,Medium,1,2026-12-23,99074.0
IT-006,2027-01-04,Completed,100.0,False,3.0,2026-12-23,Design/Technical Issue,Medium,0,2026-12-23,99074.0
IT-006,2027-01-11,Completed,100.0,False,3.0,2026-12-23,Design/Technical Issue,Medium,0,2026-12-23,99074.0
IT-006,2027-01-18,Completed,100.0,False,3.0,2026-12-23,Design/Technical Issue,Medium,1,2026-12-23,99074.0
IT-006,2027-01-25,Completed,100.0,False,3.0,2026-12-23,Design/Technical Issue,Medium,2,2026-12-23,99074.0
IT-006,2027-02-01,Completed,100.0,False,3.0,2026-12-23,Design/Technical Issue,Medium,1,2026-12-23,99074.0
IT-006,2027-02-08,Completed,100.0,False,3.0,2026-12-23,Design/Technical Issue,Medium,0,2026-12-23,99074.0
IT-006,2027-02-15,Completed,100.0,False,3.0,2026-12-23,Design/Technical Issue,Medium,1,2026-12-23,99074.0
IT-006,2027-02-22,Completed,100.0,False,3.0,2026-12-23,Design/Technical Issue,Medium,4,2026-12-23,99074.0
IT-007,2026-12-07,Not Started,0.0,False,0.0,2027-01-03,,Low,0,,0.0
IT-007,2026-12-14,Not Started,0.0,False,0.0,2027-01-03,,Low,0,,0.0
IT-007,2026-12-21,Not Started,0.0,False,0.0,2027-01-03,,Low,0,,0.0
IT-007,2026-12-28,In Progress,52.3,False,0.0,2027-01-02,,Low,1,,20578.0
IT-007,2027-01-04,Completed,100.0,False,1.0,2027-01-04,Vendor Delay,Medium,0,2027-01-04,39346.0
IT-007,2027-01-11,Completed,100.0,False,1.0,2027-01-04,Vendor Delay,Medium,1,2027-01-04,39346.0
IT-007,2027-01-18,Completed,100.0,False,1.0,2027-01-04,Vendor Delay,Medium,1,2027-01-04,39346.0
IT-007,2027-01-25,Completed,100.0,False,1.0,2027-01-04,Vendor Delay,Medium,1,2027-01-04,39346.0
IT-007,2027-02-01,Completed,100.0,False,1.0,2027-01-04,Vendor Delay,Medium,1,2027-01-04,39346.0
IT-007,2027-02-08,Completed,100.0,False,1.0,2027-01-04,Vendor Delay,Medium,0,2027-01-04,39346.0
IT-007,2027-02-15,Completed,100.0,False,1.0,2027-01-04,Vendor Delay,Medium,1,2027-01-04,39346.0
IT-007,2027-02-22,Completed,100.0,False,1.0,2027-01-04,Vendor Delay,Medium,1,2027-01-04,39346.0
IT-008,2026-12-07,Not Started,0.0,False,0.0,2026-12-25,,Low,0,,0.0
IT-008,2026-12-14,In Progress,28.0,False,0.0,2026-12-23,,Low,2,,10241.0
IT-008,2026-12-21,In Progress,92.9,False,0.0,2026-12-23,,Low,1,,33977.0
IT-008,2026-12-28,Completed,100.0,False,2.0,2026-12-27,Resource Shortage,Medium,2,2026-12-27,36574.0
IT-008,2027-01-04,Completed,100.0,False,2.0,2026-12-27,Resource Shortage,Medium,1,2026-12-27,36574.0
IT-008,2027-01-11,Completed,100.0,False,2.0,2026-12-27,Resource Shortage,Medium,0,2026-12-27,36574.0
IT-008,2027-01-18,Completed,100.0,False,2.0,2026-12-27,Resource Shortage,Medium,1,2026-12-27,36574.0
IT-008,2027-01-25,Completed,100.0,False,2.0,2026-12-27,Resource Shortage,Medium,2,2026-12-27,36574.0
IT-008,2027-02-01,Completed,100.0,False,2.0,2026-12-27,Resource Shortage,Medium,2,2026-12-27,36574.0
IT-008,2027-02-08,Completed,100.0,False,2.0,2026-12-27,Resource Shortage,Medium,0,2026-12-27,36574.0
IT-008,2027-02-15,Completed,100.0,False,2.0,2026-12-27,Resource Shortage,Medium,3,2026-12-27,36574.0
IT-008,2027-02-22,Completed,100.0,False,2.0,2026-12-27,Resource Shortage,Medium,0,2026-12-27,36574.0
IT-009,2026-12-07,Not Started,0.0,False,0.0,2027-01-08,,Low,0,,0.0
IT-009,2026-12-14,Not Started,0.0,False,0.0,2027-01-08,,Low,0,,0.0
IT-009,2026-12-21,Not Started,0.0,False,0.0,2027-01-08,,Low,0,,0.0
IT-009,2026-12-28,In Progress,23.4,False,0.0,2027-01-07,,Low,0,,18421.0
IT-009,2027-01-04,In Progress,84.8,False,0.0,2027-01-07,,Low,0,,66758.0
IT-009,2027-01-11,Completed,100.0,False,2.0,2027-01-10,Vendor Delay,Medium,1,2027-01-10,78724.0
IT-009,2027-01-18,Completed,100.0,False,2.0,2027-01-10,Vendor Delay,Medium,0,2027-01-10,78724.0
IT-009,2027-01-25,Completed,100.0,False,2.0,2027-01-10,Vendor Delay,Medium,1,2027-01-10,78724.0
IT-009,2027-02-01,Completed,100.0,False,2.0,2027-01-10,Vendor Delay,Medium,1,2027-01-10,78724.0
IT-009,2027-02-08,Completed,100.0,False,2.0,2027-01-10,Vendor Delay,Medium,2,2027-01-10,78724.0
IT-009,2027-02-15,Completed,100.0,False,2.0,2027-01-10,Vendor Delay,Medium,2,2027-01-10,78724.0
IT-009,2027-02-22,Completed,100.0,False,2.0,2027-01-10,Vendor Delay,Medium,2,2027-01-10,78724.0
IT-010,2026-12-07,Not Started,0.0,False,0.0,2026-12-30,,Low,0,,0.0
IT-010,2026-12-14,Not Started,0.0,False,0.0,2026-12-30,,Low,0,,0.0
IT-010,2026-12-21,Not Started,0.0,False,0.0,2026-12-30,,Low,0,,0.0
IT-010,2026-12-28,In Progress,80.8,False,0.0,2026-12-30,,Low,0,,40713.0
IT-010,2027-01-04,Completed,100.0,False,4.0,2027-01-03,Design/Technical Issue,High,4,2027-01-03,50387.0
IT-010,2027-01-11,Completed,100.0,False,4.0,2027-01-03,Design/Technical Issue,High,1,2027-01-03,50387.0
IT-010,2027-01-18,Completed,100.0,False,4.0,2027-01-03,Design/Technical Issue,High,2,2027-01-03,50387.0
IT-010,2027-01-25,Completed,100.0,False,4.0,2027-01-03,Design/Technical Issue,High,0,2027-01-03,50387.0
IT-010,2027-02-01,Completed,100.0,False,4.0,2027-01-03,Design/Technical Issue,High,3,2027-01-03,50387.0
IT-010,2027-02-08,Completed,100.0,False,4.0,2027-01-03,Design/Technical Issue,High,1,2027-01-03,50387.0
IT-010,2027-02-15,Completed,100.0,False,4.0,2027-01-03,Design/Technical Issue,High,5,2027-01-03,50387.0
IT-010,2027-02-22,Completed,100.0,False,4.0,2027-01-03,Design/Technical Issue,High,3,2027-01-03,50387.0
IT-011,2026-12-07,Not Started,0.0,False,0.0,2026-12-28,,Low,0,,0.0
IT-011,2026-12-14,Not Started,0.0,False,0.0,2026-12-28,,Low,0,,0.0
IT-011,2026-12-21,Not Started,0.0,False,0.0,2026-12-28,,Low,0,,0.0
IT-011,2026-12-28,In Progress,72.9,False,1.0,2026-12-29,Design/Technical Issue,Medium,1,,39433.0
IT-011,2027-01-04,Completed,100.0,False,1.0,2026-12-29,Design/Technical Issue,Medium,2,2026-12-29,54092.0
IT-011,2027-01-11,Completed,100.0,False,1.0,2026-12-29,Design/Technical Issue,Medium,0,2026-12-29,54092.0
IT-011,2027-01-18,Completed,100.0,False,1.0,2026-12-29,Design/Technical Issue,Medium,2,2026-12-29,54092.0
IT-011,2027-01-25,Completed,100.0,False,1.0,2026-12-29,Design/Technical Issue,Medium,3,2026-12-29,54092.0
IT-011,2027-02-01,Completed,100.0,False,1.0,2026-12-29,Design/Technical Issue,Medium,4,2026-12-29,54092.0
IT-011,2027-02-08,Completed,100.0,False,1.0,2026-12-29,Design/Technical Issue,Medium,0,2026-12-29,54092.0
IT-011,2027-02-15,Completed,100.0,False,1.0,2026-12-29,Design/Technical Issue,Medium,1,2026-12-29,54092.0
IT-011,2027-02-22,Completed,100.0,False,1.0,2026-12-29,Design/Technical Issue,Medium,0,2026-12-29,54092.0
IT-012,2026-12-07,Not Started,0.0,False,0.0,2026-12-24,,Low,0,,0.0
IT-012,2026-12-14,Not Started,0.0,False,0.0,2026-12-24,,Low,1,,0.0
IT-012,2026-12-21,In Progress,24.0,False,7.0,2026-12-31,Scope Change,Medium,0,,12943.0
IT-012,2026-12-28,In Progress,85.9,False,7.0,2026-12-31,Scope Change,Medium,2,,46327.0
IT-012,2027-01-04,Completed,100.0,False,5.0,2026-12-29,Scope Change,Medium,3,2026-12-29,53931.0
IT-012,2027-01-11,Completed,100.0,False,5.0,2026-12-29,Scope Change,Medium,3,2026-12-29,53931.0
IT-012,2027-01-18,Completed,100.0,False,5.0,2026-12-29,Scope Change,Medium,1,2026-12-29,53931.0
IT-012,2027-01-25,Completed,100.0,False,5.0,2026-12-29,Scope Change,Medium,0,2026-12-29,53931.0
IT-012,2027-02-01,Completed,100.0,False,5.0,2026-12-29,Scope Change,Medium,1,2026-12-29,53931.0
IT-012,2027-02-08,Completed,100.0,False,5.0,2026-12-29,Scope Change,Medium,2,2026-12-29,53931.0
IT-012,2027-02-15,Completed,100.0,False,5.0,2026-12-29,Scope Change,Medium,0,2026-12-29,53931.0
IT-012,2027-02-22,Completed,100.0,False,5.0,2026-12-29,Scope Change,Medium,0,2026-12-29,53931.0
IT-013,2026-12-07,In Progress,0.0,False,0.0,2026-12-11,,Low,0,,0.0
IT-013,2026-12-14,Completed,100.0,False,1.0,2026-12-13,Scope Change,Medium,1,2026-12-13,19666.0
IT-013,2026-12-21,Completed,100.0,False,1.0,2026-12-13,Scope Change,Medium,1,2026-12-13,19666.0
IT-013,2026-12-28,Completed,100.0,False,1.0,2026-12-13,Scope Change,Medium,0,2026-12-13,19666.0
IT-013,2027-01-04,Completed,100.0,False,1.0,2026-12-13,Scope Change,Medium,2,2026-12-13,19666.0
IT-013,2027-01-11,Completed,100.0,False,1.0,2026-12-13,Scope Change,Medium,0,2026-12-13,19666.0
IT-013,2027-01-18,Completed,100.0,False,1.0,2026-12-13,Scope Change,Medium,1,2026-12-13,19666.0
IT-013,2027-01-25,Completed,100.0,False,1.0,2026-12-13,Scope Change,Medium,1,2026-12-13,19666.0
IT-013,2027-02-01,Completed,100.0,False,1.0,2026-12-13,Scope Change,Medium,1,2026-12-13,19666.0
IT-013,2027-02-08,Completed,100.0,False,1.0,2026-12-13,Scope Change,Medium,1,2026-12-13,19666.0
IT-013,2027-02-15,Completed,100.0,False,1.0,2026-12-13,Scope Change,Medium,0,2026-12-13,19666.0
IT-013,2027-02-22,Completed,100.0,False,1.0,2026-12-13,Scope Change,Medium,1,2026-12-13,19666.0
IT-014,2026-12-07,Not Started,0.0,False,0.0,2026-12-31,,Low,1,,0.0
IT-014,2026-12-14,In Progress,6.1,False,0.0,2026-12-31,,Low,0,,3254.0
IT-014,2026-12-21,In Progress,49.9,False,0.0,2026-12-31,,Low,0,,26615.0
IT-014,2026-12-28,In Progress,93.9,False,0.0,2026-12-31,,Low,0,,50083.0
IT-014,2027-01-04,Completed,100.0,False,3.0,2027-01-03,Vendor Delay,Medium,0,2027-01-03,53337.0
IT-014,2027-01-11,Completed,100.0,False,3.0,2027-01-03,Vendor Delay,Medium,2,2027-01-03,53337.0
IT-014,2027-01-18,Completed,100.0,False,3.0,2027-01-03,Vendor Delay,Medium,0,2027-01-03,53337.0
IT-014,2027-01-25,Completed,100.0,False,3.0,2027-01-03,Vendor Delay,Medium,0,2027-01-03,53337.0
IT-014,2027-02-01,Completed,100.0,False,3.0,2027-01-03,Vendor Delay,Medium,0,2027-01-03,53337.0
IT-014,2027-02-08,Completed,100.0,False,3.0,2027-01-03,Vendor Delay,Medium,0,2027-01-03,53337.0
IT-014,2027-02-15,Completed,100.0,False,3.0,2027-01-03,Vendor Delay,Medium,1,2027-01-03,53337.0
IT-014,2027-02-22,Completed,100.0,False,3.0,2027-01-03,Vendor Delay,Medium,2,2027-01-03,53337.0
IT-015,2026-12-07,Not Started,0.0,False,0.0,2027-01-27,,Low,0,,0.0
IT-015,2026-12-14,Not Started,0.0,False,0.0,2027-01-27,,Low,2,,0.0
IT-015,2026-12-21,Not Started,0.0,False,0.0,2027-01-27,,Low,0,,0.0
IT-015,2026-12-28,Not Started,0.0,False,0.0,2027-01-27,,Low,0,,0.0
IT-015,2027-01-04,In Progress,0.0,False,0.0,2027-01-24,,Low,1,,0.0
IT-015,2027-01-11,In Progress,26.6,False,0.0,2027-01-24,,Low,0,,12894.0
IT-015,2027-01-18,In Progress,75.4,False,0.0,2027-01-24,,Low,0,,36548.0
IT-015,2027-01-25,Completed,100.0,False,0.0,2027-01-19,,Low,0,2027-01-19,48472.0
IT-015,2027-02-01,Completed,100.0,False,0.0,2027-01-19,,Low,1,2027-01-19,48472.0
IT-015,2027-02-08,Completed,100.0,False,0.0,2027-01-19,,Low,2,2027-01-19,48472.0
IT-015,2027-02-15,Completed,100.0,False,0.0,2027-01-19,,Low,0,2027-01-19,48472.0
IT-015,2027-02-22,Completed,100.0,False,0.0,2027-01-19,,Low,0,2027-01-19,48472.0
IT-016,2026-12-07,Not Started,0.0,False,0.0,2027-01-18,,Low,0,,0.0
IT-016,2026-12-14,Not Started,0.0,False,0.0,2027-01-18,,Low,0,,0.0
IT-016,2026-12-21,Not Started,0.0,False,0.0,2027-01-18,,Low,1,,0.0
IT-016,2026-12-28,Not Started,0.0,False,0.0,2027-01-18,,Low,0,,0.0
IT-016,2027-01-04,Not Started,0.0,False,0.0,2027-01-18,,Low,0,,0.0
IT-016,2027-01-11,Not Started,0.0,False,0.0,2027-01-18,,Low,1,,0.0
IT-016,2027-01-18,In Progress,48.5,False,6.0,2027-01-24,Scope Change,High,4,,40316.0
IT-016,2027-01-25,Completed,100.0,False,7.0,2027-01-25,Scope Change,High,5,2027-01-25,83126.0
IT-016,2027-02-01,Completed,100.0,False,7.0,2027-01-25,Scope Change,High,1,2027-01-25,83126.0
IT-016,2027-02-08,Completed,100.0,False,7.0,2027-01-25,Scope Change,High,0,2027-01-25,83126.0
IT-016,2027-02-15,Completed,100.0,False,7.0,2027-01-25,Scope Change,High,3,2027-01-25,83126.0
IT-016,2027-02-22,Completed,100.0,False,7.0,2027-01-25,Scope Change,High,3,2027-01-25,83126.0
IT-017,2026-12-07,Not Started,0.0,False,0.0,2027-01-11,,Low,0,,0.0
IT-017,2026-12-14,Not Started,0.0,False,0.0,2027-01-11,,Low,1,,0.0
IT-017,2026-12-21,Not Started,0.0,False,0.0,2027-01-11,,Low,0,,0.0
IT-017,2026-12-28,In Progress,19.1,False,0.0,2027-01-09,,Low,1,,5558.0
IT-017,2027-01-04,In Progress,74.8,False,0.0,2027-01-09,,Low,0,,21767.0
IT-017,2027-01-11,Completed,100.0,False,0.0,2027-01-08,,Low,0,2027-01-08,29101.0
IT-017,2027-01-18,Completed,100.0,False,0.0,2027-01-08,,Low,0,2027-01-08,29101.0
IT-017,2027-01-25,Completed,100.0,False,0.0,2027-01-08,,Low,1,2027-01-08,29101.0
IT-017,2027-02-01,Completed,100.0,False,0.0,2027-01-08,,Low,1,2027-01-08,29101.0
IT-017,2027-02-08,Completed,100.0,False,0.0,2027-01-08,,Low,0,2027-01-08,29101.0
IT-017,2027-02-15,Completed,100.0,False,0.0,2027-01-08,,Low,0,2027-01-08,29101.0
IT-017,2027-02-22,Completed,100.0,False,0.0,2027-01-08,,Low,0,2027-01-08,29101.0
IT-018,2026-12-07,Not Started,0.0,False,0.0,2027-01-18,,Low,0,,0.0
IT-018,2026-12-14,Not Started,0.0,False,0.0,2027-01-18,,Low,0,,0.0
IT-018,2026-12-21,Not Started,0.0,False,0.0,2027-01-18,,Low,1,,0.0
IT-018,2026-12-28,In Progress,4.7,False,0.0,2027-01-16,,Low,0,,1438.0
IT-018,2027-01-04,In Progress,40.6,False,0.0,2027-01-16,,Low,0,,12423.0
IT-018,2027-01-11,In Progress,83.6,False,0.0,2027-01-16,,Low,0,,25581.0
IT-018,2027-01-18,Completed,100.0,False,0.0,2027-01-13,,Low,0,2027-01-13,30600.0
IT-018,2027-01-25,Completed,100.0,False,0.0,2027-01-13,,Low,2,2027-01-13,30600.0
IT-018,2027-02-01,Completed,100.0,False,0.0,2027-01-13,,Low,1,2027-01-13,30600.0
IT-018,2027-02-08,Completed,100.0,False,0.0,2027-01-13,,Low,1,2027-01-13,30600.0
IT-018,2027-02-15,Completed,100.0,False,0.0,2027-01-13,,Low,0,2027-01-13,30600.0
IT-018,2027-02-22,Completed,100.0,False,0.0,2027-01-13,,Low,0,2027-01-13,30600.0
IT-019,2026-12-07,Not Started,0.0,False,0.0,2027-01-29,,Low,0,,0.0
IT-019,2026-12-14,Not Started,0.0,False,0.0,2027-01-29,,Low,1,,0.0
IT-019,2026-12-21,Not Started,0.0,False,0.0,2027-01-29,,Low,0,,0.0
IT-019,2026-12-28,Not Started,0.0,False,0.0,2027-01-29,,Low,0,,0.0
IT-019,2027-01-04,Not Started,0.0,False,0.0,2027-01-29,,Low,0,,0.0
IT-019,2027-01-11,In Progress,8.0,False,25.0,2027-02-23,Resource Shortage,High,0,,4872.0
IT-019,2027-01-18,In Progress,46.6,False,25.0,2027-02-23,Resource Shortage,High,1,,28378.0
IT-019,2027-01-25,On Hold,53.1,True,25.0,2027-02-23,Resource Shortage,Critical,5,,32337.0
IT-019,2027-02-01,On Hold,53.1,True,25.0,2027-02-23,Resource Shortage,Critical,3,,32337.0
IT-019,2027-02-08,On Hold,53.1,True,25.0,2027-02-23,Resource Shortage,Critical,3,,32337.0
IT-019,2027-02-15,In Progress,72.0,False,25.0,2027-02-23,Resource Shortage,High,3,,43846.0
IT-019,2027-02-22,In Progress,99.4,False,25.0,2027-02-23,Resource Shortage,High,3,,60533.0
IT-020,2026-12-07,Not Started,0.0,False,0.0,2027-01-31,,Low,1,,0.0
IT-020,2026-12-14,Not Started,0.0,False,0.0,2027-01-31,,Low,0,,0.0
IT-020,2026-12-21,Not Started,0.0,False,0.0,2027-01-31,,Low,1,,0.0
IT-020,2026-12-28,Not Started,0.0,False,0.0,2027-01-31,,Low,0,,0.0
IT-020,2027-01-04,Not Started,0.0,False,0.0,2027-01-31,,Low,0,,0.0
IT-020,2027-01-11,Not Started,0.0,False,0.0,2027-01-31,,Low,0,,0.0
IT-020,2027-01-18,In Progress,12.9,False,0.0,2027-01-31,,Low,0,,2065.0
IT-020,2027-01-25,In Progress,67.3,False,0.0,2027-01-31,,Low,0,,10774.0
IT-020,2027-02-01,Completed,100.0,False,0.0,2027-01-31,,Low,0,2027-01-31,16009.0
IT-020,2027-02-08,Completed,100.0,False,0.0,2027-01-31,,Low,0,2027-01-31,16009.0
IT-020,2027-02-15,Completed,100.0,False,0.0,2027-01-31,,Low,1,2027-01-31,16009.0
IT-020,2027-02-22,Completed,100.0,False,0.0,2027-01-31,,Low,0,2027-01-31,16009.0
IT-021,2026-12-07,Not Started,0.0,False,0.0,2027-01-17,,Low,2,,0.0
IT-021,2026-12-14,Not Started,0.0,False,0.0,2027-01-17,,Low,0,,0.0
IT-021,2026-12-21,Not Started,0.0,False,0.0,2027-01-17,,Low,1,,0.0
IT-021,2026-12-28,Not Started,0.0,False,0.0,2027-01-17,,Low,0,,0.0
IT-021,2027-01-04,Not Started,0.0,False,0.0,2027-01-17,,Low,0,,0.0
IT-021,2027-01-11,In Progress,4.1,False,0.0,2027-01-17,,Low,0,,2264.0
IT-021,2027-01-18,Completed,100.0,False,0.0,2027-01-14,,Low,2,2027-01-14,55207.0
IT-021,2027-01-25,Completed,100.0,False,0.0,2027-01-14,,Low,1,2027-01-14,55207.0
IT-021,2027-02-01,Completed,100.0,False,0.0,2027-01-14,,Low,1,2027-01-14,55207.0
IT-021,2027-02-08,Completed,100.0,False,0.0,2027-01-14,,Low,0,2027-01-14,55207.0
IT-021,2027-02-15,Completed,100.0,False,0.0,2027-01-14,,Low,0,2027-01-14,55207.0
IT-021,2027-02-22,Completed,100.0,False,0.0,2027-01-14,,Low,0,2027-01-14,55207.0
IT-022,2026-12-07,Not Started,0.0,False,0.0,2027-01-14,,Low,1,,0.0
IT-022,2026-12-14,Not Started,0.0,False,0.0,2027-01-14,,Low,0,,0.0
IT-022,2026-12-21,Not Started,0.0,False,0.0,2027-01-14,,Low,0,,0.0
IT-022,2026-12-28,In Progress,8.0,False,21.0,2027-02-04,Resource Shortage,Critical,6,,7241.0
IT-022,2027-01-04,On Hold,12.0,True,21.0,2027-02-04,Resource Shortage,Critical,3,,10862.0
IT-022,2027-01-11,On Hold,12.0,True,21.0,2027-02-04,Resource Shortage,Critical,2,,10862.0
IT-022,2027-01-18,In Progress,16.8,False,21.0,2027-02-04,Resource Shortage,Critical,5,,15206.0
IT-022,2027-01-25,In Progress,59.4,False,21.0,2027-02-04,Resource Shortage,Critical,4,,53765.0
IT-022,2027-02-01,In Progress,95.1,False,21.0,2027-02-04,Resource Shortage,Critical,2,,86078.0
IT-022,2027-02-08,Completed,100.0,False,20.0,2027-02-03,Resource Shortage,Critical,5,2027-02-03,90513.0
IT-022,2027-02-15,Completed,100.0,False,20.0,2027-02-03,Resource Shortage,Critical,2,2027-02-03,90513.0
IT-022,2027-02-22,Completed,100.0,False,20.0,2027-02-03,Resource Shortage,Critical,4,2027-02-03,90513.0
IT-023,2026-12-07,Not Started,0.0,False,0.0,2027-01-11,,Low,0,,0.0
IT-023,2026-12-14,Not Started,0.0,False,0.0,2027-01-11,,Low,1,,0.0
IT-023,2026-12-21,Not Started,0.0,False,0.0,2027-01-11,,Low,0,,0.0
IT-023,2026-12-28,In Progress,19.8,False,0.0,2027-01-11,,Low,0,,6628.0
IT-023,2027-01-04,In Progress,67.6,False,0.0,2027-01-11,,Low,1,,22629.0
IT-023,2027-01-11,In Progress,99.4,False,0.0,2027-01-11,,Low,0,,33274.0
IT-023,2027-01-18,Completed,100.0,False,7.0,2027-01-18,Design/Technical Issue,Medium,0,2027-01-18,33475.0
IT-023,2027-01-25,Completed,100.0,False,7.0,2027-01-18,Design/Technical Issue,Medium,1,2027-01-18,33475.0
IT-023,2027-02-01,Completed,100.0,False,7.0,2027-01-18,Design/Technical Issue,Medium,0,2027-01-18,33475.0
IT-023,2027-02-08,Completed,100.0,False,7.0,2027-01-18,Design/Technical Issue,Medium,1,2027-01-18,33475.0
IT-023,2027-02-15,Completed,100.0,False,7.0,2027-01-18,Design/Technical Issue,Medium,2,2027-01-18,33475.0
IT-023,2027-02-22,Completed,100.0,False,7.0,2027-01-18,Design/Technical Issue,Medium,0,2027-01-18,33475.0
IT-024,2026-12-07,Not Started,0.0,False,0.0,2027-01-11,,Low,0,,0.0
IT-024,2026-12-14,Not Started,0.0,False,0.0,2027-01-11,,Low,0,,0.0
IT-024,2026-12-21,Not Started,0.0,False,0.0,2027-01-11,,Low,1,,0.0
IT-024,2026-12-28,Not Started,0.0,False,0.0,2027-01-11,,Low,1,,0.0
IT-024,2027-01-04,Not Started,0.0,False,0.0,2027-01-11,,Low,0,,0.0
IT-024,2027-01-11,In Progress,92.9,False,0.0,2027-01-11,,Low,0,,122994.0
IT-024,2027-01-18,Completed,100.0,False,7.0,2027-01-18,Vendor Delay,Medium,0,2027-01-18,132394.0
IT-024,2027-01-25,Completed,100.0,False,7.0,2027-01-18,Vendor Delay,Medium,0,2027-01-18,132394.0
IT-024,2027-02-01,Completed,100.0,False,7.0,2027-01-18,Vendor Delay,Medium,1,2027-01-18,132394.0
IT-024,2027-02-08,Completed,100.0,False,7.0,2027-01-18,Vendor Delay,Medium,0,2027-01-18,132394.0
IT-024,2027-02-15,Completed,100.0,False,7.0,2027-01-18,Vendor Delay,Medium,0,2027-01-18,132394.0
IT-024,2027-02-22,Completed,100.0,False,7.0,2027-01-18,Vendor Delay,Medium,0,2027-01-18,132394.0
IT-025,2026-12-07,Not Started,0.0,False,0.0,2027-01-20,,Low,0,,0.0
IT-025,2026-12-14,Not Started,0.0,False,0.0,2027-01-20,,Low,0,,0.0
IT-025,2026-12-21,Not Started,0.0,False,0.0,2027-01-20,,Low,0,,0.0
IT-025,2026-12-28,Not Started,0.0,False,0.0,2027-01-20,,Low,0,,0.0
IT-025,2027-01-04,Not Started,0.0,False,0.0,2027-01-20,,Low,0,,0.0
IT-025,2027-01-11,Not Started,0.0,False,0.0,2027-01-20,,Low,0,,0.0
IT-025,2027-01-18,In Progress,21.7,False,7.0,2027-01-27,Design/Technical Issue,High,1,,12364.0
IT-025,2027-01-25,In Progress,92.1,False,7.0,2027-01-27,Design/Technical Issue,High,3,,52475.0
IT-025,2027-02-01,Completed,100.0,False,7.0,2027-01-27,Design/Technical Issue,High,2,2027-01-27,56976.0
IT-025,2027-02-08,Completed,100.0,False,7.0,2027-01-27,Design/Technical Issue,High,6,2027-01-27,56976.0
IT-025,2027-02-15,Completed,100.0,False,7.0,2027-01-27,Design/Technical Issue,High,2,2027-01-27,56976.0
IT-025,2027-02-22,Completed,100.0,False,7.0,2027-01-27,Design/Technical Issue,High,3,2027-01-27,56976.0
IT-026,2026-12-07,Not Started,0.0,False,0.0,2027-01-15,,Low,1,,0.0
IT-026,2026-12-14,Not Started,0.0,False,0.0,2027-01-15,,Low,1,,0.0
IT-026,2026-12-21,Not Started,0.0,False,0.0,2027-01-15,,Low,0,,0.0
IT-026,2026-12-28,Not Started,0.0,False,0.0,2027-01-15,,Low,1,,0.0
IT-026,2027-01-04,Not Started,0.0,False,0.0,2027-01-15,,Low,0,,0.0
IT-026,2027-01-11,In Progress,46.5,False,1.0,2027-01-16,Vendor Delay,Medium,0,,36567.0
IT-026,2027-01-18,Completed,100.0,False,0.0,2027-01-13,,Low,1,2027-01-13,78638.0
IT-026,2027-01-25,Completed,100.0,False,0.0,2027-01-13,,Low,0,2027-01-13,78638.0
IT-026,2027-02-01,Completed,100.0,False,0.0,2027-01-13,,Low,2,2027-01-13,78638.0
IT-026,2027-02-08,Completed,100.0,False,0.0,2027-01-13,,Low,0,2027-01-13,78638.0
IT-026,2027-02-15,Completed,100.0,False,0.0,2027-01-13,,Low,1,2027-01-13,78638.0
IT-026,2027-02-22,Completed,100.0,False,0.0,2027-01-13,,Low,0,2027-01-13,78638.0
IT-027,2026-12-07,Not Started,0.0,False,0.0,2027-01-17,,Low,0,,0.0
IT-027,2026-12-14,Not Started,0.0,False,0.0,2027-01-17,,Low,3,,0.0
IT-027,2026-12-21,Not Started,0.0,False,0.0,2027-01-17,,Low,0,,0.0
IT-027,2026-12-28,Not Started,0.0,False,0.0,2027-01-17,,Low,0,,0.0
IT-027,2027-01-04,Not Started,0.0,False,0.0,2027-01-17,,Low,0,,0.0
IT-027,2027-01-11,Not Started,0.0,False,0.0,2027-01-17,,Low,0,,0.0
IT-027,2027-01-18,Completed,100.0,False,0.0,2027-01-12,,Low,0,2027-01-12,53731.0
IT-027,2027-01-25,Completed,100.0,False,0.0,2027-01-12,,Low,0,2027-01-12,53731.0
IT-027,2027-02-01,Completed,100.0,False,0.0,2027-01-12,,Low,0,2027-01-12,53731.0
IT-027,2027-02-08,Completed,100.0,False,0.0,2027-01-12,,Low,1,2027-01-12,53731.0
IT-027,2027-02-15,Completed,100.0,False,0.0,2027-01-12,,Low,0,2027-01-12,53731.0
IT-027,2027-02-22,Completed,100.0,False,0.0,2027-01-12,,Low,0,2027-01-12,53731.0
IT-028,2026-12-07,Not Started,0.0,False,0.0,2027-02-18,,Low,0,,0.0
IT-028,2026-12-14,Not Started,0.0,False,0.0,2027-02-18,,Low,1,,0.0
IT-028,2026-12-21,Not Started,0.0,False,0.0,2027-02-18,,Low,1,,0.0
IT-028,2026-12-28,Not Started,0.0,False,0.0,2027-02-18,,Low,0,,0.0
IT-028,2027-01-04,Not Started,0.0,False,0.0,2027-02-18,,Low,0,,0.0
IT-028,2027-01-11,Not Started,0.0,False,0.0,2027-02-18,,Low,0,,0.0
IT-028,2027-01-18,Not Started,0.0,False,0.0,2027-02-18,,Low,0,,0.0
IT-028,2027-01-25,Not Started,0.0,False,0.0,2027-02-18,,Low,2,,0.0
IT-028,2027-02-01,In Progress,8.4,False,10.0,2027-02-28,Resource Shortage,High,3,,14049.0
IT-028,2027-02-08,In Progress,33.1,False,10.0,2027-02-28,Resource Shortage,High,2,,55359.0
IT-028,2027-02-15,In Progress,63.8,False,10.0,2027-02-28,Resource Shortage,High,5,,106704.0
IT-028,2027-02-22,In Progress,89.7,False,10.0,2027-02-28,Resource Shortage,High,4,,150021.0
IT-029,2026-12-07,Not Started,0.0,False,0.0,2027-02-09,,Low,0,,0.0
IT-029,2026-12-14,Not Started,0.0,False,0.0,2027-02-09,,Low,0,,0.0
IT-029,2026-12-21,Not Started,0.0,False,0.0,2027-02-09,,Low,0,,0.0
IT-029,2026-12-28,Not Started,0.0,False,0.0,2027-02-09,,Low,0,,0.0
IT-029,2027-01-04,Not Started,0.0,False,0.0,2027-02-09,,Low,0,,0.0
IT-029,2027-01-11,Not Started,0.0,False,0.0,2027-02-09,,Low,0,,0.0
IT-029,2027-01-18,Not Started,0.0,False,0.0,2027-02-09,,Low,0,,0.0
IT-029,2027-01-25,In Progress,0.7,False,0.0,2027-02-08,,Low,0,,234.0
IT-029,2027-02-01,In Progress,29.6,False,0.0,2027-02-08,,Low,1,,9899.0
IT-029,2027-02-08,In Progress,99.0,False,0.0,2027-02-08,,Low,0,,33109.0
IT-029,2027-02-15,Completed,100.0,False,0.0,2027-02-09,,Low,0,2027-02-09,33444.0
IT-029,2027-02-22,Completed,100.0,False,0.0,2027-02-09,,Low,0,2027-02-09,33444.0
IT-030,2026-12-07,Not Started,0.0,False,0.0,2027-01-23,,Low,0,,0.0
IT-030,2026-12-14,Not Started,0.0,False,0.0,2027-01-23,,Low,0,,0.0
IT-030,2026-12-21,Not Started,0.0,False,0.0,2027-01-23,,Low,0,,0.0
IT-030,2026-12-28,Not Started,0.0,False,0.0,2027-01-23,,Low,0,,0.0
IT-030,2027-01-04,Not Started,0.0,False,0.0,2027-01-23,,Low,0,,0.0
IT-030,2027-01-11,In Progress,22.1,False,1.0,2027-01-24,Design/Technical Issue,Medium,0,,8048.0
IT-030,2027-01-18,In Progress,73.0,False,1.0,2027-01-24,Design/Technical Issue,Medium,2,,26582.0
IT-030,2027-01-25,Completed,100.0,False,0.0,2027-01-21,,Low,1,2027-01-21,36414.0
IT-030,2027-02-01,Completed,100.0,False,0.0,2027-01-21,,Low,0,2027-01-21,36414.0
IT-030,2027-02-08,Completed,100.0,False,0.0,2027-01-21,,Low,0,2027-01-21,36414.0
IT-030,2027-02-15,Completed,100.0,False,0.0,2027-01-21,,Low,1,2027-01-21,36414.0
IT-030,2027-02-22,Completed,100.0,False,0.0,2027-01-21,,Low,0,2027-01-21,36414.0
IT-031,2026-12-07,Not Started,0.0,False,0.0,2027-01-27,,Low,0,,0.0
IT-031,2026-12-14,Not Started,0.0,False,0.0,2027-01-27,,Low,1,,0.0
IT-031,2026-12-21,Not Started,0.0,False,0.0,2027-01-27,,Low,1,,0.0
IT-031,2026-12-28,Not Started,0.0,False,0.0,2027-01-27,,Low,0,,0.0
IT-031,2027-01-04,Not Started,0.0,False,0.0,2027-01-27,,Low,0,,0.0
IT-031,2027-01-11,In Progress,10.0,False,0.0,2027-01-27,,Low,0,,7276.0
IT-031,2027-01-18,In Progress,55.9,False,0.0,2027-01-27,,Low,0,,40673.0
IT-031,2027-01-25,In Progress,96.2,False,0.0,2027-01-27,,Low,0,,69995.0
IT-031,2027-02-01,Completed,100.0,False,0.0,2027-01-27,,Low,0,2027-01-27,72760.0
IT-031,2027-02-08,Completed,100.0,False,0.0,2027-01-27,,Low,0,2027-01-27,72760.0
IT-031,2027-02-15,Completed,100.0,False,0.0,2027-01-27,,Low,1,2027-01-27,72760.0
IT-031,2027-02-22,Completed,100.0,False,0.0,2027-01-27,,Low,1,2027-01-27,72760.0
IT-032,2026-12-07,Not Started,0.0,False,0.0,2027-02-10,,Low,0,,0.0
IT-032,2026-12-14,Not Started,0.0,False,0.0,2027-02-10,,Low,0,,0.0
IT-032,2026-12-21,Not Started,0.0,False,0.0,2027-02-10,,Low,1,,0.0
IT-032,2026-12-28,Not Started,0.0,False,0.0,2027-02-10,,Low,0,,0.0
IT-032,2027-01-04,Not Started,0.0,False,0.0,2027-02-10,,Low,1,,0.0
IT-032,2027-01-11,Not Started,0.0,False,0.0,2027-02-10,,Low,0,,0.0
IT-032,2027-01-18,Not Started,0.0,False,0.0,2027-02-10,,Low,0,,0.0
IT-032,2027-01-25,Not Started,0.0,False,0.0,2027-02-10,,Low,0,,0.0
IT-032,2027-02-01,In Progress,1.1,False,1.0,2027-02-11,Resource Shortage,Medium,2,,856.0
IT-032,2027-02-08,In Progress,59.9,False,1.0,2027-02-11,Resource Shortage,Medium,0,,46626.0
IT-032,2027-02-15,Completed,100.0,False,0.0,2027-02-10,,Low,1,2027-02-10,77840.0
IT-032,2027-02-22,Completed,100.0,False,0.0,2027-02-10,,Low,0,2027-02-10,77840.0
IT-033,2026-12-07,Not Started,0.0,False,0.0,2027-02-04,,Low,0,,0.0
IT-033,2026-12-14,Not Started,0.0,False,0.0,2027-02-04,,Low,0,,0.0
IT-033,2026-12-21,Not Started,0.0,False,0.0,2027-02-04,,Low,1,,0.0
IT-033,2026-12-28,Not Started,0.0,False,0.0,2027-02-04,,Low,1,,0.0
IT-033,2027-01-04,Not Started,0.0,False,0.0,2027-02-04,,Low,0,,0.0
IT-033,2027-01-11,Not Started,0.0,False,0.0,2027-02-04,,Low,1,,0.0
IT-033,2027-01-18,Not Started,0.0,False,0.0,2027-02-04,,Low,0,,0.0
IT-033,2027-01-25,Not Started,0.0,False,0.0,2027-02-04,,Low,0,,0.0
IT-033,2027-02-01,In Progress,69.1,False,0.0,2027-02-03,,Low,0,,43655.0
IT-033,2027-02-08,Completed,100.0,False,0.0,2027-02-02,,Low,0,2027-02-02,63176.0
IT-033,2027-02-15,Completed,100.0,False,0.0,2027-02-02,,Low,0,2027-02-02,63176.0
IT-033,2027-02-22,Completed,100.0,False,0.0,2027-02-02,,Low,0,2027-02-02,63176.0
IT-034,2026-12-07,Not Started,0.0,False,0.0,2027-02-15,,Low,1,,0.0
IT-034,2026-12-14,Not Started,0.0,False,0.0,2027-02-15,,Low,1,,0.0
IT-034,2026-12-21,Not Started,0.0,False,0.0,2027-02-15,,Low,4,,0.0
IT-034,2026-12-28,Not Started,0.0,False,0.0,2027-02-15,,Low,0,,0.0
IT-034,2027-01-04,Not Started,0.0,False,0.0,2027-02-15,,Low,0,,0.0
IT-034,2027-01-11,Not Started,0.0,False,0.0,2027-02-15,,Low,1,,0.0
IT-034,2027-01-18,Not Started,0.0,False,0.0,2027-02-15,,Low,0,,0.0
IT-034,2027-01-25,Not Started,0.0,False,0.0,2027-02-15,,Low,0,,0.0
IT-034,2027-02-01,In Progress,7.1,False,1.0,2027-02-16,Scope Change,Medium,3,,2745.0
IT-034,2027-02-08,In Progress,56.5,False,1.0,2027-02-16,Scope Change,Medium,0,,21848.0
IT-034,2027-02-15,In Progress,98.4,False,1.0,2027-02-16,Scope Change,Medium,1,,38050.0
IT-034,2027-02-22,Completed,100.0,False,5.0,2027-02-20,Scope Change,Medium,0,2027-02-20,38669.0
IT-035,2026-12-07,Not Started,0.0,False,0.0,2027-01-26,,Low,0,,0.0
IT-035,2026-12-14,Not Started,0.0,False,0.0,2027-01-26,,Low,0,,0.0
IT-035,2026-12-21,Not Started,0.0,False,0.0,2027-01-26,,Low,1,,0.0
IT-035,2026-12-28,Not Started,0.0,False,0.0,2027-01-26,,Low,0,,0.0
IT-035,2027-01-04,Not Started,0.0,False,0.0,2027-01-26,,Low,1,,0.0
IT-035,2027-01-11,Not Started,0.0,False,0.0,2027-01-26,,Low,0,,0.0
IT-035,2027-01-18,Not Started,0.0,False,0.0,2027-01-26,,Low,1,,0.0
IT-035,2027-01-25,In Progress,92.2,False,0.0,2027-01-26,,Low,0,,125773.0
IT-035,2027-02-01,Completed,100.0,False,1.0,2027-01-27,Design/Technical Issue,Medium,2,2027-01-27,136413.0
IT-035,2027-02-08,Completed,100.0,False,1.0,2027-01-27,Design/Technical Issue,Medium,0,2027-01-27,136413.0
IT-035,2027-02-15,Completed,100.0,False,1.0,2027-01-27,Design/Technical Issue,Medium,0,2027-01-27,136413.0
IT-035,2027-02-22,Completed,100.0,False,1.0,2027-01-27,Design/Technical Issue,Medium,2,2027-01-27,136413.0
IT-036,2026-12-07,Not Started,0.0,False,0.0,2027-01-31,,Low,1,,0.0
IT-036,2026-12-14,Not Started,0.0,False,0.0,2027-01-31,,Low,2,,0.0
IT-036,2026-12-21,Not Started,0.0,False,0.0,2027-01-31,,Low,0,,0.0
IT-036,2026-12-28,Not Started,0.0,False,0.0,2027-01-31,,Low,0,,0.0
IT-036,2027-01-04,Not Started,0.0,False,0.0,2027-01-31,,Low,0,,0.0
IT-036,2027-01-11,Not Started,0.0,False,0.0,2027-01-31,,Low,1,,0.0
IT-036,2027-01-18,Not Started,0.0,False,0.0,2027-01-31,,Low,1,,0.0
IT-036,2027-01-25,Not Started,0.0,False,0.0,2027-01-31,,Low,0,,0.0
IT-036,2027-02-01,In Progress,92.9,False,2.0,2027-02-02,Design/Technical Issue,Medium,0,,53366.0
IT-036,2027-02-08,Completed,100.0,False,7.0,2027-02-07,Design/Technical Issue,Medium,0,2027-02-07,57444.0
IT-036,2027-02-15,Completed,100.0,False,7.0,2027-02-07,Design/Technical Issue,Medium,2,2027-02-07,57444.0
IT-036,2027-02-22,Completed,100.0,False,7.0,2027-02-07,Design/Technical Issue,Medium,0,2027-02-07,57444.0
IT-037,2026-12-07,Not Started,0.0,False,0.0,2027-01-20,,Low,0,,0.0
IT-037,2026-12-14,Not Started,0.0,False,0.0,2027-01-20,,Low,0,,0.0
IT-037,2026-12-21,Not Started,0.0,False,0.0,2027-01-20,,Low,0,,0.0
IT-037,2026-12-28,Not Started,0.0,False,0.0,2027-01-20,,Low,0,,0.0
IT-037,2027-01-04,Not Started,0.0,False,0.0,2027-01-20,,Low,0,,0.0
IT-037,2027-01-11,Not Started,0.0,False,0.0,2027-01-20,,Low,0,,0.0
IT-037,2027-01-18,In Progress,40.0,False,4.0,2027-01-24,Vendor Delay,Medium,2,,13290.0
IT-037,2027-01-25,Completed,100.0,False,5.0,2027-01-25,Vendor Delay,Medium,2,2027-01-25,33224.0
IT-037,2027-02-01,Completed,100.0,False,5.0,2027-01-25,Vendor Delay,Medium,1,2027-01-25,33224.0
IT-037,2027-02-08,Completed,100.0,False,5.0,2027-01-25,Vendor Delay,Medium,0,2027-01-25,33224.0
IT-037,2027-02-15,Completed,100.0,False,5.0,2027-01-25,Vendor Delay,Medium,1,2027-01-25,33224.0
IT-037,2027-02-22,Completed,100.0,False,5.0,2027-01-25,Vendor Delay,Medium,3,2027-01-25,33224.0
IT-038,2026-12-07,Not Started,0.0,False,0.0,2027-01-26,,Low,0,,0.0
IT-038,2026-12-14,Not Started,0.0,False,0.0,2027-01-26,,Low,1,,0.0
IT-038,2026-12-21,Not Started,0.0,False,0.0,2027-01-26,,Low,0,,0.0
IT-038,2026-12-28,Not Started,0.0,False,0.0,2027-01-26,,Low,0,,0.0
IT-038,2027-01-04,Not Started,0.0,False,0.0,2027-01-26,,Low,0,,0.0
IT-038,2027-01-11,In Progress,0.0,False,0.0,2027-01-24,,Low,0,,0.0
IT-038,2027-01-18,In Progress,50.7,False,0.0,2027-01-24,,Low,0,,10682.0
IT-038,2027-01-25,Completed,100.0,False,0.0,2027-01-19,,Low,0,2027-01-19,21069.0
IT-038,2027-02-01,Completed,100.0,False,0.0,2027-01-19,,Low,0,2027-01-19,21069.0
IT-038,2027-02-08,Completed,100.0,False,0.0,2027-01-19,,Low,0,2027-01-19,21069.0
IT-038,2027-02-15,Completed,100.0,False,0.0,2027-01-19,,Low,0,2027-01-19,21069.0
IT-038,2027-02-22,Completed,100.0,False,0.0,2027-01-19,,Low,0,2027-01-19,21069.0
IT-039,2026-12-07,Not Started,0.0,False,0.0,2027-01-30,,Low,0,,0.0
IT-039,2026-12-14,Not Started,0.0,False,0.0,2027-01-30,,Low,0,,0.0
IT-039,2026-12-21,Not Started,0.0,False,0.0,2027-01-30,,Low,0,,0.0
IT-039,2026-12-28,Not Started,0.0,False,0.0,2027-01-30,,Low,0,,0.0
IT-039,2027-01-04,Not Started,0.0,False,0.0,2027-01-30,,Low,0,,0.0
IT-039,2027-01-11,Not Started,0.0,False,0.0,2027-01-30,,Low,0,,0.0
IT-039,2027-01-18,In Progress,0.0,False,0.0,2027-01-28,,Low,0,,0.0
IT-039,2027-01-25,In Progress,74.4,False,0.0,2027-01-28,,Low,0,,18862.0
IT-039,2027-02-01,Completed,100.0,False,2.0,2027-02-01,Scope Change,Medium,0,2027-02-01,25352.0
IT-039,2027-02-08,Completed,100.0,False,2.0,2027-02-01,Scope Change,Medium,2,2027-02-01,25352.0
IT-039,2027-02-15,Completed,100.0,False,2.0,2027-02-01,Scope Change,Medium,4,2027-02-01,25352.0
IT-039,2027-02-22,Completed,100.0,False,2.0,2027-02-01,Scope Change,Medium,2,2027-02-01,25352.0
IT-040,2026-12-07,Not Started,0.0,False,0.0,2027-01-12,,Low,0,,0.0
IT-040,2026-12-14,Not Started,0.0,False,0.0,2027-01-12,,Low,0,,0.0
IT-040,2026-12-21,Not Started,0.0,False,0.0,2027-01-12,,Low,0,,0.0
IT-040,2026-12-28,Not Started,0.0,False,0.0,2027-01-12,,Low,0,,0.0
IT-040,2027-01-04,Not Started,0.0,False,0.0,2027-01-12,,Low,0,,0.0
IT-040,2027-01-11,In Progress,84.4,False,0.0,2027-01-11,,Low,0,,14675.0
IT-040,2027-01-18,Completed,100.0,False,5.0,2027-01-17,Design/Technical Issue,Medium,2,2027-01-17,17388.0
IT-040,2027-01-25,Completed,100.0,False,5.0,2027-01-17,Design/Technical Issue,Medium,1,2027-01-17,17388.0
IT-040,2027-02-01,Completed,100.0,False,5.0,2027-01-17,Design/Technical Issue,Medium,1,2027-01-17,17388.0
IT-040,2027-02-08,Completed,100.0,False,5.0,2027-01-17,Design/Technical Issue,Medium,0,2027-01-17,17388.0
IT-040,2027-02-15,Completed,100.0,False,5.0,2027-01-17,Design/Technical Issue,Medium,0,2027-01-17,17388.0
IT-040,2027-02-22,Completed,100.0,False,5.0,2027-01-17,Design/Technical Issue,Medium,0,2027-01-17,17388.0
IT-041,2026-12-07,Not Started,0.0,False,0.0,2027-02-28,,Low,0,,0.0
IT-041,2026-12-14,Not Started,0.0,False,0.0,2027-02-28,,Low,0,,0.0
IT-041,2026-12-21,Not Started,0.0,False,0.0,2027-02-28,,Low,1,,0.0
IT-041,2026-12-28,Not Started,0.0,False,0.0,2027-02-28,,Low,0,,0.0
IT-041,2027-01-04,Not Started,0.0,False,0.0,2027-02-28,,Low,0,,0.0
IT-041,2027-01-11,Not Started,0.0,False,0.0,2027-02-28,,Low,0,,0.0
IT-041,2027-01-18,Not Started,0.0,False,0.0,2027-02-28,,Low,0,,0.0
IT-041,2027-01-25,Not Started,0.0,False,0.0,2027-02-28,,Low,0,,0.0
IT-041,2027-02-01,Not Started,0.0,False,0.0,2027-02-28,,Low,1,,0.0
IT-041,2027-02-08,Not Started,0.0,False,0.0,2027-02-28,,Low,0,,0.0
IT-041,2027-02-15,Not Started,0.0,False,0.0,2027-02-28,,Low,1,,0.0
IT-041,2027-02-22,In Progress,43.1,False,0.0,2027-02-26,,Low,1,,31737.0
IT-042,2026-12-07,Not Started,0.0,False,0.0,2027-01-21,,Low,0,,0.0
IT-042,2026-12-14,Not Started,0.0,False,0.0,2027-01-21,,Low,0,,0.0
IT-042,2026-12-21,Not Started,0.0,False,0.0,2027-01-21,,Low,0,,0.0
IT-042,2026-12-28,Not Started,0.0,False,0.0,2027-01-21,,Low,0,,0.0
IT-042,2027-01-04,Not Started,0.0,False,0.0,2027-01-21,,Low,0,,0.0
IT-042,2027-01-11,Not Started,0.0,False,0.0,2027-01-21,,Low,0,,0.0
IT-042,2027-01-18,In Progress,0.0,False,0.0,2027-01-21,,Low,0,,0.0
IT-042,2027-01-25,Completed,100.0,False,0.0,2027-01-20,,Low,0,2027-01-20,23244.0
IT-042,2027-02-01,Completed,100.0,False,0.0,2027-01-20,,Low,0,2027-01-20,23244.0
IT-042,2027-02-08,Completed,100.0,False,0.0,2027-01-20,,Low,0,2027-01-20,23244.0
IT-042,2027-02-15,Completed,100.0,False,0.0,2027-01-20,,Low,1,2027-01-20,23244.0
IT-042,2027-02-22,Completed,100.0,False,0.0,2027-01-20,,Low,0,2027-01-20,23244.0
PRC-001,2026-12-07,Not Started,0.0,False,0.0,2026-12-24,,Low,0,,0.0
PRC-001,2026-12-14,In Progress,1.3,False,0.0,2026-12-24,,Low,0,,214.0
PRC-001,2026-12-21,In Progress,60.7,False,0.0,2026-12-24,,Low,0,,10014.0
PRC-001,2026-12-28,Completed,100.0,False,2.0,2026-12-26,Scope Change,Medium,2,2026-12-26,16498.0
PRC-001,2027-01-04,Completed,100.0,False,2.0,2026-12-26,Scope Change,Medium,2,2026-12-26,16498.0
PRC-001,2027-01-11,Completed,100.0,False,2.0,2026-12-26,Scope Change,Medium,0,2026-12-26,16498.0
PRC-001,2027-01-18,Completed,100.0,False,2.0,2026-12-26,Scope Change,Medium,0,2026-12-26,16498.0
PRC-001,2027-01-25,Completed,100.0,False,2.0,2026-12-26,Scope Change,Medium,0,2026-12-26,16498.0
PRC-001,2027-02-01,Completed,100.0,False,2.0,2026-12-26,Scope Change,Medium,1,2026-12-26,16498.0
PRC-001,2027-02-08,Completed,100.0,False,2.0,2026-12-26,Scope Change,Medium,1,2026-12-26,16498.0
PRC-001,2027-02-15,Completed,100.0,False,2.0,2026-12-26,Scope Change,Medium,2,2026-12-26,16498.0
PRC-001,2027-02-22,Completed,100.0,False,2.0,2026-12-26,Scope Change,Medium,4,2026-12-26,16498.0
PRC-002,2026-12-07,Not Started,0.0,False,0.0,2026-12-22,,Low,0,,0.0
PRC-002,2026-12-14,In Progress,25.3,False,0.0,2026-12-22,,Low,3,,9145.0
PRC-002,2026-12-21,In Progress,97.4,False,0.0,2026-12-22,,Low,0,,35206.0
PRC-002,2026-12-28,Completed,100.0,False,1.0,2026-12-23,Resource Shortage,Medium,2,2026-12-23,36146.0
PRC-002,2027-01-04,Completed,100.0,False,1.0,2026-12-23,Resource Shortage,Medium,2,2026-12-23,36146.0
PRC-002,2027-01-11,Completed,100.0,False,1.0,2026-12-23,Resource Shortage,Medium,0,2026-12-23,36146.0
PRC-002,2027-01-18,Completed,100.0,False,1.0,2026-12-23,Resource Shortage,Medium,2,2026-12-23,36146.0
PRC-002,2027-01-25,Completed,100.0,False,1.0,2026-12-23,Resource Shortage,Medium,0,2026-12-23,36146.0
PRC-002,2027-02-01,Completed,100.0,False,1.0,2026-12-23,Resource Shortage,Medium,1,2026-12-23,36146.0
PRC-002,2027-02-08,Completed,100.0,False,1.0,2026-12-23,Resource Shortage,Medium,1,2026-12-23,36146.0
PRC-002,2027-02-15,Completed,100.0,False,1.0,2026-12-23,Resource Shortage,Medium,1,2026-12-23,36146.0
PRC-002,2027-02-22,Completed,100.0,False,1.0,2026-12-23,Resource Shortage,Medium,2,2026-12-23,36146.0
PRC-003,2026-12-07,In Progress,0.0,False,0.0,2026-12-17,,Low,0,,0.0
PRC-003,2026-12-14,In Progress,71.2,False,0.0,2026-12-17,,Low,1,,10608.0
PRC-003,2026-12-21,Completed,100.0,False,0.0,2026-12-15,,Low,0,2026-12-15,14898.0
PRC-003,2026-12-28,Completed,100.0,False,0.0,2026-12-15,,Low,0,2026-12-15,14898.0
PRC-003,2027-01-04,Completed,100.0,False,0.0,2026-12-15,,Low,0,2026-12-15,14898.0
PRC-003,2027-01-11,Completed,100.0,False,0.0,2026-12-15,,Low,1,2026-12-15,14898.0
PRC-003,2027-01-18,Completed,100.0,False,0.0,2026-12-15,,Low,0,2026-12-15,14898.0
PRC-003,2027-01-25,Completed,100.0,False,0.0,2026-12-15,,Low,0,2026-12-15,14898.0
PRC-003,2027-02-01,Completed,100.0,False,0.0,2026-12-15,,Low,0,2026-12-15,14898.0
PRC-003,2027-02-08,Completed,100.0,False,0.0,2026-12-15,,Low,0,2026-12-15,14898.0
PRC-003,2027-02-15,Completed,100.0,False,0.0,2026-12-15,,Low,0,2026-12-15,14898.0
PRC-003,2027-02-22,Completed,100.0,False,0.0,2026-12-15,,Low,1,2026-12-15,14898.0
PRC-004,2026-12-07,Not Started,0.0,False,0.0,2026-12-21,,Low,0,,0.0
PRC-004,2026-12-14,In Progress,32.0,False,1.0,2026-12-22,Resource Shortage,Medium,1,,8159.0
PRC-004,2026-12-21,In Progress,97.5,False,1.0,2026-12-22,Resource Shortage,Medium,0,,24860.0
PRC-004,2026-12-28,Completed,100.0,False,3.0,2026-12-24,Resource Shortage,Medium,1,2026-12-24,25498.0
PRC-004,2027-01-04,Completed,100.0,False,3.0,2026-12-24,Resource Shortage,Medium,0,2026-12-24,25498.0
PRC-004,2027-01-11,Completed,100.0,False,3.0,2026-12-24,Resource Shortage,Medium,1,2026-12-24,25498.0
PRC-004,2027-01-18,Completed,100.0,False,3.0,2026-12-24,Resource Shortage,Medium,0,2026-12-24,25498.0
PRC-004,2027-01-25,Completed,100.0,False,3.0,2026-12-24,Resource Shortage,Medium,2,2026-12-24,25498.0
PRC-004,2027-02-01,Completed,100.0,False,3.0,2026-12-24,Resource Shortage,Medium,1,2026-12-24,25498.0
PRC-004,2027-02-08,Completed,100.0,False,3.0,2026-12-24,Resource Shortage,Medium,1,2026-12-24,25498.0
PRC-004,2027-02-15,Completed,100.0,False,3.0,2026-12-24,Resource Shortage,Medium,0,2026-12-24,25498.0
PRC-004,2027-02-22,Completed,100.0,False,3.0,2026-12-24,Resource Shortage,Medium,1,2026-12-24,25498.0
PRC-005,2026-12-07,Not Started,0.0,False,0.0,2026-12-22,,Low,0,,0.0
PRC-005,2026-12-14,Not Started,0.0,False,0.0,2026-12-22,,Low,0,,0.0
PRC-005,2026-12-21,On Hold,58.3,True,23.0,2027-01-14,Design/Technical Issue,Critical,4,,18782.0
PRC-005,2026-12-28,On Hold,58.3,True,23.0,2027-01-14,Design/Technical Issue,Critical,2,,18782.0
PRC-005,2027-01-04,On Hold,58.3,True,23.0,2027-01-14,Design/Technical Issue,Critical,2,,18782.0
PRC-005,2027-01-11,On Hold,58.3,True,23.0,2027-01-14,Design/Technical Issue,Critical,2,,18782.0
PRC-005,2027-01-18,Completed,100.0,False,24.0,2027-01-15,Design/Technical Issue,High,0,2027-01-15,32216.0
PRC-005,2027-01-25,Completed,100.0,False,24.0,2027-01-15,Design/Technical Issue,High,5,2027-01-15,32216.0
PRC-005,2027-02-01,Completed,100.0,False,24.0,2027-01-15,Design/Technical Issue,High,1,2027-01-15,32216.0
PRC-005,2027-02-08,Completed,100.0,False,24.0,2027-01-15,Design/Technical Issue,High,2,2027-01-15,32216.0
PRC-005,2027-02-15,Completed,100.0,False,24.0,2027-01-15,Design/Technical Issue,High,0,2027-01-15,32216.0
PRC-005,2027-02-22,Completed,100.0,False,24.0,2027-01-15,Design/Technical Issue,High,2,2027-01-15,32216.0
PRC-006,2026-12-07,Not Started,0.0,False,0.0,2026-12-21,,Low,0,,0.0
PRC-006,2026-12-14,In Progress,28.3,False,0.0,2026-12-21,,Low,0,,4420.0
PRC-006,2026-12-21,In Progress,99.7,False,0.0,2026-12-21,,Low,0,,15570.0
PRC-006,2026-12-28,Completed,100.0,False,4.0,2026-12-25,Design/Technical Issue,Medium,0,2026-12-25,15617.0
PRC-006,2027-01-04,Completed,100.0,False,4.0,2026-12-25,Design/Technical Issue,Medium,5,2026-12-25,15617.0
PRC-006,2027-01-11,Completed,100.0,False,4.0,2026-12-25,Design/Technical Issue,Medium,1,2026-12-25,15617.0
PRC-006,2027-01-18,Completed,100.0,False,4.0,2026-12-25,Design/Technical Issue,Medium,1,2026-12-25,15617.0
PRC-006,2027-01-25,Completed,100.0,False,4.0,2026-12-25,Design/Technical Issue,Medium,4,2026-12-25,15617.0
PRC-006,2027-02-01,Completed,100.0,False,4.0,2026-12-25,Design/Technical Issue,Medium,2,2026-12-25,15617.0
PRC-006,2027-02-08,Completed,100.0,False,4.0,2026-12-25,Design/Technical Issue,Medium,1,2026-12-25,15617.0
PRC-006,2027-02-15,Completed,100.0,False,4.0,2026-12-25,Design/Technical Issue,Medium,1,2026-12-25,15617.0
PRC-006,2027-02-22,Completed,100.0,False,4.0,2026-12-25,Design/Technical Issue,Medium,3,2026-12-25,15617.0
PRC-007,2026-12-07,Not Started,0.0,False,0.0,2026-12-25,,Low,1,,0.0
PRC-007,2026-12-14,Not Started,0.0,False,0.0,2026-12-25,,Low,1,,0.0
PRC-007,2026-12-21,In Progress,57.2,False,0.0,2026-12-24,,Low,0,,48798.0
PRC-007,2026-12-28,Completed,100.0,False,0.0,2026-12-23,,Low,0,2026-12-23,85311.0
PRC-007,2027-01-04,Completed,100.0,False,0.0,2026-12-23,,Low,1,2026-12-23,85311.0
PRC-007,2027-01-11,Completed,100.0,False,0.0,2026-12-23,,Low,1,2026-12-23,85311.0
PRC-007,2027-01-18,Completed,100.0,False,0.0,2026-12-23,,Low,2,2026-12-23,85311.0
PRC-007,2027-01-25,Completed,100.0,False,0.0,2026-12-23,,Low,0,2026-12-23,85311.0
PRC-007,2027-02-01,Completed,100.0,False,0.0,2026-12-23,,Low,1,2026-12-23,85311.0
PRC-007,2027-02-08,Completed,100.0,False,0.0,2026-12-23,,Low,0,2026-12-23,85311.0
PRC-007,2027-02-15,Completed,100.0,False,0.0,2026-12-23,,Low,1,2026-12-23,85311.0
PRC-007,2027-02-22,Completed,100.0,False,0.0,2026-12-23,,Low,0,2026-12-23,85311.0
PRC-008,2026-12-07,Not Started,0.0,False,0.0,2027-01-02,,Low,1,,0.0
PRC-008,2026-12-14,In Progress,7.6,False,0.0,2027-01-02,,Low,0,,806.0
PRC-008,2026-12-21,In Progress,44.8,False,0.0,2027-01-02,,Low,0,,4749.0
PRC-008,2026-12-28,In Progress,85.7,False,0.0,2027-01-02,,Low,1,,9085.0
PRC-008,2027-01-04,Completed,100.0,False,0.0,2027-01-02,,Low,0,2027-01-02,10600.0
PRC-008,2027-01-11,Completed,100.0,False,0.0,2027-01-02,,Low,0,2027-01-02,10600.0
PRC-008,2027-01-18,Completed,100.0,False,0.0,2027-01-02,,Low,2,2027-01-02,10600.0
PRC-008,2027-01-25,Completed,100.0,False,0.0,2027-01-02,,Low,1,2027-01-02,10600.0
PRC-008,2027-02-01,Completed,100.0,False,0.0,2027-01-02,,Low,1,2027-01-02,10600.0
PRC-008,2027-02-08,Completed,100.0,False,0.0,2027-01-02,,Low,0,2027-01-02,10600.0
PRC-008,2027-02-15,Completed,100.0,False,0.0,2027-01-02,,Low,0,2027-01-02,10600.0
PRC-008,2027-02-22,Completed,100.0,False,0.0,2027-01-02,,Low,0,2027-01-02,10600.0
PRC-009,2026-12-07,In Progress,0.0,False,13.0,2027-01-01,Design/Technical Issue,High,3,,0.0
PRC-009,2026-12-14,In Progress,17.9,False,13.0,2027-01-01,Design/Technical Issue,High,2,,1898.0
PRC-009,2026-12-21,In Progress,55.8,False,13.0,2027-01-01,Design/Technical Issue,High,0,,5916.0
PRC-009,2026-12-28,In Progress,90.4,False,13.0,2027-01-01,Design/Technical Issue,High,3,,9584.0
PRC-009,2027-01-04,Completed,100.0,False,10.0,2026-12-29,Design/Technical Issue,High,1,2026-12-29,10601.0
PRC-009,2027-01-11,Completed,100.0,False,10.0,2026-12-29,Design/Technical Issue,High,3,2026-12-29,10601.0
PRC-009,2027-01-18,Completed,100.0,False,10.0,2026-12-29,Design/Technical Issue,High,4,2026-12-29,10601.0
PRC-009,2027-01-25,Completed,100.0,False,10.0,2026-12-29,Design/Technical Issue,High,2,2026-12-29,10601.0
PRC-009,2027-02-01,Completed,100.0,False,10.0,2026-12-29,Design/Technical Issue,High,1,2026-12-29,10601.0
PRC-009,2027-02-08,Completed,100.0,False,10.0,2026-12-29,Design/Technical Issue,High,3,2026-12-29,10601.0
PRC-009,2027-02-15,Completed,100.0,False,10.0,2026-12-29,Design/Technical Issue,High,3,2026-12-29,10601.0
PRC-009,2027-02-22,Completed,100.0,False,10.0,2026-12-29,Design/Technical Issue,High,2,2026-12-29,10601.0
PRC-010,2026-12-07,Not Started,0.0,False,0.0,2026-12-26,,Low,1,,0.0
PRC-010,2026-12-14,In Progress,0.0,False,1.0,2026-12-27,Resource Shortage,Medium,1,,0.0
PRC-010,2026-12-21,In Progress,55.4,False,1.0,2026-12-27,Resource Shortage,Medium,4,,10480.0
PRC-010,2026-12-28,Completed,100.0,False,0.0,2026-12-25,,Low,0,2026-12-25,18918.0
PRC-010,2027-01-04,Completed,100.0,False,0.0,2026-12-25,,Low,1,2026-12-25,18918.0
PRC-010,2027-01-11,Completed,100.0,False,0.0,2026-12-25,,Low,0,2026-12-25,18918.0
PRC-010,2027-01-18,Completed,100.0,False,0.0,2026-12-25,,Low,0,2026-12-25,18918.0
PRC-010,2027-01-25,Completed,100.0,False,0.0,2026-12-25,,Low,0,2026-12-25,18918.0
PRC-010,2027-02-01,Completed,100.0,False,0.0,2026-12-25,,Low,0,2026-12-25,18918.0
PRC-010,2027-02-08,Completed,100.0,False,0.0,2026-12-25,,Low,0,2026-12-25,18918.0
PRC-010,2027-02-15,Completed,100.0,False,0.0,2026-12-25,,Low,1,2026-12-25,18918.0
PRC-010,2027-02-22,Completed,100.0,False,0.0,2026-12-25,,Low,1,2026-12-25,18918.0
PRC-011,2026-12-07,Not Started,0.0,False,0.0,2026-12-30,,Low,0,,0.0
PRC-011,2026-12-14,Not Started,0.0,False,0.0,2026-12-30,,Low,0,,0.0
PRC-011,2026-12-21,In Progress,7.0,False,11.0,2027-01-10,Resource Shortage,High,2,,5582.0
PRC-011,2026-12-28,In Progress,41.7,False,11.0,2027-01-10,Resource Shortage,High,2,,33253.0
PRC-011,2027-01-04,In Progress,81.8,False,11.0,2027-01-10,Resource Shortage,High,2,,65229.0
PRC-011,2027-01-11,Completed,100.0,False,10.0,2027-01-09,Resource Shortage,High,1,2027-01-09,79742.0
PRC-011,2027-01-18,Completed,100.0,False,10.0,2027-01-09,Resource Shortage,High,1,2027-01-09,79742.0
PRC-011,2027-01-25,Completed,100.0,False,10.0,2027-01-09,Resource Shortage,High,2,2027-01-09,79742.0
PRC-011,2027-02-01,Completed,100.0,False,10.0,2027-01-09,Resource Shortage,High,1,2027-01-09,79742.0
PRC-011,2027-02-08,Completed,100.0,False,10.0,2027-01-09,Resource Shortage,High,3,2027-01-09,79742.0
PRC-011,2027-02-15,Completed,100.0,False,10.0,2027-01-09,Resource Shortage,High,1,2027-01-09,79742.0
PRC-011,2027-02-22,Completed,100.0,False,10.0,2027-01-09,Resource Shortage,High,1,2027-01-09,79742.0
PRC-012,2026-12-07,In Progress,0.0,False,0.0,2026-12-17,,Low,1,,0.0
PRC-012,2026-12-14,In Progress,74.5,False,0.0,2026-12-17,,Low,0,,30929.0
PRC-012,2026-12-21,Completed,100.0,False,2.0,2026-12-19,Resource Shortage,Medium,1,2026-12-19,41516.0
PRC-012,2026-12-28,Completed,100.0,False,2.0,2026-12-19,Resource Shortage,Medium,0,2026-12-19,41516.0
PRC-012,2027-01-04,Completed,100.0,False,2.0,2026-12-19,Resource Shortage,Medium,2,2026-12-19,41516.0
PRC-012,2027-01-11,Completed,100.0,False,2.0,2026-12-19,Resource Shortage,Medium,0,2026-12-19,41516.0
PRC-012,2027-01-18,Completed,100.0,False,2.0,2026-12-19,Resource Shortage,Medium,0,2026-12-19,41516.0
PRC-012,2027-01-25,Completed,100.0,False,2.0,2026-12-19,Resource Shortage,Medium,1,2026-12-19,41516.0
PRC-012,2027-02-01,Completed,100.0,False,2.0,2026-12-19,Resource Shortage,Medium,1,2026-12-19,41516.0
PRC-012,2027-02-08,Completed,100.0,False,2.0,2026-12-19,Resource Shortage,Medium,1,2026-12-19,41516.0
PRC-012,2027-02-15,Completed,100.0,False,2.0,2026-12-19,Resource Shortage,Medium,2,2026-12-19,41516.0
PRC-012,2027-02-22,Completed,100.0,False,2.0,2026-12-19,Resource Shortage,Medium,1,2026-12-19,41516.0
PRC-013,2026-12-07,Not Started,0.0,False,0.0,2027-01-08,,Low,0,,0.0
PRC-013,2026-12-14,Not Started,0.0,False,0.0,2027-01-08,,Low,0,,0.0
PRC-013,2026-12-21,Not Started,0.0,False,0.0,2027-01-08,,Low,0,,0.0
PRC-013,2026-12-28,In Progress,11.8,False,25.0,2027-02-02,Vendor Delay,High,1,,1741.0
PRC-013,2027-01-04,On Hold,60.5,True,25.0,2027-02-02,Vendor Delay,Critical,3,,8928.0
PRC-013,2027-01-11,On Hold,60.5,True,25.0,2027-02-02,Vendor Delay,Critical,2,,8928.0
PRC-013,2027-01-18,On Hold,60.5,True,25.0,2027-02-02,Vendor Delay,Critical,4,,8928.0
PRC-013,2027-01-25,On Hold,60.5,True,25.0,2027-02-02,Vendor Delay,Critical,1,,8928.0
PRC-013,2027-02-01,In Progress,98.5,False,25.0,2027-02-02,Vendor Delay,High,1,,14535.0
PRC-013,2027-02-08,Completed,100.0,False,31.0,2027-02-08,Vendor Delay,High,2,2027-02-08,14756.0
PRC-013,2027-02-15,Completed,100.0,False,31.0,2027-02-08,Vendor Delay,High,3,2027-02-08,14756.0
PRC-013,2027-02-22,Completed,100.0,False,31.0,2027-02-08,Vendor Delay,High,1,2027-02-08,14756.0
PRC-014,2026-12-07,Not Started,0.0,False,0.0,2027-01-10,,Low,1,,0.0
PRC-014,2026-12-14,Not Started,0.0,False,0.0,2027-01-10,,Low,1,,0.0
PRC-014,2026-12-21,In Progress,10.6,False,0.0,2027-01-09,,Low,0,,1512.0
PRC-014,2026-12-28,In Progress,47.9,False,0.0,2027-01-09,,Low,0,,6832.0
PRC-014,2027-01-04,In Progress,86.5,False,0.0,2027-01-09,,Low,0,,12337.0
PRC-014,2027-01-11,Completed,100.0,False,0.0,2027-01-07,,Low,0,2027-01-07,14263.0
PRC-014,2027-01-18,Completed,100.0,False,0.0,2027-01-07,,Low,0,2027-01-07,14263.0
PRC-014,2027-01-25,Completed,100.0,False,0.0,2027-01-07,,Low,1,2027-01-07,14263.0
PRC-014,2027-02-01,Completed,100.0,False,0.0,2027-01-07,,Low,0,2027-01-07,14263.0
PRC-014,2027-02-08,Completed,100.0,False,0.0,2027-01-07,,Low,0,2027-01-07,14263.0
PRC-014,2027-02-15,Completed,100.0,False,0.0,2027-01-07,,Low,0,2027-01-07,14263.0
PRC-014,2027-02-22,Completed,100.0,False,0.0,2027-01-07,,Low,1,2027-01-07,14263.0
PRC-015,2026-12-07,In Progress,0.0,False,2.0,2026-12-26,Design/Technical Issue,Medium,2,,0.0
PRC-015,2026-12-14,In Progress,28.2,False,2.0,2026-12-26,Design/Technical Issue,Medium,0,,19950.0
PRC-015,2026-12-21,In Progress,78.5,False,2.0,2026-12-26,Design/Technical Issue,Medium,1,,55536.0
PRC-015,2026-12-28,Completed,100.0,False,0.0,2026-12-23,,Low,0,2026-12-23,70746.0
PRC-015,2027-01-04,Completed,100.0,False,0.0,2026-12-23,,Low,0,2026-12-23,70746.0
PRC-015,2027-01-11,Completed,100.0,False,0.0,2026-12-23,,Low,0,2026-12-23,70746.0
PRC-015,2027-01-18,Completed,100.0,False,0.0,2026-12-23,,Low,0,2026-12-23,70746.0
PRC-015,2027-01-25,Completed,100.0,False,0.0,2026-12-23,,Low,0,2026-12-23,70746.0
PRC-015,2027-02-01,Completed,100.0,False,0.0,2026-12-23,,Low,0,2026-12-23,70746.0
PRC-015,2027-02-08,Completed,100.0,False,0.0,2026-12-23,,Low,2,2026-12-23,70746.0
PRC-015,2027-02-15,Completed,100.0,False,0.0,2026-12-23,,Low,0,2026-12-23,70746.0
PRC-015,2027-02-22,Completed,100.0,False,0.0,2026-12-23,,Low,1,2026-12-23,70746.0
PRC-016,2026-12-07,Not Started,0.0,False,0.0,2026-12-31,,Low,0,,0.0
PRC-016,2026-12-14,In Progress,16.1,False,25.0,2027-01-25,Vendor Delay,High,2,,7656.0
PRC-016,2026-12-21,On Hold,32.6,True,25.0,2027-01-25,Vendor Delay,Critical,2,,15503.0
PRC-016,2026-12-28,On Hold,32.6,True,25.0,2027-01-25,Vendor Delay,Critical,5,,15503.0
PRC-016,2027-01-04,On Hold,32.6,True,25.0,2027-01-25,Vendor Delay,Critical,2,,15503.0
PRC-016,2027-01-11,In Progress,32.6,False,25.0,2027-01-25,Vendor Delay,High,4,,15503.0
PRC-016,2027-01-18,In Progress,75.6,False,25.0,2027-01-25,Vendor Delay,High,2,,35952.0
PRC-016,2027-01-25,In Progress,99.8,False,25.0,2027-01-25,Vendor Delay,High,1,,47460.0
PRC-016,2027-02-01,Completed,100.0,False,27.0,2027-01-27,Vendor Delay,High,3,2027-01-27,47555.0
PRC-016,2027-02-08,Completed,100.0,False,27.0,2027-01-27,Vendor Delay,High,6,2027-01-27,47555.0
PRC-016,2027-02-15,Completed,100.0,False,27.0,2027-01-27,Vendor Delay,High,3,2027-01-27,47555.0
PRC-016,2027-02-22,Completed,100.0,False,27.0,2027-01-27,Vendor Delay,High,1,2027-01-27,47555.0
PRC-017,2026-12-07,Not Started,0.0,False,0.0,2027-01-10,,Low,0,,0.0
PRC-017,2026-12-14,Not Started,0.0,False,0.0,2027-01-10,,Low,0,,0.0
PRC-017,2026-12-21,Not Started,0.0,False,0.0,2027-01-10,,Low,0,,0.0
PRC-017,2026-12-28,Not Started,0.0,False,0.0,2027-01-10,,Low,0,,0.0
PRC-017,2027-01-04,In Progress,52.0,False,0.0,2027-01-09,,Low,0,,4046.0
PRC-017,2027-01-11,Completed,100.0,False,0.0,2027-01-10,,Low,0,2027-01-10,7780.0
PRC-017,2027-01-18,Completed,100.0,False,0.0,2027-01-10,,Low,0,2027-01-10,7780.0
PRC-017,2027-01-25,Completed,100.0,False,0.0,2027-01-10,,Low,2,2027-01-10,7780.0
PRC-017,2027-02-01,Completed,100.0,False,0.0,2027-01-10,,Low,0,2027-01-10,7780.0
PRC-017,2027-02-08,Completed,100.0,False,0.0,2027-01-10,,Low,0,2027-01-10,7780.0
PRC-017,2027-02-15,Completed,100.0,False,0.0,2027-01-10,,Low,0,2027-01-10,7780.0
PRC-017,2027-02-22,Completed,100.0,False,0.0,2027-01-10,,Low,0,2027-01-10,7780.0
PRC-018,2026-12-07,Not Started,0.0,False,0.0,2027-01-14,,Low,1,,0.0
PRC-018,2026-12-14,Not Started,0.0,False,0.0,2027-01-14,,Low,0,,0.0
PRC-018,2026-12-21,Not Started,0.0,False,0.0,2027-01-14,,Low,1,,0.0
PRC-018,2026-12-28,In Progress,0.4,False,0.0,2027-01-14,,Low,1,,59.0
PRC-018,2027-01-04,In Progress,16.6,False,0.0,2027-01-14,,Low,0,,2457.0
PRC-018,2027-01-11,In Progress,78.1,False,0.0,2027-01-14,,Low,0,,11560.0
PRC-018,2027-01-18,Completed,100.0,False,0.0,2027-01-12,,Low,0,2027-01-12,14802.0
PRC-018,2027-01-25,Completed,100.0,False,0.0,2027-01-12,,Low,0,2027-01-12,14802.0
PRC-018,2027-02-01,Completed,100.0,False,0.0,2027-01-12,,Low,1,2027-01-12,14802.0
PRC-018,2027-02-08,Completed,100.0,False,0.0,2027-01-12,,Low,0,2027-01-12,14802.0
PRC-018,2027-02-15,Completed,100.0,False,0.0,2027-01-12,,Low,0,2027-01-12,14802.0
PRC-018,2027-02-22,Completed,100.0,False,0.0,2027-01-12,,Low,0,2027-01-12,14802.0
PRC-019,2026-12-07,In Progress,0.0,False,0.0,2026-12-17,,Low,1,,0.0
PRC-019,2026-12-14,In Progress,52.1,False,0.0,2026-12-17,,Low,0,,9398.0
PRC-019,2026-12-21,Completed,100.0,False,2.0,2026-12-19,Vendor Delay,Medium,1,2026-12-19,18038.0
PRC-019,2026-12-28,Completed,100.0,False,2.0,2026-12-19,Vendor Delay,Medium,0,2026-12-19,18038.0
PRC-019,2027-01-04,Completed,100.0,False,2.0,2026-12-19,Vendor Delay,Medium,0,2026-12-19,18038.0
PRC-019,2027-01-11,Completed,100.0,False,2.0,2026-12-19,Vendor Delay,Medium,2,2026-12-19,18038.0
PRC-019,2027-01-18,Completed,100.0,False,2.0,2026-12-19,Vendor Delay,Medium,2,2026-12-19,18038.0
PRC-019,2027-01-25,Completed,100.0,False,2.0,2026-12-19,Vendor Delay,Medium,2,2026-12-19,18038.0
PRC-019,2027-02-01,Completed,100.0,False,2.0,2026-12-19,Vendor Delay,Medium,1,2026-12-19,18038.0
PRC-019,2027-02-08,Completed,100.0,False,2.0,2026-12-19,Vendor Delay,Medium,2,2026-12-19,18038.0
PRC-019,2027-02-15,Completed,100.0,False,2.0,2026-12-19,Vendor Delay,Medium,0,2026-12-19,18038.0
PRC-019,2027-02-22,Completed,100.0,False,2.0,2026-12-19,Vendor Delay,Medium,0,2026-12-19,18038.0
PRC-020,2026-12-07,Not Started,0.0,False,0.0,2026-12-19,,Low,1,,0.0
PRC-020,2026-12-14,In Progress,0.0,False,0.0,2026-12-19,,Low,0,,0.0
PRC-020,2026-12-21,Completed,100.0,False,0.0,2026-12-18,,Low,1,2026-12-18,29309.0
PRC-020,2026-12-28,Completed,100.0,False,0.0,2026-12-18,,Low,1,2026-12-18,29309.0
PRC-020,2027-01-04,Completed,100.0,False,0.0,2026-12-18,,Low,0,2026-12-18,29309.0
PRC-020,2027-01-11,Completed,100.0,False,0.0,2026-12-18,,Low,0,2026-12-18,29309.0
PRC-020,2027-01-18,Completed,100.0,False,0.0,2026-12-18,,Low,2,2026-12-18,29309.0
PRC-020,2027-01-25,Completed,100.0,False,0.0,2026-12-18,,Low,0,2026-12-18,29309.0
PRC-020,2027-02-01,Completed,100.0,False,0.0,2026-12-18,,Low,1,2026-12-18,29309.0
PRC-020,2027-02-08,Completed,100.0,False,0.0,2026-12-18,,Low,0,2026-12-18,29309.0
PRC-020,2027-02-15,Completed,100.0,False,0.0,2026-12-18,,Low,0,2026-12-18,29309.0
PRC-020,2027-02-22,Completed,100.0,False,0.0,2026-12-18,,Low,1,2026-12-18,29309.0
PRC-021,2026-12-07,Not Started,0.0,False,0.0,2027-01-02,,Low,0,,0.0
PRC-021,2026-12-14,Not Started,0.0,False,0.0,2027-01-02,,Low,0,,0.0
PRC-021,2026-12-21,In Progress,21.4,False,0.0,2027-01-01,,Low,0,,2183.0
PRC-021,2026-12-28,In Progress,80.5,False,0.0,2027-01-01,,Low,0,,8212.0
PRC-021,2027-01-04,Completed,100.0,False,1.0,2027-01-03,Vendor Delay,Medium,2,2027-01-03,10201.0
PRC-021,2027-01-11,Completed,100.0,False,1.0,2027-01-03,Vendor Delay,Medium,0,2027-01-03,10201.0
PRC-021,2027-01-18,Completed,100.0,False,1.0,2027-01-03,Vendor Delay,Medium,2,2027-01-03,10201.0
PRC-021,2027-01-25,Completed,100.0,False,1.0,2027-01-03,Vendor Delay,Medium,2,2027-01-03,10201.0
PRC-021,2027-02-01,Completed,100.0,False,1.0,2027-01-03,Vendor Delay,Medium,2,2027-01-03,10201.0
PRC-021,2027-02-08,Completed,100.0,False,1.0,2027-01-03,Vendor Delay,Medium,3,2027-01-03,10201.0
PRC-021,2027-02-15,Completed,100.0,False,1.0,2027-01-03,Vendor Delay,Medium,1,2027-01-03,10201.0
PRC-021,2027-02-22,Completed,100.0,False,1.0,2027-01-03,Vendor Delay,Medium,1,2027-01-03,10201.0
PRC-022,2026-12-07,In Progress,0.0,False,0.0,2026-12-15,,Low,0,,0.0
PRC-022,2026-12-14,In Progress,90.1,False,0.0,2026-12-15,,Low,2,,61334.0
PRC-022,2026-12-21,Completed,100.0,False,0.0,2026-12-15,,Low,0,2026-12-15,68073.0
PRC-022,2026-12-28,Completed,100.0,False,0.0,2026-12-15,,Low,0,2026-12-15,68073.0
PRC-022,2027-01-04,Completed,100.0,False,0.0,2026-12-15,,Low,1,2026-12-15,68073.0
PRC-022,2027-01-11,Completed,100.0,False,0.0,2026-12-15,,Low,0,2026-12-15,68073.0
PRC-022,2027-01-18,Completed,100.0,False,0.0,2026-12-15,,Low,0,2026-12-15,68073.0
PRC-022,2027-01-25,Completed,100.0,False,0.0,2026-12-15,,Low,1,2026-12-15,68073.0
PRC-022,2027-02-01,Completed,100.0,False,0.0,2026-12-15,,Low,0,2026-12-15,68073.0
PRC-022,2027-02-08,Completed,100.0,False,0.0,2026-12-15,,Low,1,2026-12-15,68073.0
PRC-022,2027-02-15,Completed,100.0,False,0.0,2026-12-15,,Low,0,2026-12-15,68073.0
PRC-022,2027-02-22,Completed,100.0,False,0.0,2026-12-15,,Low,0,2026-12-15,68073.0
PRC-023,2026-12-07,Not Started,0.0,False,0.0,2026-12-27,,Low,0,,0.0
PRC-023,2026-12-14,Not Started,0.0,False,0.0,2026-12-27,,Low,0,,0.0
PRC-023,2026-12-21,In Progress,37.2,False,0.0,2026-12-26,,Low,1,,5768.0
PRC-023,2026-12-28,Completed,100.0,False,0.0,2026-12-22,,Low,2,2026-12-22,15505.0
PRC-023,2027-01-04,Completed,100.0,False,0.0,2026-12-22,,Low,0,2026-12-22,15505.0
PRC-023,2027-01-11,Completed,100.0,False,0.0,2026-12-22,,Low,0,2026-12-22,15505.0
PRC-023,2027-01-18,Completed,100.0,False,0.0,2026-12-22,,Low,0,2026-12-22,15505.0
PRC-023,2027-01-25,Completed,100.0,False,0.0,2026-12-22,,Low,0,2026-12-22,15505.0
PRC-023,2027-02-01,Completed,100.0,False,0.0,2026-12-22,,Low,0,2026-12-22,15505.0
PRC-023,2027-02-08,Completed,100.0,False,0.0,2026-12-22,,Low,0,2026-12-22,15505.0
PRC-023,2027-02-15,Completed,100.0,False,0.0,2026-12-22,,Low,0,2026-12-22,15505.0
PRC-023,2027-02-22,Completed,100.0,False,0.0,2026-12-22,,Low,0,2026-12-22,15505.0
PRC-024,2026-12-07,Not Started,0.0,False,0.0,2027-01-01,,Low,0,,0.0
PRC-024,2026-12-14,Not Started,0.0,False,0.0,2027-01-01,,Low,0,,0.0
PRC-024,2026-12-21,In Progress,26.1,False,0.0,2027-01-01,,Low,1,,21596.0
PRC-024,2026-12-28,In Progress,81.5,False,0.0,2027-01-01,,Low,0,,67437.0
PRC-024,2027-01-04,Completed,100.0,False,3.0,2027-01-04,Vendor Delay,Medium,0,2027-01-04,82744.0
PRC-024,2027-01-11,Completed,100.0,False,3.0,2027-01-04,Vendor Delay,Medium,3,2027-01-04,82744.0
PRC-024,2027-01-18,Completed,100.0,False,3.0,2027-01-04,Vendor Delay,Medium,1,2027-01-04,82744.0
PRC-024,2027-01-25,Completed,100.0,False,3.0,2027-01-04,Vendor Delay,Medium,1,2027-01-04,82744.0
PRC-024,2027-02-01,Completed,100.0,False,3.0,2027-01-04,Vendor Delay,Medium,1,2027-01-04,82744.0
PRC-024,2027-02-08,Completed,100.0,False,3.0,2027-01-04,Vendor Delay,Medium,0,2027-01-04,82744.0
PRC-024,2027-02-15,Completed,100.0,False,3.0,2027-01-04,Vendor Delay,Medium,0,2027-01-04,82744.0
PRC-024,2027-02-22,Completed,100.0,False,3.0,2027-01-04,Vendor Delay,Medium,0,2027-01-04,82744.0
PRC-025,2026-12-07,Not Started,0.0,False,0.0,2027-01-26,,Low,0,,0.0
PRC-025,2026-12-14,Not Started,0.0,False,0.0,2027-01-26,,Low,0,,0.0
PRC-025,2026-12-21,Not Started,0.0,False,0.0,2027-01-26,,Low,0,,0.0
PRC-025,2026-12-28,Not Started,0.0,False,0.0,2027-01-26,,Low,0,,0.0
PRC-025,2027-01-04,Not Started,0.0,False,0.0,2027-01-26,,Low,0,,0.0
PRC-025,2027-01-11,In Progress,16.9,False,1.0,2027-01-27,Vendor Delay,Medium,0,,15826.0
PRC-025,2027-01-18,In Progress,59.8,False,1.0,2027-01-27,Vendor Delay,Medium,2,,55999.0
PRC-025,2027-01-25,In Progress,95.4,False,1.0,2027-01-27,Vendor Delay,Medium,4,,89336.0
PRC-025,2027-02-01,Completed,100.0,False,0.0,2027-01-26,,Low,0,2027-01-26,93643.0
PRC-025,2027-02-08,Completed,100.0,False,0.0,2027-01-26,,Low,0,2027-01-26,93643.0
PRC-025,2027-02-15,Completed,100.0,False,0.0,2027-01-26,,Low,0,2027-01-26,93643.0
PRC-025,2027-02-22,Completed,100.0,False,0.0,2027-01-26,,Low,0,2027-01-26,93643.0
PRC-026,2026-12-07,Not Started,0.0,False,0.0,2026-12-25,,Low,0,,0.0
PRC-026,2026-12-14,Not Started,0.0,False,0.0,2026-12-25,,Low,0,,0.0
PRC-026,2026-12-21,On Hold,9.1,True,15.0,2027-01-09,Resource Shortage,Critical,1,,11786.0
PRC-026,2026-12-28,On Hold,9.1,True,15.0,2027-01-09,Resource Shortage,Critical,6,,11786.0
PRC-026,2027-01-04,In Progress,45.0,False,15.0,2027-01-09,Resource Shortage,High,1,,58283.0
PRC-026,2027-01-11,Completed,100.0,False,14.0,2027-01-08,Resource Shortage,High,3,2027-01-08,129518.0
PRC-026,2027-01-18,Completed,100.0,False,14.0,2027-01-08,Resource Shortage,High,1,2027-01-08,129518.0
PRC-026,2027-01-25,Completed,100.0,False,14.0,2027-01-08,Resource Shortage,High,1,2027-01-08,129518.0
PRC-026,2027-02-01,Completed,100.0,False,14.0,2027-01-08,Resource Shortage,High,1,2027-01-08,129518.0
PRC-026,2027-02-08,Completed,100.0,False,14.0,2027-01-08,Resource Shortage,High,1,2027-01-08,129518.0
PRC-026,2027-02-15,Completed,100.0,False,14.0,2027-01-08,Resource Shortage,High,2,2027-01-08,129518.0
PRC-026,2027-02-22,Completed,100.0,False,14.0,2027-01-08,Resource Shortage,High,2,2027-01-08,129518.0
PRC-027,2026-12-07,Not Started,0.0,False,0.0,2027-01-05,,Low,0,,0.0
PRC-027,2026-12-14,In Progress,0.0,False,2.0,2027-01-07,Scope Change,Medium,3,,0.0
PRC-027,2026-12-21,In Progress,20.3,False,2.0,2027-01-07,Scope Change,Medium,3,,2194.0
PRC-027,2026-12-28,In Progress,61.8,False,2.0,2027-01-07,Scope Change,Medium,2,,6679.0
PRC-027,2027-01-04,In Progress,95.3,False,2.0,2027-01-07,Scope Change,Medium,3,,10300.0
PRC-027,2027-01-11,Completed,100.0,False,0.0,2027-01-05,,Low,0,2027-01-05,10807.0
PRC-027,2027-01-18,Completed,100.0,False,0.0,2027-01-05,,Low,2,2027-01-05,10807.0
PRC-027,2027-01-25,Completed,100.0,False,0.0,2027-01-05,,Low,0,2027-01-05,10807.0
PRC-027,2027-02-01,Completed,100.0,False,0.0,2027-01-05,,Low,0,2027-01-05,10807.0
PRC-027,2027-02-08,Completed,100.0,False,0.0,2027-01-05,,Low,1,2027-01-05,10807.0
PRC-027,2027-02-15,Completed,100.0,False,0.0,2027-01-05,,Low,0,2027-01-05,10807.0
PRC-027,2027-02-22,Completed,100.0,False,0.0,2027-01-05,,Low,1,2027-01-05,10807.0
PRC-028,2026-12-07,Not Started,0.0,False,0.0,2027-01-12,,Low,0,,0.0
PRC-028,2026-12-14,Not Started,0.0,False,0.0,2027-01-12,,Low,0,,0.0
PRC-028,2026-12-21,In Progress,0.0,False,0.0,2027-01-11,,Low,0,,0.0
PRC-028,2026-12-28,In Progress,24.9,False,0.0,2027-01-11,,Low,0,,32398.0
PRC-028,2027-01-04,In Progress,72.0,False,0.0,2027-01-11,,Low,0,,93682.0
PRC-028,2027-01-11,In Progress,99.8,False,0.0,2027-01-11,,Low,0,,129854.0
PRC-028,2027-01-18,Completed,100.0,False,5.0,2027-01-17,Vendor Delay,Medium,0,2027-01-17,130114.0
PRC-028,2027-01-25,Completed,100.0,False,5.0,2027-01-17,Vendor Delay,Medium,1,2027-01-17,130114.0
PRC-028,2027-02-01,Completed,100.0,False,5.0,2027-01-17,Vendor Delay,Medium,0,2027-01-17,130114.0
PRC-028,2027-02-08,Completed,100.0,False,5.0,2027-01-17,Vendor Delay,Medium,1,2027-01-17,130114.0
PRC-028,2027-02-15,Completed,100.0,False,5.0,2027-01-17,Vendor Delay,Medium,0,2027-01-17,130114.0
PRC-028,2027-02-22,Completed,100.0,False,5.0,2027-01-17,Vendor Delay,Medium,1,2027-01-17,130114.0
PRC-029,2026-12-07,Not Started,0.0,False,0.0,2027-01-20,,Low,1,,0.0
PRC-029,2026-12-14,Not Started,0.0,False,0.0,2027-01-20,,Low,1,,0.0
PRC-029,2026-12-21,Not Started,0.0,False,0.0,2027-01-20,,Low,1,,0.0
PRC-029,2026-12-28,Not Started,0.0,False,0.0,2027-01-20,,Low,0,,0.0
PRC-029,2027-01-04,Not Started,0.0,False,0.0,2027-01-20,,Low,0,,0.0
PRC-029,2027-01-11,In Progress,40.2,False,0.0,2027-01-18,,Low,1,,3424.0
PRC-029,2027-01-18,In Progress,99.0,False,0.0,2027-01-18,,Low,0,,8433.0
PRC-029,2027-01-25,Completed,100.0,False,1.0,2027-01-21,Scope Change,Medium,1,2027-01-21,8518.0
PRC-029,2027-02-01,Completed,100.0,False,1.0,2027-01-21,Scope Change,Medium,1,2027-01-21,8518.0
PRC-029,2027-02-08,Completed,100.0,False,1.0,2027-01-21,Scope Change,Medium,0,2027-01-21,8518.0
PRC-029,2027-02-15,Completed,100.0,False,1.0,2027-01-21,Scope Change,Medium,0,2027-01-21,8518.0
PRC-029,2027-02-22,Completed,100.0,False,1.0,2027-01-21,Scope Change,Medium,2,2027-01-21,8518.0
PRC-030,2026-12-07,Not Started,0.0,False,0.0,2027-01-10,,Low,0,,0.0
PRC-030,2026-12-14,Not Started,0.0,False,0.0,2027-01-10,,Low,0,,0.0
PRC-030,2026-12-21,Not Started,0.0,False,0.0,2027-01-10,,Low,0,,0.0
PRC-030,2026-12-28,Not Started,0.0,False,0.0,2027-01-10,,Low,0,,0.0
PRC-030,2027-01-04,In Progress,46.0,False,0.0,2027-01-10,,Low,0,,51424.0
PRC-030,2027-01-11,Completed,100.0,False,1.0,2027-01-11,Vendor Delay,Medium,0,2027-01-11,111792.0
PRC-030,2027-01-18,Completed,100.0,False,1.0,2027-01-11,Vendor Delay,Medium,1,2027-01-11,111792.0
PRC-030,2027-01-25,Completed,100.0,False,1.0,2027-01-11,Vendor Delay,Medium,2,2027-01-11,111792.0
PRC-030,2027-02-01,Completed,100.0,False,1.0,2027-01-11,Vendor Delay,Medium,0,2027-01-11,111792.0
PRC-030,2027-02-08,Completed,100.0,False,1.0,2027-01-11,Vendor Delay,Medium,1,2027-01-11,111792.0
PRC-030,2027-02-15,Completed,100.0,False,1.0,2027-01-11,Vendor Delay,Medium,1,2027-01-11,111792.0
PRC-030,2027-02-22,Completed,100.0,False,1.0,2027-01-11,Vendor Delay,Medium,0,2027-01-11,111792.0
PRC-031,2026-12-07,Not Started,0.0,False,0.0,2027-01-10,,Low,0,,0.0
PRC-031,2026-12-14,Not Started,0.0,False,0.0,2027-01-10,,Low,1,,0.0
PRC-031,2026-12-21,Not Started,0.0,False,0.0,2027-01-10,,Low,0,,0.0
PRC-031,2026-12-28,Not Started,0.0,False,0.0,2027-01-10,,Low,0,,0.0
PRC-031,2027-01-04,In Progress,15.6,False,11.0,2027-01-21,Vendor Delay,High,5,,17959.0
PRC-031,2027-01-11,In Progress,56.3,False,11.0,2027-01-21,Vendor Delay,High,0,,64814.0
PRC-031,2027-01-18,In Progress,92.6,False,11.0,2027-01-21,Vendor Delay,High,3,,106603.0
PRC-031,2027-01-25,Completed,100.0,False,12.0,2027-01-22,Vendor Delay,High,2,2027-01-22,115122.0
PRC-031,2027-02-01,Completed,100.0,False,12.0,2027-01-22,Vendor Delay,High,1,2027-01-22,115122.0
PRC-031,2027-02-08,Completed,100.0,False,12.0,2027-01-22,Vendor Delay,High,0,2027-01-22,115122.0
PRC-031,2027-02-15,Completed,100.0,False,12.0,2027-01-22,Vendor Delay,High,4,2027-01-22,115122.0
PRC-031,2027-02-22,Completed,100.0,False,12.0,2027-01-22,Vendor Delay,High,1,2027-01-22,115122.0
PRC-032,2026-12-07,Not Started,0.0,False,0.0,2027-01-15,,Low,0,,0.0
PRC-032,2026-12-14,Not Started,0.0,False,0.0,2027-01-15,,Low,1,,0.0
PRC-032,2026-12-21,Not Started,0.0,False,0.0,2027-01-15,,Low,1,,0.0
PRC-032,2026-12-28,In Progress,13.4,False,25.0,2027-02-09,Design/Technical Issue,High,1,,5170.0
PRC-032,2027-01-04,On Hold,38.3,True,25.0,2027-02-09,Design/Technical Issue,Critical,7,,14776.0
PRC-032,2027-01-11,On Hold,38.3,True,25.0,2027-02-09,Design/Technical Issue,Critical,4,,14776.0
PRC-032,2027-01-18,On Hold,38.3,True,25.0,2027-02-09,Design/Technical Issue,Critical,3,,14776.0
PRC-032,2027-01-25,In Progress,38.3,False,25.0,2027-02-09,Design/Technical Issue,High,2,,14776.0
PRC-032,2027-02-01,In Progress,77.0,False,25.0,2027-02-09,Design/Technical Issue,High,3,,29706.0
PRC-032,2027-02-08,In Progress,99.5,False,25.0,2027-02-09,Design/Technical Issue,High,2,,38387.0
PRC-032,2027-02-15,Completed,100.0,False,29.0,2027-02-13,Design/Technical Issue,High,1,2027-02-13,38580.0
PRC-032,2027-02-22,Completed,100.0,False,29.0,2027-02-13,Design/Technical Issue,High,3,2027-02-13,38580.0
SEC-001,2026-12-07,Not Started,0.0,False,0.0,2027-01-16,,Low,1,,0.0
SEC-001,2026-12-14,Not Started,0.0,False,0.0,2027-01-16,,Low,0,,0.0
SEC-001,2026-12-21,Not Started,0.0,False,0.0,2027-01-16,,Low,0,,0.0
SEC-001,2026-12-28,Not Started,0.0,False,0.0,2027-01-16,,Low,1,,0.0
SEC-001,2027-01-04,Not Started,0.0,False,0.0,2027-01-16,,Low,1,,0.0
SEC-001,2027-01-11,In Progress,58.4,False,0.0,2027-01-14,,Low,0,,6072.0
SEC-001,2027-01-18,Completed,100.0,False,0.0,2027-01-15,,Low,1,2027-01-15,10397.0
SEC-001,2027-01-25,Completed,100.0,False,0.0,2027-01-15,,Low,0,2027-01-15,10397.0
SEC-001,2027-02-01,Completed,100.0,False,0.0,2027-01-15,,Low,0,2027-01-15,10397.0
SEC-001,2027-02-08,Completed,100.0,False,0.0,2027-01-15,,Low,0,2027-01-15,10397.0
SEC-001,2027-02-15,Completed,100.0,False,0.0,2027-01-15,,Low,0,2027-01-15,10397.0
SEC-001,2027-02-22,Completed,100.0,False,0.0,2027-01-15,,Low,0,2027-01-15,10397.0
SEC-002,2026-12-07,Not Started,0.0,False,0.0,2027-01-02,,Low,0,,0.0
SEC-002,2026-12-14,Not Started,0.0,False,0.0,2027-01-02,,Low,0,,0.0
SEC-002,2026-12-21,In Progress,0.0,False,0.0,2027-01-01,,Low,0,,0.0
SEC-002,2026-12-28,In Progress,24.7,False,0.0,2027-01-01,,Low,0,,5317.0
SEC-002,2027-01-04,Completed,100.0,False,0.0,2026-12-30,,Low,0,2026-12-30,21528.0
SEC-002,2027-01-11,Completed,100.0,False,0.0,2026-12-30,,Low,1,2026-12-30,21528.0
SEC-002,2027-01-18,Completed,100.0,False,0.0,2026-12-30,,Low,0,2026-12-30,21528.0
SEC-002,2027-01-25,Completed,100.0,False,0.0,2026-12-30,,Low,0,2026-12-30,21528.0
SEC-002,2027-02-01,Completed,100.0,False,0.0,2026-12-30,,Low,0,2026-12-30,21528.0
SEC-002,2027-02-08,Completed,100.0,False,0.0,2026-12-30,,Low,0,2026-12-30,21528.0
SEC-002,2027-02-15,Completed,100.0,False,0.0,2026-12-30,,Low,0,2026-12-30,21528.0
SEC-002,2027-02-22,Completed,100.0,False,0.0,2026-12-30,,Low,0,2026-12-30,21528.0
SEC-003,2026-12-07,Not Started,0.0,False,0.0,2027-01-12,,Low,0,,0.0
SEC-003,2026-12-14,Not Started,0.0,False,0.0,2027-01-12,,Low,1,,0.0
SEC-003,2026-12-21,Not Started,0.0,False,0.0,2027-01-12,,Low,0,,0.0
SEC-003,2026-12-28,In Progress,2.3,False,0.0,2027-01-11,,Low,0,,1215.0
SEC-003,2027-01-04,In Progress,35.5,False,0.0,2027-01-11,,Low,0,,18760.0
SEC-003,2027-01-11,In Progress,98.1,False,0.0,2027-01-11,,Low,0,,51840.0
SEC-003,2027-01-18,Completed,100.0,False,1.0,2027-01-13,Scope Change,Medium,0,2027-01-13,52844.0
SEC-003,2027-01-25,Completed,100.0,False,1.0,2027-01-13,Scope Change,Medium,0,2027-01-13,52844.0
SEC-003,2027-02-01,Completed,100.0,False,1.0,2027-01-13,Scope Change,Medium,1,2027-01-13,52844.0
SEC-003,2027-02-08,Completed,100.0,False,1.0,2027-01-13,Scope Change,Medium,2,2027-01-13,52844.0
SEC-003,2027-02-15,Completed,100.0,False,1.0,2027-01-13,Scope Change,Medium,0,2027-01-13,52844.0
SEC-003,2027-02-22,Completed,100.0,False,1.0,2027-01-13,Scope Change,Medium,1,2027-01-13,52844.0
SEC-004,2026-12-07,Not Started,0.0,False,0.0,2026-12-31,,Low,0,,0.0
SEC-004,2026-12-14,Not Started,0.0,False,0.0,2026-12-31,,Low,0,,0.0
SEC-004,2026-12-21,Not Started,0.0,False,0.0,2026-12-31,,Low,0,,0.0
SEC-004,2026-12-28,In Progress,0.0,False,0.0,2026-12-31,,Low,1,,0.0
SEC-004,2027-01-04,Completed,100.0,False,2.0,2027-01-02,Resource Shortage,Medium,1,2027-01-02,18564.0
SEC-004,2027-01-11,Completed,100.0,False,2.0,2027-01-02,Resource Shortage,Medium,2,2027-01-02,18564.0
SEC-004,2027-01-18,Completed,100.0,False,2.0,2027-01-02,Resource Shortage,Medium,2,2027-01-02,18564.0
SEC-004,2027-01-25,Completed,100.0,False,2.0,2027-01-02,Resource Shortage,Medium,2,2027-01-02,18564.0
SEC-004,2027-02-01,Completed,100.0,False,2.0,2027-01-02,Resource Shortage,Medium,0,2027-01-02,18564.0
SEC-004,2027-02-08,Completed,100.0,False,2.0,2027-01-02,Resource Shortage,Medium,1,2027-01-02,18564.0
SEC-004,2027-02-15,Completed,100.0,False,2.0,2027-01-02,Resource Shortage,Medium,0,2027-01-02,18564.0
SEC-004,2027-02-22,Completed,100.0,False,2.0,2027-01-02,Resource Shortage,Medium,0,2027-01-02,18564.0
SEC-005,2026-12-07,Not Started,0.0,False,0.0,2027-01-01,,Low,0,,0.0
SEC-005,2026-12-14,Not Started,0.0,False,0.0,2027-01-01,,Low,0,,0.0
SEC-005,2026-12-21,Not Started,0.0,False,0.0,2027-01-01,,Low,0,,0.0
SEC-005,2026-12-28,In Progress,54.2,False,0.0,2027-01-01,,Low,0,,42188.0
SEC-005,2027-01-04,Completed,100.0,False,1.0,2027-01-02,Vendor Delay,Medium,3,2027-01-02,77838.0
SEC-005,2027-01-11,Completed,100.0,False,1.0,2027-01-02,Vendor Delay,Medium,1,2027-01-02,77838.0
SEC-005,2027-01-18,Completed,100.0,False,1.0,2027-01-02,Vendor Delay,Medium,1,2027-01-02,77838.0
SEC-005,2027-01-25,Completed,100.0,False,1.0,2027-01-02,Vendor Delay,Medium,2,2027-01-02,77838.0
SEC-005,2027-02-01,Completed,100.0,False,1.0,2027-01-02,Vendor Delay,Medium,0,2027-01-02,77838.0
SEC-005,2027-02-08,Completed,100.0,False,1.0,2027-01-02,Vendor Delay,Medium,0,2027-01-02,77838.0
SEC-005,2027-02-15,Completed,100.0,False,1.0,2027-01-02,Vendor Delay,Medium,0,2027-01-02,77838.0
SEC-005,2027-02-22,Completed,100.0,False,1.0,2027-01-02,Vendor Delay,Medium,1,2027-01-02,77838.0
SEC-006,2026-12-07,Not Started,0.0,False,0.0,2027-01-24,,Low,0,,0.0
SEC-006,2026-12-14,Not Started,0.0,False,0.0,2027-01-24,,Low,0,,0.0
SEC-006,2026-12-21,Not Started,0.0,False,0.0,2027-01-24,,Low,0,,0.0
SEC-006,2026-12-28,Not Started,0.0,False,0.0,2027-01-24,,Low,0,,0.0
SEC-006,2027-01-04,In Progress,6.7,False,28.0,2027-02-21,Resource Shortage,High,3,,4852.0
SEC-006,2027-01-11,In Progress,40.4,False,28.0,2027-02-21,Resource Shortage,High,1,,29257.0
SEC-006,2027-01-18,On Hold,46.3,True,28.0,2027-02-21,Resource Shortage,Critical,3,,33529.0
SEC-006,2027-01-25,On Hold,46.3,True,28.0,2027-02-21,Resource Shortage,Critical,1,,33529.0
SEC-006,2027-02-01,On Hold,46.3,True,28.0,2027-02-21,Resource Shortage,Critical,1,,33529.0
SEC-006,2027-02-08,In Progress,46.3,False,28.0,2027-02-21,Resource Shortage,High,4,,33529.0
SEC-006,2027-02-15,In Progress,84.7,False,28.0,2027-02-21,Resource Shortage,High,0,,61337.0
SEC-006,2027-02-22,Completed,100.0,False,24.0,2027-02-17,Resource Shortage,High,1,2027-02-17,72417.0
SEC-007,2026-12-07,Not Started,0.0,False,0.0,2027-01-13,,Low,0,,0.0
SEC-007,2026-12-14,Not Started,0.0,False,0.0,2027-01-13,,Low,0,,0.0
SEC-007,2026-12-21,Not Started,0.0,False,0.0,2027-01-13,,Low,0,,0.0
SEC-007,2026-12-28,Not Started,0.0,False,0.0,2027-01-13,,Low,1,,0.0
SEC-007,2027-01-04,On Hold,16.1,True,29.0,2027-02-11,Vendor Delay,Critical,4,,6527.0
SEC-007,2027-01-11,On Hold,16.1,True,29.0,2027-02-11,Vendor Delay,Critical,2,,6527.0
SEC-007,2027-01-18,On Hold,16.1,True,29.0,2027-02-11,Vendor Delay,Critical,6,,6527.0
SEC-007,2027-01-25,On Hold,16.1,True,29.0,2027-02-11,Vendor Delay,Critical,3,,6527.0
SEC-007,2027-02-01,In Progress,23.8,False,29.0,2027-02-11,Vendor Delay,High,0,,9648.0
SEC-007,2027-02-08,In Progress,85.6,False,29.0,2027-02-11,Vendor Delay,High,2,,34700.0
SEC-007,2027-02-15,Completed,100.0,False,27.0,2027-02-09,Vendor Delay,High,3,2027-02-09,40538.0
SEC-007,2027-02-22,Completed,100.0,False,27.0,2027-02-09,Vendor Delay,High,6,2027-02-09,40538.0
SEC-008,2026-12-07,Not Started,0.0,False,0.0,2027-01-23,,Low,0,,0.0
SEC-008,2026-12-14,Not Started,0.0,False,0.0,2027-01-23,,Low,0,,0.0
SEC-008,2026-12-21,Not Started,0.0,False,0.0,2027-01-23,,Low,0,,0.0
SEC-008,2026-12-28,Not Started,0.0,False,0.0,2027-01-23,,Low,0,,0.0
SEC-008,2027-01-04,Not Started,0.0,False,0.0,2027-01-23,,Low,1,,0.0
SEC-008,2027-01-11,Not Started,0.0,False,0.0,2027-01-23,,Low,0,,0.0
SEC-008,2027-01-18,In Progress,58.0,False,0.0,2027-01-22,,Low,0,,16879.0
SEC-008,2027-01-25,Completed,100.0,False,0.0,2027-01-22,,Low,0,2027-01-22,29102.0
SEC-008,2027-02-01,Completed,100.0,False,0.0,2027-01-22,,Low,0,2027-01-22,29102.0
SEC-008,2027-02-08,Completed,100.0,False,0.0,2027-01-22,,Low,1,2027-01-22,29102.0
SEC-008,2027-02-15,Completed,100.0,False,0.0,2027-01-22,,Low,0,2027-01-22,29102.0
SEC-008,2027-02-22,Completed,100.0,False,0.0,2027-01-22,,Low,0,2027-01-22,29102.0
SEC-009,2026-12-07,Not Started,0.0,False,0.0,2027-01-09,,Low,0,,0.0
SEC-009,2026-12-14,Not Started,0.0,False,0.0,2027-01-09,,Low,0,,0.0
SEC-009,2026-12-21,Not Started,0.0,False,0.0,2027-01-09,,Low,1,,0.0
SEC-009,2026-12-28,Not Started,0.0,False,0.0,2027-01-09,,Low,0,,0.0
SEC-009,2027-01-04,In Progress,13.1,False,0.0,2027-01-08,,Low,0,,4525.0
SEC-009,2027-01-11,Completed,100.0,False,0.0,2027-01-08,,Low,0,2027-01-08,34544.0
SEC-009,2027-01-18,Completed,100.0,False,0.0,2027-01-08,,Low,0,2027-01-08,34544.0
SEC-009,2027-01-25,Completed,100.0,False,0.0,2027-01-08,,Low,1,2027-01-08,34544.0
SEC-009,2027-02-01,Completed,100.0,False,0.0,2027-01-08,,Low,0,2027-01-08,34544.0
SEC-009,2027-02-08,Completed,100.0,False,0.0,2027-01-08,,Low,0,2027-01-08,34544.0
SEC-009,2027-02-15,Completed,100.0,False,0.0,2027-01-08,,Low,0,2027-01-08,34544.0
SEC-009,2027-02-22,Completed,100.0,False,0.0,2027-01-08,,Low,0,2027-01-08,34544.0
SEC-010,2026-12-07,Not Started,0.0,False,0.0,2027-01-25,,Low,0,,0.0
SEC-010,2026-12-14,Not Started,0.0,False,0.0,2027-01-25,,Low,0,,0.0
SEC-010,2026-12-21,Not Started,0.0,False,0.0,2027-01-25,,Low,2,,0.0
SEC-010,2026-12-28,Not Started,0.0,False,0.0,2027-01-25,,Low,0,,0.0
SEC-010,2027-01-04,Not Started,0.0,False,0.0,2027-01-25,,Low,0,,0.0
SEC-010,2027-01-11,Not Started,0.0,False,0.0,2027-01-25,,Low,0,,0.0
SEC-010,2027-01-18,In Progress,18.1,False,1.0,2027-01-26,Vendor Delay,Medium,1,,9460.0
SEC-010,2027-01-25,In Progress,97.5,False,1.0,2027-01-26,Vendor Delay,Medium,2,,50956.0
SEC-010,2027-02-01,Completed,100.0,False,3.0,2027-01-28,Vendor Delay,Medium,0,2027-01-28,52263.0
SEC-010,2027-02-08,Completed,100.0,False,3.0,2027-01-28,Vendor Delay,Medium,0,2027-01-28,52263.0
SEC-010,2027-02-15,Completed,100.0,False,3.0,2027-01-28,Vendor Delay,Medium,1,2027-01-28,52263.0
SEC-010,2027-02-22,Completed,100.0,False,3.0,2027-01-28,Vendor Delay,Medium,1,2027-01-28,52263.0
SEC-011,2026-12-07,Not Started,0.0,False,0.0,2027-01-01,,Low,0,,0.0
SEC-011,2026-12-14,Not Started,0.0,False,0.0,2027-01-01,,Low,1,,0.0
SEC-011,2026-12-21,Not Started,0.0,False,0.0,2027-01-01,,Low,0,,0.0
SEC-011,2026-12-28,On Hold,5.0,True,25.0,2027-01-26,Resource Shortage,Critical,1,,2202.0
SEC-011,2027-01-04,On Hold,5.0,True,25.0,2027-01-26,Resource Shortage,Critical,1,,2202.0
SEC-011,2027-01-11,On Hold,5.0,True,25.0,2027-01-26,Resource Shortage,Critical,6,,2202.0
SEC-011,2027-01-18,On Hold,5.0,True,25.0,2027-01-26,Resource Shortage,Critical,4,,2202.0
SEC-011,2027-01-25,In Progress,90.7,False,25.0,2027-01-26,Resource Shortage,High,3,,39949.0
SEC-011,2027-02-01,Completed,100.0,False,25.0,2027-01-26,Resource Shortage,High,0,2027-01-26,44045.0
SEC-011,2027-02-08,Completed,100.0,False,25.0,2027-01-26,Resource Shortage,High,1,2027-01-26,44045.0
SEC-011,2027-02-15,Completed,100.0,False,25.0,2027-01-26,Resource Shortage,High,2,2027-01-26,44045.0
SEC-011,2027-02-22,Completed,100.0,False,25.0,2027-01-26,Resource Shortage,High,2,2027-01-26,44045.0
SEC-012,2026-12-07,Not Started,0.0,False,0.0,2027-01-29,,Low,0,,0.0
SEC-012,2026-12-14,Not Started,0.0,False,0.0,2027-01-29,,Low,0,,0.0
SEC-012,2026-12-21,Not Started,0.0,False,0.0,2027-01-29,,Low,0,,0.0
SEC-012,2026-12-28,Not Started,0.0,False,0.0,2027-01-29,,Low,0,,0.0
SEC-012,2027-01-04,Not Started,0.0,False,0.0,2027-01-29,,Low,0,,0.0
SEC-012,2027-01-11,Not Started,0.0,False,0.0,2027-01-29,,Low,1,,0.0
SEC-012,2027-01-18,In Progress,4.9,False,8.0,2027-02-06,Resource Shortage,High,0,,583.0
SEC-012,2027-01-25,In Progress,41.9,False,8.0,2027-02-06,Resource Shortage,High,0,,4985.0
SEC-012,2027-02-01,In Progress,85.3,False,8.0,2027-02-06,Resource Shortage,High,2,,10147.0
SEC-012,2027-02-08,Completed,100.0,False,5.0,2027-02-03,Resource Shortage,Medium,2,2027-02-03,11896.0
SEC-012,2027-02-15,Completed,100.0,False,5.0,2027-02-03,Resource Shortage,Medium,4,2027-02-03,11896.0
SEC-012,2027-02-22,Completed,100.0,False,5.0,2027-02-03,Resource Shortage,Medium,1,2027-02-03,11896.0
SEC-013,2026-12-07,Not Started,0.0,False,0.0,2027-01-24,,Low,1,,0.0
SEC-013,2026-12-14,Not Started,0.0,False,0.0,2027-01-24,,Low,0,,0.0
SEC-013,2026-12-21,Not Started,0.0,False,0.0,2027-01-24,,Low,1,,0.0
SEC-013,2026-12-28,Not Started,0.0,False,0.0,2027-01-24,,Low,0,,0.0
SEC-013,2027-01-04,Not Started,0.0,False,0.0,2027-01-24,,Low,1,,0.0
SEC-013,2027-01-11,Not Started,0.0,False,0.0,2027-01-24,,Low,0,,0.0
SEC-013,2027-01-18,In Progress,5.9,False,0.0,2027-01-23,,Low,0,,3024.0
SEC-013,2027-01-25,Completed,100.0,False,0.0,2027-01-19,,Low,0,2027-01-19,51260.0
SEC-013,2027-02-01,Completed,100.0,False,0.0,2027-01-19,,Low,0,2027-01-19,51260.0
SEC-013,2027-02-08,Completed,100.0,False,0.0,2027-01-19,,Low,0,2027-01-19,51260.0
SEC-013,2027-02-15,Completed,100.0,False,0.0,2027-01-19,,Low,0,2027-01-19,51260.0
SEC-013,2027-02-22,Completed,100.0,False,0.0,2027-01-19,,Low,1,2027-01-19,51260.0
SEC-014,2026-12-07,Not Started,0.0,False,0.0,2027-01-19,,Low,0,,0.0
SEC-014,2026-12-14,Not Started,0.0,False,0.0,2027-01-19,,Low,0,,0.0
SEC-014,2026-12-21,Not Started,0.0,False,0.0,2027-01-19,,Low,0,,0.0
SEC-014,2026-12-28,Not Started,0.0,False,0.0,2027-01-19,,Low,0,,0.0
SEC-014,2027-01-04,Not Started,0.0,False,0.0,2027-01-19,,Low,1,,0.0
SEC-014,2027-01-11,Not Started,0.0,False,0.0,2027-01-19,,Low,1,,0.0
SEC-014,2027-01-18,In Progress,86.5,False,0.0,2027-01-18,,Low,0,,10466.0
SEC-014,2027-01-25,Completed,100.0,False,5.0,2027-01-24,Scope Change,Medium,0,2027-01-24,12099.0
SEC-014,2027-02-01,Completed,100.0,False,5.0,2027-01-24,Scope Change,Medium,1,2027-01-24,12099.0
SEC-014,2027-02-08,Completed,100.0,False,5.0,2027-01-24,Scope Change,Medium,2,2027-01-24,12099.0
SEC-014,2027-02-15,Completed,100.0,False,5.0,2027-01-24,Scope Change,Medium,1,2027-01-24,12099.0
SEC-014,2027-02-22,Completed,100.0,False,5.0,2027-01-24,Scope Change,Medium,1,2027-01-24,12099.0
SEC-015,2026-12-07,Not Started,0.0,False,0.0,2027-02-07,,Low,0,,0.0
SEC-015,2026-12-14,Not Started,0.0,False,0.0,2027-02-07,,Low,0,,0.0
SEC-015,2026-12-21,Not Started,0.0,False,0.0,2027-02-07,,Low,1,,0.0
SEC-015,2026-12-28,Not Started,0.0,False,0.0,2027-02-07,,Low,1,,0.0
SEC-015,2027-01-04,Not Started,0.0,False,0.0,2027-02-07,,Low,1,,0.0
SEC-015,2027-01-11,Not Started,0.0,False,0.0,2027-02-07,,Low,0,,0.0
SEC-015,2027-01-18,Not Started,0.0,False,0.0,2027-02-07,,Low,0,,0.0
SEC-015,2027-01-25,Not Started,0.0,False,0.0,2027-02-07,,Low,1,,0.0
SEC-015,2027-02-01,In Progress,39.6,False,0.0,2027-02-07,,Low,0,,2260.0
SEC-015,2027-02-08,Completed,100.0,False,0.0,2027-02-02,,Low,0,2027-02-02,5706.0
SEC-015,2027-02-15,Completed,100.0,False,0.0,2027-02-02,,Low,0,2027-02-02,5706.0
SEC-015,2027-02-22,Completed,100.0,False,0.0,2027-02-02,,Low,0,2027-02-02,5706.0
SEC-016,2026-12-07,Not Started,0.0,False,0.0,2027-01-16,,Low,0,,0.0
SEC-016,2026-12-14,Not Started,0.0,False,0.0,2027-01-16,,Low,0,,0.0
SEC-016,2026-12-21,Not Started,0.0,False,0.0,2027-01-16,,Low,2,,0.0
SEC-016,2026-12-28,Not Started,0.0,False,0.0,2027-01-16,,Low,0,,0.0
SEC-016,2027-01-04,In Progress,0.0,False,1.0,2027-01-17,Resource Shortage,Medium,1,,0.0
SEC-016,2027-01-11,In Progress,52.3,False,1.0,2027-01-17,Resource Shortage,Medium,0,,5297.0
SEC-016,2027-01-18,Completed,100.0,False,0.0,2027-01-14,,Low,0,2027-01-14,10129.0
SEC-016,2027-01-25,Completed,100.0,False,0.0,2027-01-14,,Low,1,2027-01-14,10129.0
SEC-016,2027-02-01,Completed,100.0,False,0.0,2027-01-14,,Low,0,2027-01-14,10129.0
SEC-016,2027-02-08,Completed,100.0,False,0.0,2027-01-14,,Low,0,2027-01-14,10129.0
SEC-016,2027-02-15,Completed,100.0,False,0.0,2027-01-14,,Low,0,2027-01-14,10129.0
SEC-016,2027-02-22,Completed,100.0,False,0.0,2027-01-14,,Low,0,2027-01-14,10129.0
SEC-017,2026-12-07,Not Started,0.0,False,0.0,2027-02-04,,Low,0,,0.0
SEC-017,2026-12-14,Not Started,0.0,False,0.0,2027-02-04,,Low,0,,0.0
SEC-017,2026-12-21,Not Started,0.0,False,0.0,2027-02-04,,Low,1,,0.0
SEC-017,2026-12-28,Not Started,0.0,False,0.0,2027-02-04,,Low,0,,0.0
SEC-017,2027-01-04,Not Started,0.0,False,0.0,2027-02-04,,Low,0,,0.0
SEC-017,2027-01-11,Not Started,0.0,False,0.0,2027-02-04,,Low,0,,0.0
SEC-017,2027-01-18,Not Started,0.0,False,0.0,2027-02-04,,Low,0,,0.0
SEC-017,2027-01-25,Not Started,0.0,False,0.0,2027-02-04,,Low,0,,0.0
SEC-017,2027-02-01,In Progress,69.1,False,0.0,2027-02-03,,Low,1,,49293.0
SEC-017,2027-02-08,Completed,100.0,False,4.0,2027-02-08,Permit/Regulatory Delay,Medium,0,2027-02-08,71335.0
SEC-017,2027-02-15,Completed,100.0,False,4.0,2027-02-08,Permit/Regulatory Delay,Medium,1,2027-02-08,71335.0
SEC-017,2027-02-22,Completed,100.0,False,4.0,2027-02-08,Permit/Regulatory Delay,Medium,3,2027-02-08,71335.0
SEC-018,2026-12-07,Not Started,0.0,False,0.0,2027-01-11,,Low,1,,0.0
SEC-018,2026-12-14,Not Started,0.0,False,0.0,2027-01-11,,Low,1,,0.0
SEC-018,2026-12-21,Not Started,0.0,False,0.0,2027-01-11,,Low,1,,0.0
SEC-018,2026-12-28,Not Started,0.0,False,0.0,2027-01-11,,Low,1,,0.0
SEC-018,2027-01-04,Not Started,0.0,False,0.0,2027-01-11,,Low,1,,0.0
SEC-018,2027-01-11,In Progress,99.9,False,0.0,2027-01-11,,Low,0,,25720.0
SEC-018,2027-01-18,Completed,100.0,False,5.0,2027-01-16,Design/Technical Issue,Medium,0,2027-01-16,25746.0
SEC-018,2027-01-25,Completed,100.0,False,5.0,2027-01-16,Design/Technical Issue,Medium,0,2027-01-16,25746.0
SEC-018,2027-02-01,Completed,100.0,False,5.0,2027-01-16,Design/Technical Issue,Medium,0,2027-01-16,25746.0
SEC-018,2027-02-08,Completed,100.0,False,5.0,2027-01-16,Design/Technical Issue,Medium,0,2027-01-16,25746.0
SEC-018,2027-02-15,Completed,100.0,False,5.0,2027-01-16,Design/Technical Issue,Medium,1,2027-01-16,25746.0
SEC-018,2027-02-22,Completed,100.0,False,5.0,2027-01-16,Design/Technical Issue,Medium,3,2027-01-16,25746.0
SEC-019,2026-12-07,Not Started,0.0,False,0.0,2027-02-05,,Low,0,,0.0
SEC-019,2026-12-14,Not Started,0.0,False,0.0,2027-02-05,,Low,0,,0.0
SEC-019,2026-12-21,Not Started,0.0,False,0.0,2027-02-05,,Low,0,,0.0
SEC-019,2026-12-28,Not Started,0.0,False,0.0,2027-02-05,,Low,0,,0.0
SEC-019,2027-01-04,Not Started,0.0,False,0.0,2027-02-05,,Low,0,,0.0
SEC-019,2027-01-11,Not Started,0.0,False,0.0,2027-02-05,,Low,0,,0.0
SEC-019,2027-01-18,Not Started,0.0,False,0.0,2027-02-05,,Low,0,,0.0
SEC-019,2027-01-25,In Progress,0.0,False,0.0,2027-02-05,,Low,0,,0.0
SEC-019,2027-02-01,In Progress,65.5,False,0.0,2027-02-05,,Low,0,,43265.0
SEC-019,2027-02-08,Completed,100.0,False,0.0,2027-02-04,,Low,0,2027-02-04,66054.0
SEC-019,2027-02-15,Completed,100.0,False,0.0,2027-02-04,,Low,0,2027-02-04,66054.0
SEC-019,2027-02-22,Completed,100.0,False,0.0,2027-02-04,,Low,0,2027-02-04,66054.0
SEC-020,2026-12-07,Not Started,0.0,False,0.0,2027-01-29,,Low,0,,0.0
SEC-020,2026-12-14,Not Started,0.0,False,0.0,2027-01-29,,Low,0,,0.0
SEC-020,2026-12-21,Not Started,0.0,False,0.0,2027-01-29,,Low,0,,0.0
SEC-020,2026-12-28,Not Started,0.0,False,0.0,2027-01-29,,Low,0,,0.0
SEC-020,2027-01-04,Not Started,0.0,False,0.0,2027-01-29,,Low,0,,0.0
SEC-020,2027-01-11,Not Started,0.0,False,0.0,2027-01-29,,Low,1,,0.0
SEC-020,2027-01-18,Not Started,0.0,False,0.0,2027-01-29,,Low,0,,0.0
SEC-020,2027-01-25,In Progress,13.4,False,6.0,2027-02-04,Scope Change,Medium,0,,4607.0
SEC-020,2027-02-01,In Progress,86.0,False,6.0,2027-02-04,Scope Change,Medium,1,,29567.0
SEC-020,2027-02-08,Completed,100.0,False,8.0,2027-02-06,Scope Change,High,2,2027-02-06,34380.0
SEC-020,2027-02-15,Completed,100.0,False,8.0,2027-02-06,Scope Change,High,3,2027-02-06,34380.0
SEC-020,2027-02-22,Completed,100.0,False,8.0,2027-02-06,Scope Change,High,3,2027-02-06,34380.0
SEC-021,2026-12-07,Not Started,0.0,False,0.0,2027-01-13,,Low,0,,0.0
SEC-021,2026-12-14,Not Started,0.0,False,0.0,2027-01-13,,Low,0,,0.0
SEC-021,2026-12-21,Not Started,0.0,False,0.0,2027-01-13,,Low,0,,0.0
SEC-021,2026-12-28,Not Started,0.0,False,0.0,2027-01-13,,Low,1,,0.0
SEC-021,2027-01-04,Not Started,0.0,False,0.0,2027-01-13,,Low,0,,0.0
SEC-021,2027-01-11,In Progress,89.2,False,0.0,2027-01-12,,Low,0,,16383.0
SEC-021,2027-01-18,Completed,100.0,False,3.0,2027-01-16,Scope Change,Medium,2,2027-01-16,18366.0
SEC-021,2027-01-25,Completed,100.0,False,3.0,2027-01-16,Scope Change,Medium,1,2027-01-16,18366.0
SEC-021,2027-02-01,Completed,100.0,False,3.0,2027-01-16,Scope Change,Medium,1,2027-01-16,18366.0
SEC-021,2027-02-08,Completed,100.0,False,3.0,2027-01-16,Scope Change,Medium,1,2027-01-16,18366.0
SEC-021,2027-02-15,Completed,100.0,False,3.0,2027-01-16,Scope Change,Medium,5,2027-01-16,18366.0
SEC-021,2027-02-22,Completed,100.0,False,3.0,2027-01-16,Scope Change,Medium,2,2027-01-16,18366.0
SEC-022,2026-12-07,Not Started,0.0,False,0.0,2027-02-01,,Low,0,,0.0
SEC-022,2026-12-14,Not Started,0.0,False,0.0,2027-02-01,,Low,0,,0.0
SEC-022,2026-12-21,Not Started,0.0,False,0.0,2027-02-01,,Low,0,,0.0
SEC-022,2026-12-28,Not Started,0.0,False,0.0,2027-02-01,,Low,0,,0.0
SEC-022,2027-01-04,Not Started,0.0,False,0.0,2027-02-01,,Low,1,,0.0
SEC-022,2027-01-11,Not Started,0.0,False,0.0,2027-02-01,,Low,0,,0.0
SEC-022,2027-01-18,Not Started,0.0,False,0.0,2027-02-01,,Low,0,,0.0
SEC-022,2027-01-25,In Progress,39.6,False,0.0,2027-01-31,,Low,0,,5107.0
SEC-022,2027-02-01,Completed,100.0,False,0.0,2027-01-27,,Low,0,2027-01-27,12896.0
SEC-022,2027-02-08,Completed,100.0,False,0.0,2027-01-27,,Low,0,2027-01-27,12896.0
SEC-022,2027-02-15,Completed,100.0,False,0.0,2027-01-27,,Low,0,2027-01-27,12896.0
SEC-022,2027-02-22,Completed,100.0,False,0.0,2027-01-27,,Low,1,2027-01-27,12896.0
SEC-023,2026-12-07,Not Started,0.0,False,0.0,2027-02-26,,Low,0,,0.0
SEC-023,2026-12-14,Not Started,0.0,False,0.0,2027-02-26,,Low,1,,0.0
SEC-023,2026-12-21,Not Started,0.0,False,0.0,2027-02-26,,Low,0,,0.0
SEC-023,2026-12-28,Not Started,0.0,False,0.0,2027-02-26,,Low,1,,0.0
SEC-023,2027-01-04,Not Started,0.0,False,0.0,2027-02-26,,Low,0,,0.0
SEC-023,2027-01-11,Not Started,0.0,False,0.0,2027-02-26,,Low,0,,0.0
SEC-023,2027-01-18,Not Started,0.0,False,0.0,2027-02-26,,Low,0,,0.0
SEC-023,2027-01-25,Not Started,0.0,False,0.0,2027-02-26,,Low,1,,0.0
SEC-023,2027-02-01,Not Started,0.0,False,0.0,2027-02-26,,Low,0,,0.0
SEC-023,2027-02-08,Not Started,0.0,False,0.0,2027-02-26,,Low,0,,0.0
SEC-023,2027-02-15,Not Started,0.0,False,0.0,2027-02-26,,Low,1,,0.0
SEC-023,2027-02-22,In Progress,45.1,False,0.0,2027-02-25,,Low,1,,12934.0
SEC-024,2026-12-07,Not Started,0.0,False,0.0,2027-01-19,,Low,0,,0.0
SEC-024,2026-12-14,Not Started,0.0,False,0.0,2027-01-19,,Low,1,,0.0
SEC-024,2026-12-21,Not Started,0.0,False,0.0,2027-01-19,,Low,0,,0.0
SEC-024,2026-12-28,Not Started,0.0,False,0.0,2027-01-19,,Low,0,,0.0
SEC-024,2027-01-04,Not Started,0.0,False,0.0,2027-01-19,,Low,1,,0.0
SEC-024,2027-01-11,Not Started,0.0,False,0.0,2027-01-19,,Low,0,,0.0
SEC-024,2027-01-18,In Progress,77.9,False,0.0,2027-01-19,,Low,1,,6082.0
SEC-024,2027-01-25,Completed,100.0,False,6.0,2027-01-25,Design/Technical Issue,Medium,0,2027-01-25,7807.0
SEC-024,2027-02-01,Completed,100.0,False,6.0,2027-01-25,Design/Technical Issue,Medium,3,2027-01-25,7807.0
SEC-024,2027-02-08,Completed,100.0,False,6.0,2027-01-25,Design/Technical Issue,Medium,1,2027-01-25,7807.0
SEC-024,2027-02-15,Completed,100.0,False,6.0,2027-01-25,Design/Technical Issue,Medium,0,2027-01-25,7807.0
SEC-024,2027-02-22,Completed,100.0,False,6.0,2027-01-25,Design/Technical Issue,Medium,0,2027-01-25,7807.0
SEC-025,2026-12-07,Not Started,0.0,False,0.0,2027-02-03,,Low,0,,0.0
SEC-025,2026-12-14,Not Started,0.0,False,0.0,2027-02-03,,Low,1,,0.0
SEC-025,2026-12-21,Not Started,0.0,False,0.0,2027-02-03,,Low,0,,0.0
SEC-025,2026-12-28,Not Started,0.0,False,0.0,2027-02-03,,Low,2,,0.0
SEC-025,2027-01-04,Not Started,0.0,False,0.0,2027-02-03,,Low,1,,0.0
SEC-025,2027-01-11,Not Started,0.0,False,0.0,2027-02-03,,Low,0,,0.0
SEC-025,2027-01-18,Not Started,0.0,False,0.0,2027-02-03,,Low,0,,0.0
SEC-025,2027-01-25,Not Started,0.0,False,0.0,2027-02-03,,Low,0,,0.0
SEC-025,2027-02-01,In Progress,60.4,False,0.0,2027-02-03,,Low,0,,39102.0
SEC-025,2027-02-08,Completed,100.0,False,4.0,2027-02-07,Design/Technical Issue,High,2,2027-02-07,64738.0
SEC-025,2027-02-15,Completed,100.0,False,4.0,2027-02-07,Design/Technical Issue,High,2,2027-02-07,64738.0
SEC-025,2027-02-22,Completed,100.0,False,4.0,2027-02-07,Design/Technical Issue,High,2,2027-02-07,64738.0
SEC-026,2026-12-07,Not Started,0.0,False,0.0,2027-02-12,,Low,1,,0.0
SEC-026,2026-12-14,Not Started,0.0,False,0.0,2027-02-12,,Low,1,,0.0
SEC-026,2026-12-21,Not Started,0.0,False,0.0,2027-02-12,,Low,0,,0.0
SEC-026,2026-12-28,Not Started,0.0,False,0.0,2027-02-12,,Low,0,,0.0
SEC-026,2027-01-04,Not Started,0.0,False,0.0,2027-02-12,,Low,0,,0.0
SEC-026,2027-01-11,Not Started,0.0,False,0.0,2027-02-12,,Low,0,,0.0
SEC-026,2027-01-18,Not Started,0.0,False,0.0,2027-02-12,,Low,0,,0.0
SEC-026,2027-01-25,Not Started,0.0,False,0.0,2027-02-12,,Low,2,,0.0
SEC-026,2027-02-01,Not Started,0.0,False,0.0,2027-02-12,,Low,1,,0.0
SEC-026,2027-02-08,In Progress,33.0,False,0.0,2027-02-11,,Low,0,,23921.0
SEC-026,2027-02-15,Completed,100.0,False,3.0,2027-02-15,Resource Shortage,Medium,0,2027-02-15,72488.0
SEC-026,2027-02-22,Completed,100.0,False,3.0,2027-02-15,Resource Shortage,Medium,0,2027-02-15,72488.0
SEC-027,2026-12-07,Not Started,0.0,False,0.0,2027-01-27,,Low,0,,0.0
SEC-027,2026-12-14,Not Started,0.0,False,0.0,2027-01-27,,Low,0,,0.0
SEC-027,2026-12-21,Not Started,0.0,False,0.0,2027-01-27,,Low,0,,0.0
SEC-027,2026-12-28,Not Started,0.0,False,0.0,2027-01-27,,Low,0,,0.0
SEC-027,2027-01-04,Not Started,0.0,False,0.0,2027-01-27,,Low,1,,0.0
SEC-027,2027-01-11,Not Started,0.0,False,0.0,2027-01-27,,Low,1,,0.0
SEC-027,2027-01-18,Not Started,0.0,False,0.0,2027-01-27,,Low,0,,0.0
SEC-027,2027-01-25,In Progress,85.4,False,0.0,2027-01-26,,Low,0,,59279.0
SEC-027,2027-02-01,Completed,100.0,False,3.0,2027-01-30,Resource Shortage,Medium,0,2027-01-30,69413.0
SEC-027,2027-02-08,Completed,100.0,False,3.0,2027-01-30,Resource Shortage,Medium,1,2027-01-30,69413.0
SEC-027,2027-02-15,Completed,100.0,False,3.0,2027-01-30,Resource Shortage,Medium,0,2027-01-30,69413.0
SEC-027,2027-02-22,Completed,100.0,False,3.0,2027-01-30,Resource Shortage,Medium,1,2027-01-30,69413.0
SEC-028,2026-12-07,Not Started,0.0,False,0.0,2027-01-29,,Low,1,,0.0
SEC-028,2026-12-14,Not Started,0.0,False,0.0,2027-01-29,,Low,0,,0.0
SEC-028,2026-12-21,Not Started,0.0,False,0.0,2027-01-29,,Low,1,,0.0
SEC-028,2026-12-28,Not Started,0.0,False,0.0,2027-01-29,,Low,0,,0.0
SEC-028,2027-01-04,Not Started,0.0,False,0.0,2027-01-29,,Low,0,,0.0
SEC-028,2027-01-11,Not Started,0.0,False,0.0,2027-01-29,,Low,0,,0.0
SEC-028,2027-01-18,Not Started,0.0,False,0.0,2027-01-29,,Low,2,,0.0
SEC-028,2027-01-25,In Progress,19.0,False,3.0,2027-02-01,Resource Shortage,Medium,2,,12411.0
SEC-028,2027-02-01,In Progress,98.5,False,3.0,2027-02-01,Resource Shortage,Medium,0,,64343.0
SEC-028,2027-02-08,Completed,100.0,False,7.0,2027-02-05,Resource Shortage,Medium,0,2027-02-05,65323.0
SEC-028,2027-02-15,Completed,100.0,False,7.0,2027-02-05,Resource Shortage,Medium,0,2027-02-05,65323.0
SEC-028,2027-02-22,Completed,100.0,False,7.0,2027-02-05,Resource Shortage,Medium,1,2027-02-05,65323.0
SEC-029,2026-12-07,Not Started,0.0,False,0.0,2027-02-16,,Low,0,,0.0
SEC-029,2026-12-14,Not Started,0.0,False,0.0,2027-02-16,,Low,0,,0.0
SEC-029,2026-12-21,Not Started,0.0,False,0.0,2027-02-16,,Low,1,,0.0
SEC-029,2026-12-28,Not Started,0.0,False,0.0,2027-02-16,,Low,0,,0.0
SEC-029,2027-01-04,Not Started,0.0,False,0.0,2027-02-16,,Low,0,,0.0
SEC-029,2027-01-11,Not Started,0.0,False,0.0,2027-02-16,,Low,0,,0.0
SEC-029,2027-01-18,Not Started,0.0,False,0.0,2027-02-16,,Low,0,,0.0
SEC-029,2027-01-25,Not Started,0.0,False,0.0,2027-02-16,,Low,1,,0.0
SEC-029,2027-02-01,Not Started,0.0,False,0.0,2027-02-16,,Low,0,,0.0
SEC-029,2027-02-08,In Progress,38.6,False,0.0,2027-02-16,,Low,0,,11861.0
SEC-029,2027-02-15,In Progress,98.0,False,0.0,2027-02-16,,Low,0,,30112.0
SEC-029,2027-02-22,Completed,100.0,False,5.0,2027-02-21,Resource Shortage,Medium,0,2027-02-21,30727.0
SEC-030,2026-12-07,Not Started,0.0,False,0.0,2027-01-23,,Low,1,,0.0
SEC-030,2026-12-14,Not Started,0.0,False,0.0,2027-01-23,,Low,0,,0.0
SEC-030,2026-12-21,Not Started,0.0,False,0.0,2027-01-23,,Low,0,,0.0
SEC-030,2026-12-28,Not Started,0.0,False,0.0,2027-01-23,,Low,2,,0.0
SEC-030,2027-01-04,Not Started,0.0,False,0.0,2027-01-23,,Low,0,,0.0
SEC-030,2027-01-11,Not Started,0.0,False,0.0,2027-01-23,,Low,0,,0.0
SEC-030,2027-01-18,In Progress,21.2,False,6.0,2027-01-29,Design/Technical Issue,Medium,2,,2057.0
SEC-030,2027-01-25,In Progress,79.9,False,6.0,2027-01-29,Design/Technical Issue,Medium,2,,7752.0
SEC-030,2027-02-01,Completed,100.0,False,3.0,2027-01-26,Design/Technical Issue,Medium,1,2027-01-26,9702.0
SEC-030,2027-02-08,Completed,100.0,False,3.0,2027-01-26,Design/Technical Issue,Medium,0,2027-01-26,9702.0
SEC-030,2027-02-15,Completed,100.0,False,3.0,2027-01-26,Design/Technical Issue,Medium,1,2027-01-26,9702.0
SEC-030,2027-02-22,Completed,100.0,False,3.0,2027-01-26,Design/Technical Issue,Medium,1,2027-01-26,9702.0
SEC-031,2026-12-07,Not Started,0.0,False,0.0,2027-01-25,,Low,0,,0.0
SEC-031,2026-12-14,Not Started,0.0,False,0.0,2027-01-25,,Low,1,,0.0
SEC-031,2026-12-21,Not Started,0.0,False,0.0,2027-01-25,,Low,0,,0.0
SEC-031,2026-12-28,Not Started,0.0,False,0.0,2027-01-25,,Low,0,,0.0
SEC-031,2027-01-04,Not Started,0.0,False,0.0,2027-01-25,,Low,1,,0.0
SEC-031,2027-01-11,In Progress,0.0,False,0.0,2027-01-25,,Low,0,,0.0
SEC-031,2027-01-18,In Progress,45.6,False,0.0,2027-01-25,,Low,0,,8665.0
SEC-031,2027-01-25,In Progress,99.0,False,0.0,2027-01-25,,Low,0,,18813.0
SEC-031,2027-02-01,Completed,100.0,False,6.0,2027-01-31,Design/Technical Issue,Medium,0,2027-01-31,19003.0
SEC-031,2027-02-08,Completed,100.0,False,6.0,2027-01-31,Design/Technical Issue,Medium,2,2027-01-31,19003.0
SEC-031,2027-02-15,Completed,100.0,False,6.0,2027-01-31,Design/Technical Issue,Medium,1,2027-01-31,19003.0
SEC-031,2027-02-22,Completed,100.0,False,6.0,2027-01-31,Design/Technical Issue,Medium,1,2027-01-31,19003.0
SEC-032,2026-12-07,Not Started,0.0,False,0.0,2027-02-05,,Low,0,,0.0
SEC-032,2026-12-14,Not Started,0.0,False,0.0,2027-02-05,,Low,1,,0.0
SEC-032,2026-12-21,Not Started,0.0,False,0.0,2027-02-05,,Low,0,,0.0
SEC-032,2026-12-28,Not Started,0.0,False,0.0,2027-02-05,,Low,0,,0.0
SEC-032,2027-01-04,Not Started,0.0,False,0.0,2027-02-05,,Low,1,,0.0
SEC-032,2027-01-11,Not Started,0.0,False,0.0,2027-02-05,,Low,0,,0.0
SEC-032,2027-01-18,Not Started,0.0,False,0.0,2027-02-05,,Low,0,,0.0
SEC-032,2027-01-25,Not Started,0.0,False,0.0,2027-02-05,,Low,0,,0.0
SEC-032,2027-02-01,In Progress,68.1,False,0.0,2027-02-04,,Low,0,,13153.0
SEC-032,2027-02-08,Completed,100.0,False,0.0,2027-02-05,,Low,0,2027-02-05,19314.0
SEC-032,2027-02-15,Completed,100.0,False,0.0,2027-02-05,,Low,1,2027-02-05,19314.0
SEC-032,2027-02-22,Completed,100.0,False,0.0,2027-02-05,,Low,0,2027-02-05,19314.0
SEC-033,2026-12-07,Not Started,0.0,False,0.0,2027-02-14,,Low,0,,0.0
SEC-033,2026-12-14,Not Started,0.0,False,0.0,2027-02-14,,Low,0,,0.0
SEC-033,2026-12-21,Not Started,0.0,False,0.0,2027-02-14,,Low,0,,0.0
SEC-033,2026-12-28,Not Started,0.0,False,0.0,2027-02-14,,Low,0,,0.0
SEC-033,2027-01-04,Not Started,0.0,False,0.0,2027-02-14,,Low,0,,0.0
SEC-033,2027-01-11,Not Started,0.0,False,0.0,2027-02-14,,Low,0,,0.0
SEC-033,2027-01-18,Not Started,0.0,False,0.0,2027-02-14,,Low,0,,0.0
SEC-033,2027-01-25,Not Started,0.0,False,0.0,2027-02-14,,Low,1,,0.0
SEC-033,2027-02-01,Not Started,0.0,False,0.0,2027-02-14,,Low,0,,0.0
SEC-033,2027-02-08,In Progress,24.8,False,0.0,2027-02-14,,Low,0,,2590.0
SEC-033,2027-02-15,Completed,100.0,False,0.0,2027-02-13,,Low,0,2027-02-13,10443.0
SEC-033,2027-02-22,Completed,100.0,False,0.0,2027-02-13,,Low,0,2027-02-13,10443.0
SM-001,2026-12-07,Not Started,0.0,False,0.0,2026-12-28,,Low,0,,0.0
SM-001,2026-12-14,Not Started,0.0,False,0.0,2026-12-28,,Low,0,,0.0
SM-001,2026-12-21,In Progress,54.6,False,0.0,2026-12-26,,Low,0,,13329.0
SM-001,2026-12-28,Completed,100.0,False,0.0,2026-12-24,,Low,1,2026-12-24,24412.0
SM-001,2027-01-04,Completed,100.0,False,0.0,2026-12-24,,Low,0,2026-12-24,24412.0
SM-001,2027-01-11,Completed,100.0,False,0.0,2026-12-24,,Low,1,2026-12-24,24412.0
SM-001,2027-01-18,Completed,100.0,False,0.0,2026-12-24,,Low,0,2026-12-24,24412.0
SM-001,2027-01-25,Completed,100.0,False,0.0,2026-12-24,,Low,1,2026-12-24,24412.0
SM-001,2027-02-01,Completed,100.0,False,0.0,2026-12-24,,Low,1,2026-12-24,24412.0
SM-001,2027-02-08,Completed,100.0,False,0.0,2026-12-24,,Low,0,2026-12-24,24412.0
SM-001,2027-02-15,Completed,100.0,False,0.0,2026-12-24,,Low,3,2026-12-24,24412.0
SM-001,2027-02-22,Completed,100.0,False,0.0,2026-12-24,,Low,1,2026-12-24,24412.0
SM-002,2026-12-07,Not Started,0.0,False,0.0,2027-01-11,,Low,0,,0.0
SM-002,2026-12-14,Not Started,0.0,False,0.0,2027-01-11,,Low,0,,0.0
SM-002,2026-12-21,Not Started,0.0,False,0.0,2027-01-11,,Low,1,,0.0
SM-002,2026-12-28,In Progress,0.0,False,0.0,2027-01-10,,Low,1,,0.0
SM-002,2027-01-04,In Progress,52.8,False,0.0,2027-01-10,,Low,0,,49148.0
SM-002,2027-01-11,Completed,100.0,False,0.0,2027-01-07,,Low,0,2027-01-07,93084.0
SM-002,2027-01-18,Completed,100.0,False,0.0,2027-01-07,,Low,1,2027-01-07,93084.0
SM-002,2027-01-25,Completed,100.0,False,0.0,2027-01-07,,Low,0,2027-01-07,93084.0
SM-002,2027-02-01,Completed,100.0,False,0.0,2027-01-07,,Low,0,2027-01-07,93084.0
SM-002,2027-02-08,Completed,100.0,False,0.0,2027-01-07,,Low,0,2027-01-07,93084.0
SM-002,2027-02-15,Completed,100.0,False,0.0,2027-01-07,,Low,2,2027-01-07,93084.0
SM-002,2027-02-22,Completed,100.0,False,0.0,2027-01-07,,Low,1,2027-01-07,93084.0
SM-003,2026-12-07,Not Started,0.0,False,0.0,2027-01-06,,Low,3,,0.0
SM-003,2026-12-14,Not Started,0.0,False,0.0,2027-01-06,,Low,0,,0.0
SM-003,2026-12-21,Not Started,0.0,False,0.0,2027-01-06,,Low,1,,0.0
SM-003,2026-12-28,In Progress,14.5,False,17.0,2027-01-23,Resource Shortage,High,2,,11286.0
SM-003,2027-01-04,On Hold,46.8,True,17.0,2027-01-23,Resource Shortage,Critical,3,,36425.0
SM-003,2027-01-11,On Hold,46.8,True,17.0,2027-01-23,Resource Shortage,Critical,1,,36425.0
SM-003,2027-01-18,In Progress,58.8,False,17.0,2027-01-23,Resource Shortage,High,4,,45765.0
SM-003,2027-01-25,Completed,100.0,False,19.0,2027-01-25,Resource Shortage,High,6,2027-01-25,77831.0
SM-003,2027-02-01,Completed,100.0,False,19.0,2027-01-25,Resource Shortage,High,1,2027-01-25,77831.0
SM-003,2027-02-08,Completed,100.0,False,19.0,2027-01-25,Resource Shortage,High,1,2027-01-25,77831.0
SM-003,2027-02-15,Completed,100.0,False,19.0,2027-01-25,Resource Shortage,High,3,2027-01-25,77831.0
SM-003,2027-02-22,Completed,100.0,False,19.0,2027-01-25,Resource Shortage,High,2,2027-01-25,77831.0
SM-004,2026-12-07,Not Started,0.0,False,0.0,2027-01-05,,Low,0,,0.0
SM-004,2026-12-14,Not Started,0.0,False,0.0,2027-01-05,,Low,1,,0.0
SM-004,2026-12-21,In Progress,0.0,False,0.0,2027-01-04,,Low,0,,0.0
SM-004,2026-12-28,In Progress,48.6,False,0.0,2027-01-04,,Low,0,,3411.0
SM-004,2027-01-04,In Progress,99.9,False,0.0,2027-01-04,,Low,0,,7011.0
SM-004,2027-01-11,Completed,100.0,False,2.0,2027-01-07,Design/Technical Issue,Medium,0,2027-01-07,7018.0
SM-004,2027-01-18,Completed,100.0,False,2.0,2027-01-07,Design/Technical Issue,Medium,2,2027-01-07,7018.0
SM-004,2027-01-25,Completed,100.0,False,2.0,2027-01-07,Design/Technical Issue,Medium,1,2027-01-07,7018.0
SM-004,2027-02-01,Completed,100.0,False,2.0,2027-01-07,Design/Technical Issue,Medium,0,2027-01-07,7018.0
SM-004,2027-02-08,Completed,100.0,False,2.0,2027-01-07,Design/Technical Issue,Medium,0,2027-01-07,7018.0
SM-004,2027-02-15,Completed,100.0,False,2.0,2027-01-07,Design/Technical Issue,Medium,1,2027-01-07,7018.0
SM-004,2027-02-22,Completed,100.0,False,2.0,2027-01-07,Design/Technical Issue,Medium,0,2027-01-07,7018.0
SM-005,2026-12-07,In Progress,0.0,False,0.0,2026-12-14,,Low,0,,0.0
SM-005,2026-12-14,In Progress,99.0,False,0.0,2026-12-14,,Low,1,,87137.0
SM-005,2026-12-21,Completed,100.0,False,0.0,2026-12-15,,Low,0,2026-12-15,88017.0
SM-005,2026-12-28,Completed,100.0,False,0.0,2026-12-15,,Low,1,2026-12-15,88017.0
SM-005,2027-01-04,Completed,100.0,False,0.0,2026-12-15,,Low,1,2026-12-15,88017.0
SM-005,2027-01-11,Completed,100.0,False,0.0,2026-12-15,,Low,0,2026-12-15,88017.0
SM-005,2027-01-18,Completed,100.0,False,0.0,2026-12-15,,Low,0,2026-12-15,88017.0
SM-005,2027-01-25,Completed,100.0,False,0.0,2026-12-15,,Low,0,2026-12-15,88017.0
SM-005,2027-02-01,Completed,100.0,False,0.0,2026-12-15,,Low,0,2026-12-15,88017.0
SM-005,2027-02-08,Completed,100.0,False,0.0,2026-12-15,,Low,0,2026-12-15,88017.0
SM-005,2027-02-15,Completed,100.0,False,0.0,2026-12-15,,Low,0,2026-12-15,88017.0
SM-005,2027-02-22,Completed,100.0,False,0.0,2026-12-15,,Low,1,2026-12-15,88017.0
SM-006,2026-12-07,Not Started,0.0,False,0.0,2027-01-08,,Low,0,,0.0
SM-006,2026-12-14,Not Started,0.0,False,0.0,2027-01-08,,Low,0,,0.0
SM-006,2026-12-21,Not Started,0.0,False,0.0,2027-01-08,,Low,0,,0.0
SM-006,2026-12-28,Not Started,0.0,False,0.0,2027-01-08,,Low,2,,0.0
SM-006,2027-01-04,In Progress,66.1,False,0.0,2027-01-07,,Low,0,,11742.0
SM-006,2027-01-11,Completed,100.0,False,1.0,2027-01-09,Design/Technical Issue,Medium,3,2027-01-09,17764.0
SM-006,2027-01-18,Completed,100.0,False,1.0,2027-01-09,Design/Technical Issue,Medium,0,2027-01-09,17764.0
SM-006,2027-01-25,Completed,100.0,False,1.0,2027-01-09,Design/Technical Issue,Medium,1,2027-01-09,17764.0
SM-006,2027-02-01,Completed,100.0,False,1.0,2027-01-09,Design/Technical Issue,Medium,1,2027-01-09,17764.0
SM-006,2027-02-08,Completed,100.0,False,1.0,2027-01-09,Design/Technical Issue,Medium,1,2027-01-09,17764.0
SM-006,2027-02-15,Completed,100.0,False,1.0,2027-01-09,Design/Technical Issue,Medium,0,2027-01-09,17764.0
SM-006,2027-02-22,Completed,100.0,False,1.0,2027-01-09,Design/Technical Issue,Medium,1,2027-01-09,17764.0
SM-007,2026-12-07,Not Started,0.0,False,0.0,2027-01-09,,Low,0,,0.0
SM-007,2026-12-14,Not Started,0.0,False,0.0,2027-01-09,,Low,0,,0.0
SM-007,2026-12-21,In Progress,2.4,False,20.0,2027-01-29,Vendor Delay,High,2,,240.0
SM-007,2026-12-28,In Progress,16.1,False,20.0,2027-01-29,Vendor Delay,High,2,,1612.0
SM-007,2027-01-04,In Progress,37.5,False,20.0,2027-01-29,Vendor Delay,High,4,,3755.0
SM-007,2027-01-11,In Progress,61.6,False,20.0,2027-01-29,Vendor Delay,High,1,,6168.0
SM-007,2027-01-18,In Progress,83.2,False,20.0,2027-01-29,Vendor Delay,High,1,,8331.0
SM-007,2027-01-25,In Progress,97.3,False,20.0,2027-01-29,Vendor Delay,High,4,,9743.0
SM-007,2027-02-01,Completed,100.0,False,18.0,2027-01-27,Vendor Delay,High,2,2027-01-27,10013.0
SM-007,2027-02-08,Completed,100.0,False,18.0,2027-01-27,Vendor Delay,High,3,2027-01-27,10013.0
SM-007,2027-02-15,Completed,100.0,False,18.0,2027-01-27,Vendor Delay,High,4,2027-01-27,10013.0
SM-007,2027-02-22,Completed,100.0,False,18.0,2027-01-27,Vendor Delay,High,2,2027-01-27,10013.0
SM-008,2026-12-07,Not Started,0.0,False,0.0,2027-01-16,,Low,0,,0.0
SM-008,2026-12-14,Not Started,0.0,False,0.0,2027-01-16,,Low,0,,0.0
SM-008,2026-12-21,Not Started,0.0,False,0.0,2027-01-16,,Low,0,,0.0
SM-008,2026-12-28,In Progress,5.1,False,12.0,2027-01-28,Resource Shortage,High,1,,2750.0
SM-008,2027-01-04,In Progress,25.3,False,12.0,2027-01-28,Resource Shortage,High,3,,13642.0
SM-008,2027-01-11,In Progress,53.0,False,12.0,2027-01-28,Resource Shortage,High,2,,28577.0
SM-008,2027-01-18,In Progress,79.8,False,12.0,2027-01-28,Resource Shortage,High,3,,43028.0
SM-008,2027-01-25,In Progress,97.4,False,12.0,2027-01-28,Resource Shortage,High,3,,52518.0
SM-008,2027-02-01,Completed,100.0,False,11.0,2027-01-27,Resource Shortage,High,0,2027-01-27,53920.0
SM-008,2027-02-08,Completed,100.0,False,11.0,2027-01-27,Resource Shortage,High,4,2027-01-27,53920.0
SM-008,2027-02-15,Completed,100.0,False,11.0,2027-01-27,Resource Shortage,High,2,2027-01-27,53920.0
SM-008,2027-02-22,Completed,100.0,False,11.0,2027-01-27,Resource Shortage,High,0,2027-01-27,53920.0
SM-009,2026-12-07,Not Started,0.0,False,0.0,2027-01-05,,Low,0,,0.0
SM-009,2026-12-14,Not Started,0.0,False,0.0,2027-01-05,,Low,0,,0.0
SM-009,2026-12-21,Not Started,0.0,False,0.0,2027-01-05,,Low,0,,0.0
SM-009,2026-12-28,In Progress,33.6,False,0.0,2027-01-04,,Low,1,,11842.0
SM-009,2027-01-04,In Progress,98.7,False,0.0,2027-01-04,,Low,0,,34786.0
SM-009,2027-01-11,Completed,100.0,False,2.0,2027-01-07,Scope Change,Medium,0,2027-01-07,35244.0
SM-009,2027-01-18,Completed,100.0,False,2.0,2027-01-07,Scope Change,Medium,1,2027-01-07,35244.0
SM-009,2027-01-25,Completed,100.0,False,2.0,2027-01-07,Scope Change,Medium,2,2027-01-07,35244.0
SM-009,2027-02-01,Completed,100.0,False,2.0,2027-01-07,Scope Change,Medium,1,2027-01-07,35244.0
SM-009,2027-02-08,Completed,100.0,False,2.0,2027-01-07,Scope Change,Medium,2,2027-01-07,35244.0
SM-009,2027-02-15,Completed,100.0,False,2.0,2027-01-07,Scope Change,Medium,2,2027-01-07,35244.0
SM-009,2027-02-22,Completed,100.0,False,2.0,2027-01-07,Scope Change,Medium,2,2027-01-07,35244.0
SM-010,2026-12-07,Not Started,0.0,False,0.0,2027-01-12,,Low,0,,0.0
SM-010,2026-12-14,Not Started,0.0,False,0.0,2027-01-12,,Low,1,,0.0
SM-010,2026-12-21,Not Started,0.0,False,0.0,2027-01-12,,Low,0,,0.0
SM-010,2026-12-28,Not Started,0.0,False,0.0,2027-01-12,,Low,0,,0.0
SM-010,2027-01-04,In Progress,20.1,False,1.0,2027-01-13,Scope Change,Medium,1,,14734.0
SM-010,2027-01-11,In Progress,88.8,False,1.0,2027-01-13,Scope Change,Medium,1,,65093.0
SM-010,2027-01-18,Completed,100.0,False,3.0,2027-01-15,Scope Change,Medium,1,2027-01-15,73303.0
SM-010,2027-01-25,Completed,100.0,False,3.0,2027-01-15,Scope Change,Medium,0,2027-01-15,73303.0
SM-010,2027-02-01,Completed,100.0,False,3.0,2027-01-15,Scope Change,Medium,1,2027-01-15,73303.0
SM-010,2027-02-08,Completed,100.0,False,3.0,2027-01-15,Scope Change,Medium,2,2027-01-15,73303.0
SM-010,2027-02-15,Completed,100.0,False,3.0,2027-01-15,Scope Change,Medium,3,2027-01-15,73303.0
SM-010,2027-02-22,Completed,100.0,False,3.0,2027-01-15,Scope Change,Medium,0,2027-01-15,73303.0
SM-011,2026-12-07,Not Started,0.0,False,0.0,2027-01-08,,Low,0,,0.0
SM-011,2026-12-14,Not Started,0.0,False,0.0,2027-01-08,,Low,0,,0.0
SM-011,2026-12-21,In Progress,4.2,False,24.0,2027-02-01,Design/Technical Issue,High,0,,340.0
SM-011,2026-12-28,In Progress,17.6,False,24.0,2027-02-01,Design/Technical Issue,High,3,,1423.0
SM-011,2027-01-04,In Progress,36.8,False,24.0,2027-02-01,Design/Technical Issue,High,1,,2975.0
SM-011,2027-01-11,In Progress,58.2,False,24.0,2027-02-01,Design/Technical Issue,High,0,,4706.0
SM-011,2027-01-18,In Progress,78.2,False,24.0,2027-02-01,Design/Technical Issue,High,3,,6323.0
SM-011,2027-01-25,In Progress,93.4,False,24.0,2027-02-01,Design/Technical Issue,High,1,,7551.0
SM-011,2027-02-01,In Progress,99.9,False,24.0,2027-02-01,Design/Technical Issue,High,0,,8077.0
SM-011,2027-02-08,Completed,100.0,False,27.0,2027-02-04,Design/Technical Issue,High,1,2027-02-04,8085.0
SM-011,2027-02-15,Completed,100.0,False,27.0,2027-02-04,Design/Technical Issue,High,2,2027-02-04,8085.0
SM-011,2027-02-22,Completed,100.0,False,27.0,2027-02-04,Design/Technical Issue,High,1,2027-02-04,8085.0
SM-012,2026-12-07,Not Started,0.0,False,0.0,2027-01-14,,Low,0,,0.0
SM-012,2026-12-14,Not Started,0.0,False,0.0,2027-01-14,,Low,0,,0.0
SM-012,2026-12-21,Not Started,0.0,False,0.0,2027-01-14,,Low,0,,0.0
SM-012,2026-12-28,Not Started,0.0,False,0.0,2027-01-14,,Low,0,,0.0
SM-012,2027-01-04,In Progress,0.0,False,5.0,2027-01-19,Resource Shortage,Medium,1,,0.0
SM-012,2027-01-11,In Progress,42.3,False,5.0,2027-01-19,Resource Shortage,Medium,0,,12372.0
SM-012,2027-01-18,In Progress,97.1,False,5.0,2027-01-19,Resource Shortage,Medium,1,,28400.0
SM-012,2027-01-25,Completed,100.0,False,8.0,2027-01-22,Resource Shortage,High,2,2027-01-22,29249.0
SM-012,2027-02-01,Completed,100.0,False,8.0,2027-01-22,Resource Shortage,High,0,2027-01-22,29249.0
SM-012,2027-02-08,Completed,100.0,False,8.0,2027-01-22,Resource Shortage,High,4,2027-01-22,29249.0
SM-012,2027-02-15,Completed,100.0,False,8.0,2027-01-22,Resource Shortage,High,4,2027-01-22,29249.0
SM-012,2027-02-22,Completed,100.0,False,8.0,2027-01-22,Resource Shortage,High,0,2027-01-22,29249.0
SM-013,2026-12-07,Not Started,0.0,False,0.0,2027-01-07,,Low,0,,0.0
SM-013,2026-12-14,Not Started,0.0,False,0.0,2027-01-07,,Low,0,,0.0
SM-013,2026-12-21,Not Started,0.0,False,0.0,2027-01-07,,Low,0,,0.0
SM-013,2026-12-28,Not Started,0.0,False,0.0,2027-01-07,,Low,0,,0.0
SM-013,2027-01-04,In Progress,32.4,False,5.0,2027-01-12,Design/Technical Issue,Medium,2,,6458.0
SM-013,2027-01-11,In Progress,97.9,False,5.0,2027-01-12,Design/Technical Issue,Medium,2,,19514.0
SM-013,2027-01-18,Completed,100.0,False,5.0,2027-01-12,Design/Technical Issue,Medium,3,2027-01-12,19933.0
SM-013,2027-01-25,Completed,100.0,False,5.0,2027-01-12,Design/Technical Issue,Medium,0,2027-01-12,19933.0
SM-013,2027-02-01,Completed,100.0,False,5.0,2027-01-12,Design/Technical Issue,Medium,0,2027-01-12,19933.0
SM-013,2027-02-08,Completed,100.0,False,5.0,2027-01-12,Design/Technical Issue,Medium,2,2027-01-12,19933.0
SM-013,2027-02-15,Completed,100.0,False,5.0,2027-01-12,Design/Technical Issue,Medium,2,2027-01-12,19933.0
SM-013,2027-02-22,Completed,100.0,False,5.0,2027-01-12,Design/Technical Issue,Medium,0,2027-01-12,19933.0
SM-014,2026-12-07,Not Started,0.0,False,0.0,2027-01-25,,Low,1,,0.0
SM-014,2026-12-14,Not Started,0.0,False,0.0,2027-01-25,,Low,0,,0.0
SM-014,2026-12-21,Not Started,0.0,False,0.0,2027-01-25,,Low,0,,0.0
SM-014,2026-12-28,Not Started,0.0,False,0.0,2027-01-25,,Low,0,,0.0
SM-014,2027-01-04,Not Started,0.0,False,0.0,2027-01-25,,Low,0,,0.0
SM-014,2027-01-11,Not Started,0.0,False,0.0,2027-01-25,,Low,0,,0.0
SM-014,2027-01-18,In Progress,11.5,False,0.0,2027-01-24,,Low,0,,2087.0
SM-014,2027-01-25,Completed,100.0,False,0.0,2027-01-20,,Low,0,2027-01-20,18146.0
SM-014,2027-02-01,Completed,100.0,False,0.0,2027-01-20,,Low,0,2027-01-20,18146.0
SM-014,2027-02-08,Completed,100.0,False,0.0,2027-01-20,,Low,0,2027-01-20,18146.0
SM-014,2027-02-15,Completed,100.0,False,0.0,2027-01-20,,Low,1,2027-01-20,18146.0
SM-014,2027-02-22,Completed,100.0,False,0.0,2027-01-20,,Low,0,2027-01-20,18146.0
SM-015,2026-12-07,Not Started,0.0,False,0.0,2027-01-03,,Low,0,,0.0
SM-015,2026-12-14,Not Started,0.0,False,0.0,2027-01-03,,Low,0,,0.0
SM-015,2026-12-21,Not Started,0.0,False,0.0,2027-01-03,,Low,1,,0.0
SM-015,2026-12-28,In Progress,24.0,False,0.0,2027-01-03,,Low,0,,21137.0
SM-015,2027-01-04,Completed,100.0,False,0.0,2027-01-03,,Low,1,2027-01-03,88070.0
SM-015,2027-01-11,Completed,100.0,False,0.0,2027-01-03,,Low,0,2027-01-03,88070.0
SM-015,2027-01-18,Completed,100.0,False,0.0,2027-01-03,,Low,0,2027-01-03,88070.0
SM-015,2027-01-25,Completed,100.0,False,0.0,2027-01-03,,Low,0,2027-01-03,88070.0
SM-015,2027-02-01,Completed,100.0,False,0.0,2027-01-03,,Low,1,2027-01-03,88070.0
SM-015,2027-02-08,Completed,100.0,False,0.0,2027-01-03,,Low,1,2027-01-03,88070.0
SM-015,2027-02-15,Completed,100.0,False,0.0,2027-01-03,,Low,0,2027-01-03,88070.0
SM-015,2027-02-22,Completed,100.0,False,0.0,2027-01-03,,Low,0,2027-01-03,88070.0
SM-016,2026-12-07,Not Started,0.0,False,0.0,2027-01-12,,Low,0,,0.0
SM-016,2026-12-14,Not Started,0.0,False,0.0,2027-01-12,,Low,0,,0.0
SM-016,2026-12-21,Not Started,0.0,False,0.0,2027-01-12,,Low,0,,0.0
SM-016,2026-12-28,Not Started,0.0,False,0.0,2027-01-12,,Low,1,,0.0
SM-016,2027-01-04,In Progress,33.5,False,0.0,2027-01-11,,Low,0,,45236.0
SM-016,2027-01-11,In Progress,98.6,False,0.0,2027-01-11,,Low,1,,133143.0
SM-016,2027-01-18,Completed,100.0,False,0.0,2027-01-12,,Low,0,2027-01-12,135033.0
SM-016,2027-01-25,Completed,100.0,False,0.0,2027-01-12,,Low,0,2027-01-12,135033.0
SM-016,2027-02-01,Completed,100.0,False,0.0,2027-01-12,,Low,1,2027-01-12,135033.0
SM-016,2027-02-08,Completed,100.0,False,0.0,2027-01-12,,Low,0,2027-01-12,135033.0
SM-016,2027-02-15,Completed,100.0,False,0.0,2027-01-12,,Low,0,2027-01-12,135033.0
SM-016,2027-02-22,Completed,100.0,False,0.0,2027-01-12,,Low,0,2027-01-12,135033.0
SM-017,2026-12-07,Not Started,0.0,False,0.0,2027-01-29,,Low,0,,0.0
SM-017,2026-12-14,Not Started,0.0,False,0.0,2027-01-29,,Low,1,,0.0
SM-017,2026-12-21,Not Started,0.0,False,0.0,2027-01-29,,Low,1,,0.0
SM-017,2026-12-28,Not Started,0.0,False,0.0,2027-01-29,,Low,0,,0.0
SM-017,2027-01-04,Not Started,0.0,False,0.0,2027-01-29,,Low,0,,0.0
SM-017,2027-01-11,Not Started,0.0,False,0.0,2027-01-29,,Low,0,,0.0
SM-017,2027-01-18,In Progress,14.1,False,0.0,2027-01-27,,Low,1,,6584.0
SM-017,2027-01-25,In Progress,88.3,False,0.0,2027-01-27,,Low,1,,41230.0
SM-017,2027-02-01,Completed,100.0,False,3.0,2027-02-01,Design/Technical Issue,Medium,2,2027-02-01,46693.0
SM-017,2027-02-08,Completed,100.0,False,3.0,2027-02-01,Design/Technical Issue,Medium,1,2027-02-01,46693.0
SM-017,2027-02-15,Completed,100.0,False,3.0,2027-02-01,Design/Technical Issue,Medium,0,2027-02-01,46693.0
SM-017,2027-02-22,Completed,100.0,False,3.0,2027-02-01,Design/Technical Issue,Medium,1,2027-02-01,46693.0
SM-018,2026-12-07,Not Started,0.0,False,0.0,2027-02-04,,Low,0,,0.0
SM-018,2026-12-14,Not Started,0.0,False,0.0,2027-02-04,,Low,1,,0.0
SM-018,2026-12-21,Not Started,0.0,False,0.0,2027-02-04,,Low,0,,0.0
SM-018,2026-12-28,Not Started,0.0,False,0.0,2027-02-04,,Low,0,,0.0
SM-018,2027-01-04,Not Started,0.0,False,0.0,2027-02-04,,Low,2,,0.0
SM-018,2027-01-11,Not Started,0.0,False,0.0,2027-02-04,,Low,0,,0.0
SM-018,2027-01-18,Not Started,0.0,False,0.0,2027-02-04,,Low,0,,0.0
SM-018,2027-01-25,In Progress,0.6,False,1.0,2027-02-05,Vendor Delay,Medium,0,,116.0
SM-018,2027-02-01,In Progress,48.5,False,1.0,2027-02-05,Vendor Delay,Medium,0,,9388.0
SM-018,2027-02-08,Completed,100.0,False,1.0,2027-02-05,Vendor Delay,Medium,3,2027-02-05,19357.0
SM-018,2027-02-15,Completed,100.0,False,1.0,2027-02-05,Vendor Delay,Medium,1,2027-02-05,19357.0
SM-018,2027-02-22,Completed,100.0,False,1.0,2027-02-05,Vendor Delay,Medium,0,2027-02-05,19357.0
SM-019,2026-12-07,Not Started,0.0,False,0.0,2027-01-13,,Low,0,,0.0
SM-019,2026-12-14,Not Started,0.0,False,0.0,2027-01-13,,Low,0,,0.0
SM-019,2026-12-21,Not Started,0.0,False,0.0,2027-01-13,,Low,0,,0.0
SM-019,2026-12-28,Not Started,0.0,False,0.0,2027-01-13,,Low,0,,0.0
SM-019,2027-01-04,Not Started,0.0,False,0.0,2027-01-13,,Low,0,,0.0
SM-019,2027-01-11,In Progress,25.0,False,6.0,2027-01-19,Resource Shortage,Medium,0,,9186.0
SM-019,2027-01-18,In Progress,97.1,False,6.0,2027-01-19,Resource Shortage,Medium,2,,35677.0
SM-019,2027-01-25,Completed,100.0,False,8.0,2027-01-21,Resource Shortage,High,1,2027-01-21,36742.0
SM-019,2027-02-01,Completed,100.0,False,8.0,2027-01-21,Resource Shortage,High,0,2027-01-21,36742.0
SM-019,2027-02-08,Completed,100.0,False,8.0,2027-01-21,Resource Shortage,High,4,2027-01-21,36742.0
SM-019,2027-02-15,Completed,100.0,False,8.0,2027-01-21,Resource Shortage,High,2,2027-01-21,36742.0
SM-019,2027-02-22,Completed,100.0,False,8.0,2027-01-21,Resource Shortage,High,3,2027-01-21,36742.0
SM-020,2026-12-07,Not Started,0.0,False,0.0,2027-01-11,,Low,0,,0.0
SM-020,2026-12-14,Not Started,0.0,False,0.0,2027-01-11,,Low,1,,0.0
SM-020,2026-12-21,Not Started,0.0,False,0.0,2027-01-11,,Low,0,,0.0
SM-020,2026-12-28,Not Started,0.0,False,0.0,2027-01-11,,Low,2,,0.0
SM-020,2027-01-04,In Progress,38.1,False,0.0,2027-01-10,,Low,0,,21059.0
SM-020,2027-01-11,Completed,100.0,False,0.0,2027-01-10,,Low,0,2027-01-10,55274.0
SM-020,2027-01-18,Completed,100.0,False,0.0,2027-01-10,,Low,0,2027-01-10,55274.0
SM-020,2027-01-25,Completed,100.0,False,0.0,2027-01-10,,Low,0,2027-01-10,55274.0
SM-020,2027-02-01,Completed,100.0,False,0.0,2027-01-10,,Low,0,2027-01-10,55274.0
SM-020,2027-02-08,Completed,100.0,False,0.0,2027-01-10,,Low,0,2027-01-10,55274.0
SM-020,2027-02-15,Completed,100.0,False,0.0,2027-01-10,,Low,1,2027-01-10,55274.0
SM-020,2027-02-22,Completed,100.0,False,0.0,2027-01-10,,Low,0,2027-01-10,55274.0
SM-021,2026-12-07,Not Started,0.0,False,0.0,2027-02-07,,Low,0,,0.0
SM-021,2026-12-14,Not Started,0.0,False,0.0,2027-02-07,,Low,1,,0.0
SM-021,2026-12-21,Not Started,0.0,False,0.0,2027-02-07,,Low,2,,0.0
SM-021,2026-12-28,Not Started,0.0,False,0.0,2027-02-07,,Low,0,,0.0
SM-021,2027-01-04,Not Started,0.0,False,0.0,2027-02-07,,Low,0,,0.0
SM-021,2027-01-11,Not Started,0.0,False,0.0,2027-02-07,,Low,2,,0.0
SM-021,2027-01-18,In Progress,0.0,False,0.0,2027-02-07,,Low,0,,0.0
SM-021,2027-01-25,In Progress,3.2,False,0.0,2027-02-07,,Low,0,,190.0
SM-021,2027-02-01,In Progress,42.5,False,0.0,2027-02-07,,Low,0,,2525.0
SM-021,2027-02-08,Completed,100.0,False,0.0,2027-02-07,,Low,0,2027-02-07,5941.0
SM-021,2027-02-15,Completed,100.0,False,0.0,2027-02-07,,Low,0,2027-02-07,5941.0
SM-021,2027-02-22,Completed,100.0,False,0.0,2027-02-07,,Low,0,2027-02-07,5941.0
SM-022,2026-12-07,Not Started,0.0,False,0.0,2027-01-15,,Low,1,,0.0
SM-022,2026-12-14,Not Started,0.0,False,0.0,2027-01-15,,Low,1,,0.0
SM-022,2026-12-21,Not Started,0.0,False,0.0,2027-01-15,,Low,0,,0.0
SM-022,2026-12-28,Not Started,0.0,False,0.0,2027-01-15,,Low,0,,0.0
SM-022,2027-01-04,Not Started,0.0,False,0.0,2027-01-15,,Low,0,,0.0
SM-022,2027-01-11,In Progress,46.7,False,0.0,2027-01-15,,Low,0,,8336.0
SM-022,2027-01-18,Completed,100.0,False,1.0,2027-01-16,Resource Shortage,Medium,2,2027-01-16,17849.0
SM-022,2027-01-25,Completed,100.0,False,1.0,2027-01-16,Resource Shortage,Medium,1,2027-01-16,17849.0
SM-022,2027-02-01,Completed,100.0,False,1.0,2027-01-16,Resource Shortage,Medium,0,2027-01-16,17849.0
SM-022,2027-02-08,Completed,100.0,False,1.0,2027-01-16,Resource Shortage,Medium,1,2027-01-16,17849.0
SM-022,2027-02-15,Completed,100.0,False,1.0,2027-01-16,Resource Shortage,Medium,0,2027-01-16,17849.0
SM-022,2027-02-22,Completed,100.0,False,1.0,2027-01-16,Resource Shortage,Medium,0,2027-01-16,17849.0
SM-023,2026-12-07,Not Started,0.0,False,0.0,2027-02-21,,Low,0,,0.0
SM-023,2026-12-14,Not Started,0.0,False,0.0,2027-02-21,,Low,0,,0.0
SM-023,2026-12-21,Not Started,0.0,False,0.0,2027-02-21,,Low,0,,0.0
SM-023,2026-12-28,Not Started,0.0,False,0.0,2027-02-21,,Low,1,,0.0
SM-023,2027-01-04,Not Started,0.0,False,0.0,2027-02-21,,Low,1,,0.0
SM-023,2027-01-11,Not Started,0.0,False,0.0,2027-02-21,,Low,0,,0.0
SM-023,2027-01-18,Not Started,0.0,False,0.0,2027-02-21,,Low,1,,0.0
SM-023,2027-01-25,Not Started,0.0,False,0.0,2027-02-21,,Low,0,,0.0
SM-023,2027-02-01,Not Started,0.0,False,0.0,2027-02-21,,Low,0,,0.0
SM-023,2027-02-08,Not Started,0.0,False,0.0,2027-02-21,,Low,0,,0.0
SM-023,2027-02-15,In Progress,17.9,False,7.0,2027-02-28,Vendor Delay,Medium,0,,2224.0
SM-023,2027-02-22,In Progress,71.6,False,7.0,2027-02-28,Vendor Delay,Medium,1,,8896.0
SM-024,2026-12-07,Not Started,0.0,False,0.0,2027-02-07,,Low,0,,0.0
SM-024,2026-12-14,Not Started,0.0,False,0.0,2027-02-07,,Low,2,,0.0
SM-024,2026-12-21,Not Started,0.0,False,0.0,2027-02-07,,Low,0,,0.0
SM-024,2026-12-28,Not Started,0.0,False,0.0,2027-02-07,,Low,0,,0.0
SM-024,2027-01-04,Not Started,0.0,False,0.0,2027-02-07,,Low,1,,0.0
SM-024,2027-01-11,Not Started,0.0,False,0.0,2027-02-07,,Low,1,,0.0
SM-024,2027-01-18,Not Started,0.0,False,0.0,2027-02-07,,Low,0,,0.0
SM-024,2027-01-25,In Progress,0.0,False,0.0,2027-02-05,,Low,0,,0.0
SM-024,2027-02-01,In Progress,63.2,False,0.0,2027-02-05,,Low,0,,43279.0
SM-024,2027-02-08,Completed,100.0,False,0.0,2027-02-06,,Low,1,2027-02-06,68479.0
SM-024,2027-02-15,Completed,100.0,False,0.0,2027-02-06,,Low,0,2027-02-06,68479.0
SM-024,2027-02-22,Completed,100.0,False,0.0,2027-02-06,,Low,0,2027-02-06,68479.0
SM-025,2026-12-07,Not Started,0.0,False,0.0,2027-02-27,,Low,0,,0.0
SM-025,2026-12-14,Not Started,0.0,False,0.0,2027-02-27,,Low,0,,0.0
SM-025,2026-12-21,Not Started,0.0,False,0.0,2027-02-27,,Low,0,,0.0
SM-025,2026-12-28,Not Started,0.0,False,0.0,2027-02-27,,Low,2,,0.0
SM-025,2027-01-04,Not Started,0.0,False,0.0,2027-02-27,,Low,1,,0.0
SM-025,2027-01-11,Not Started,0.0,False,0.0,2027-02-27,,Low,0,,0.0
SM-025,2027-01-18,Not Started,0.0,False,0.0,2027-02-27,,Low,0,,0.0
SM-025,2027-01-25,Not Started,0.0,False,0.0,2027-02-27,,Low,1,,0.0
SM-025,2027-02-01,Not Started,0.0,False,0.0,2027-02-27,,Low,1,,0.0
SM-025,2027-02-08,Not Started,0.0,False,0.0,2027-02-27,,Low,2,,0.0
SM-025,2027-02-15,In Progress,0.0,False,0.0,2027-02-26,,Low,0,,0.0
SM-025,2027-02-22,In Progress,66.8,False,0.0,2027-02-26,,Low,1,,31093.0
SM-026,2026-12-07,Not Started,0.0,False,0.0,2027-02-06,,Low,0,,0.0
SM-026,2026-12-14,Not Started,0.0,False,0.0,2027-02-06,,Low,0,,0.0
SM-026,2026-12-21,Not Started,0.0,False,0.0,2027-02-06,,Low,0,,0.0
SM-026,2026-12-28,Not Started,0.0,False,0.0,2027-02-06,,Low,0,,0.0
SM-026,2027-01-04,Not Started,0.0,False,0.0,2027-02-06,,Low,2,,0.0
SM-026,2027-01-11,Not Started,0.0,False,0.0,2027-02-06,,Low,0,,0.0
SM-026,2027-01-18,Not Started,0.0,False,0.0,2027-02-06,,Low,0,,0.0
SM-026,2027-01-25,Not Started,0.0,False,0.0,2027-02-06,,Low,1,,0.0
SM-026,2027-02-01,In Progress,59.3,False,0.0,2027-02-05,,Low,0,,9381.0
SM-026,2027-02-08,Completed,100.0,False,0.0,2027-02-03,,Low,0,2027-02-03,15819.0
SM-026,2027-02-15,Completed,100.0,False,0.0,2027-02-03,,Low,0,2027-02-03,15819.0
SM-026,2027-02-22,Completed,100.0,False,0.0,2027-02-03,,Low,0,2027-02-03,15819.0
SM-027,2026-12-07,Not Started,0.0,False,0.0,2027-02-27,,Low,1,,0.0
SM-027,2026-12-14,Not Started,0.0,False,0.0,2027-02-27,,Low,0,,0.0
SM-027,2026-12-21,Not Started,0.0,False,0.0,2027-02-27,,Low,0,,0.0
SM-027,2026-12-28,Not Started,0.0,False,0.0,2027-02-27,,Low,2,,0.0
SM-027,2027-01-04,Not Started,0.0,False,0.0,2027-02-27,,Low,0,,0.0
SM-027,2027-01-11,Not Started,0.0,False,0.0,2027-02-27,,Low,1,,0.0
SM-027,2027-01-18,Not Started,0.0,False,0.0,2027-02-27,,Low,1,,0.0
SM-027,2027-01-25,Not Started,0.0,False,0.0,2027-02-27,,Low,0,,0.0
SM-027,2027-02-01,Not Started,0.0,False,0.0,2027-02-27,,Low,0,,0.0
SM-027,2027-02-08,Not Started,0.0,False,0.0,2027-02-27,,Low,0,,0.0
SM-027,2027-02-15,Not Started,0.0,False,0.0,2027-02-27,,Low,0,,0.0
SM-027,2027-02-22,In Progress,47.4,False,0.0,2027-02-26,,Low,2,,18846.0
SM-028,2026-12-07,Not Started,0.0,False,0.0,2027-02-27,,Low,0,,0.0
SM-028,2026-12-14,Not Started,0.0,False,0.0,2027-02-27,,Low,1,,0.0
SM-028,2026-12-21,Not Started,0.0,False,0.0,2027-02-27,,Low,0,,0.0
SM-028,2026-12-28,Not Started,0.0,False,0.0,2027-02-27,,Low,0,,0.0
SM-028,2027-01-04,Not Started,0.0,False,0.0,2027-02-27,,Low,0,,0.0
SM-028,2027-01-11,Not Started,0.0,False,0.0,2027-02-27,,Low,0,,0.0
SM-028,2027-01-18,Not Started,0.0,False,0.0,2027-02-27,,Low,1,,0.0
SM-028,2027-01-25,Not Started,0.0,False,0.0,2027-02-27,,Low,0,,0.0
SM-028,2027-02-01,Not Started,0.0,False,0.0,2027-02-27,,Low,0,,0.0
SM-028,2027-02-08,Not Started,0.0,False,0.0,2027-02-27,,Low,0,,0.0
SM-028,2027-02-15,Not Started,0.0,False,0.0,2027-02-27,,Low,0,,0.0
SM-028,2027-02-22,On Hold,21.5,True,21.0,2027-03-20,Vendor Delay,Critical,6,,3703.0
SM-029,2026-12-07,Not Started,0.0,False,0.0,2027-02-10,,Low,0,,0.0
SM-029,2026-12-14,Not Started,0.0,False,0.0,2027-02-10,,Low,1,,0.0
SM-029,2026-12-21,Not Started,0.0,False,0.0,2027-02-10,,Low,0,,0.0
SM-029,2026-12-28,Not Started,0.0,False,0.0,2027-02-10,,Low,0,,0.0
SM-029,2027-01-04,Not Started,0.0,False,0.0,2027-02-10,,Low,0,,0.0
SM-029,2027-01-11,Not Started,0.0,False,0.0,2027-02-10,,Low,0,,0.0
SM-029,2027-01-18,Not Started,0.0,False,0.0,2027-02-10,,Low,0,,0.0
SM-029,2027-01-25,Not Started,0.0,False,0.0,2027-02-10,,Low,1,,0.0
SM-029,2027-02-01,In Progress,29.1,False,0.0,2027-02-10,,Low,0,,1938.0
SM-029,2027-02-08,In Progress,94.3,False,0.0,2027-02-10,,Low,0,,6280.0
SM-029,2027-02-15,Completed,100.0,False,4.0,2027-02-14,Scope Change,Medium,0,2027-02-14,6660.0
SM-029,2027-02-22,Completed,100.0,False,4.0,2027-02-14,Scope Change,Medium,1,2027-02-14,6660.0
SM-030,2026-12-07,Not Started,0.0,False,0.0,2027-02-05,,Low,1,,0.0
SM-030,2026-12-14,Not Started,0.0,False,0.0,2027-02-05,,Low,0,,0.0
SM-030,2026-12-21,Not Started,0.0,False,0.0,2027-02-05,,Low,1,,0.0
SM-030,2026-12-28,Not Started,0.0,False,0.0,2027-02-05,,Low,0,,0.0
SM-030,2027-01-04,Not Started,0.0,False,0.0,2027-02-05,,Low,0,,0.0
SM-030,2027-01-11,Not Started,0.0,False,0.0,2027-02-05,,Low,0,,0.0
SM-030,2027-01-18,Not Started,0.0,False,0.0,2027-02-05,,Low,1,,0.0
SM-030,2027-01-25,Not Started,0.0,False,0.0,2027-02-05,,Low,1,,0.0
SM-030,2027-02-01,In Progress,15.9,False,7.0,2027-02-12,Vendor Delay,Medium,2,,24045.0
SM-030,2027-02-08,In Progress,77.7,False,7.0,2027-02-12,Vendor Delay,Medium,2,,117503.0
SM-030,2027-02-15,Completed,100.0,False,8.0,2027-02-13,Vendor Delay,High,1,2027-02-13,151226.0
SM-030,2027-02-22,Completed,100.0,False,8.0,2027-02-13,Vendor Delay,High,4,2027-02-13,151226.0
SM-031,2026-12-07,Not Started,0.0,False,0.0,2027-02-09,,Low,0,,0.0
SM-031,2026-12-14,Not Started,0.0,False,0.0,2027-02-09,,Low,1,,0.0
SM-031,2026-12-21,Not Started,0.0,False,0.0,2027-02-09,,Low,0,,0.0
SM-031,2026-12-28,Not Started,0.0,False,0.0,2027-02-09,,Low,0,,0.0
SM-031,2027-01-04,Not Started,0.0,False,0.0,2027-02-09,,Low,0,,0.0
SM-031,2027-01-11,Not Started,0.0,False,0.0,2027-02-09,,Low,1,,0.0
SM-031,2027-01-18,Not Started,0.0,False,0.0,2027-02-09,,Low,0,,0.0
SM-031,2027-01-25,Not Started,0.0,False,0.0,2027-02-09,,Low,0,,0.0
SM-031,2027-02-01,In Progress,44.6,False,0.0,2027-02-07,,Low,1,,40875.0
SM-031,2027-02-08,Completed,100.0,False,0.0,2027-02-02,,Low,0,2027-02-02,91649.0
SM-031,2027-02-15,Completed,100.0,False,0.0,2027-02-02,,Low,3,2027-02-02,91649.0
SM-031,2027-02-22,Completed,100.0,False,0.0,2027-02-02,,Low,0,2027-02-02,91649.0
SM-032,2026-12-07,Not Started,0.0,False,0.0,2027-02-27,,Low,0,,0.0
SM-032,2026-12-14,Not Started,0.0,False,0.0,2027-02-27,,Low,0,,0.0
SM-032,2026-12-21,Not Started,0.0,False,0.0,2027-02-27,,Low,0,,0.0
SM-032,2026-12-28,Not Started,0.0,False,0.0,2027-02-27,,Low,0,,0.0
SM-032,2027-01-04,Not Started,0.0,False,0.0,2027-02-27,,Low,0,,0.0
SM-032,2027-01-11,Not Started,0.0,False,0.0,2027-02-27,,Low,0,,0.0
SM-032,2027-01-18,Not Started,0.0,False,0.0,2027-02-27,,Low,0,,0.0
SM-032,2027-01-25,Not Started,0.0,False,0.0,2027-02-27,,Low,0,,0.0
SM-032,2027-02-01,Not Started,0.0,False,0.0,2027-02-27,,Low,2,,0.0
SM-032,2027-02-08,Not Started,0.0,False,0.0,2027-02-27,,Low,0,,0.0
SM-032,2027-02-15,Not Started,0.0,False,0.0,2027-02-27,,Low,0,,0.0
SM-032,2027-02-22,In Progress,50.7,False,0.0,2027-02-27,,Low,0,,4069.0
